snapshot_time,party_date,period,ride_id,ride_name,status,posted_wait_minutes,source_last_updated,weather_observed_time,temperature_f,feels_like_f,humidity_pct,precip_probability_pct,precipitation_in,rain_in,showers_in,weather_code,wind_mph,wind_gust_mph
2026-08-15T19:59:36.064411-04:00,2026-08-15,PARTY,96455de6-f4f1-403c-9391-bf8396979149,The Magic Carpets of Aladdin,OPERATING,15,2026-08-15T23:54:24.087Z,,,,,,,,,,,
2026-08-15T19:59:36.064411-04:00,2026-08-15,PARTY,73cb9445-0695-47a3-87ce-d08ae36b5f3c,Tiana's Bayou Adventure,OPERATING,40,2026-08-15T23:54:23.987Z,,,,,,,,,,,
2026-08-15T19:59:36.064411-04:00,2026-08-15,PARTY,e8f0b426-7645-4ea3-8b41-b94ae7091a41,"Monsters, Inc. Laugh Floor",OPERATING,10,2026-08-15T23:54:23.935Z,,,,,,,,,,,
2026-08-15T19:59:36.064411-04:00,2026-08-15,PARTY,30fe3c64-af71-4c66-a54b-aa61fd7af177,Swiss Family Treehouse,OPERATING,5,2026-08-15T12:03:52.989Z,,,,,,,,,,,
2026-08-15T19:59:36.064411-04:00,2026-08-15,PARTY,72c7343a-f7fb-4f66-95df-c91016de7338,Buzz Lightyear’s Space Ranger Spin,OPERATING,30,2026-08-15T23:58:57.328Z,,,,,,,,,,,
2026-08-15T19:59:36.064411-04:00,2026-08-15,PARTY,0f57cecf-5502-4503-8bc3-ba84d3708ace,Country Bear Musical Jamboree,OPERATING,10,2026-08-15T16:23:52.113Z,,,,,,,,,,,
2026-08-15T19:59:36.064411-04:00,2026-08-15,PARTY,f010bc01-b450-4476-a5f3-a5f2813104b2,Casey Jr. Splash 'N' Soak Station,CLOSED,,2026-08-15T22:00:00.629Z,,,,,,,,,,,
2026-08-15T19:59:36.064411-04:00,2026-08-15,PARTY,273ddb8d-e7b5-4e34-8657-1113f49262a5,Prince Charming Regal Carrousel,OPERATING,5,2026-08-15T21:42:19.285Z,,,,,,,,,,,
2026-08-15T19:59:36.064411-04:00,2026-08-15,PARTY,e76c93df-31af-49a5-8e2f-752c76c937c9,Enchanted Tales with Belle,CLOSED,,2026-08-15T23:30:59.893Z,,,,,,,,,,,
2026-08-15T19:59:36.064411-04:00,2026-08-15,PARTY,e39b831b-7731-49bb-815b-289b4f49a9fd,"Walt Disney World Railroad - Main Street, U.S.A.",OPERATING,15,2026-08-15T16:20:04.766Z,,,,,,,,,,,
2026-08-15T19:59:36.064411-04:00,2026-08-15,PARTY,8183f3f2-1b59-4b9c-b634-6a863bdf8d84,Walt Disney's Carousel of Progress,REFURBISHMENT,,2026-07-23T21:50:48.516Z,,,,,,,,,,,
2026-08-15T19:59:36.064411-04:00,2026-08-15,PARTY,e40ac396-cbac-43f4-8752-764ed60ccceb,Walt Disney World Railroad - Fantasyland,OPERATING,15,2026-08-15T16:04:09.487Z,,,,,,,,,,,
2026-08-15T19:59:36.064411-04:00,2026-08-15,PARTY,796b0a25-c51e-456e-9bb8-50a324e301b3,Jungle Cruise,OPERATING,25,2026-08-15T23:54:00.729Z,,,,,,,,,,,
2026-08-15T19:59:36.064411-04:00,2026-08-15,PARTY,7c5e1e02-3a44-4151-9005-44066d5ba1da,Mickey's PhilharMagic,OPERATING,15,2026-08-15T22:58:51.834Z,,,,,,,,,,,
2026-08-15T19:59:36.064411-04:00,2026-08-15,PARTY,2ebfb38c-5cb5-4de1-86c0-f7af14188022,The Hall of Presidents,OPERATING,15,2026-08-15T14:51:54.305Z,,,,,,,,,,,
2026-08-15T19:59:36.064411-04:00,2026-08-15,PARTY,6fd1e225-53a0-4a80-a577-4bbc9a471075,Walt Disney's Enchanted Tiki Room,OPERATING,10,2026-08-15T13:01:47.946Z,,,,,,,,,,,
2026-08-15T19:59:36.064411-04:00,2026-08-15,PARTY,de737ffc-306b-4f32-8bbb-34e5d370ec8f,A Pirate's Adventure ~ Treasures of the Seven Seas,CLOSED,,2026-08-15T22:01:00.479Z,,,,,,,,,,,
2026-08-15T19:59:36.064411-04:00,2026-08-15,PARTY,de3309ca-97d5-4211-bffe-739fed47e92f,Big Thunder Mountain Railroad,OPERATING,35,2026-08-15T23:38:57.833Z,,,,,,,,,,,
2026-08-15T19:59:36.064411-04:00,2026-08-15,PARTY,90d79335-c907-4069-a021-d0fe1ec73ae2,Cinderella Castle,OPERATING,,2026-08-15T12:00:00.469Z,,,,,,,,,,,
2026-08-15T19:59:36.064411-04:00,2026-08-15,PARTY,888fb4a4-7adf-47a1-8ba2-c258cc64fd75,Main Street Vehicles,CLOSED,,2026-08-15T20:01:06.089Z,,,,,,,,,,,
2026-08-15T19:59:36.064411-04:00,2026-08-15,PARTY,352feb94-e52e-45eb-9c92-e4b44c6b1a9d,Pirates of the Caribbean,OPERATING,15,2026-08-15T23:54:00.738Z,,,,,,,,,,,
2026-08-15T19:59:36.064411-04:00,2026-08-15,PARTY,0d94ad60-72f0-4551-83a6-ebaecdd89737,The Many Adventures of Winnie the Pooh,OPERATING,35,2026-08-15T23:54:58.111Z,,,,,,,,,,,
2026-08-15T19:59:36.064411-04:00,2026-08-15,PARTY,ffcfeaa2-1416-4920-a1ed-543c1a1695c4,Tomorrowland Transit Authority PeopleMover,OPERATING,20,2026-08-15T23:47:01.149Z,,,,,,,,,,,
2026-08-15T19:59:36.064411-04:00,2026-08-15,PARTY,86a41273-5f15-4b54-93b6-829f140e5161,Peter Pan's Flight,OPERATING,45,2026-08-15T23:54:24.063Z,,,,,,,,,,,
2026-08-15T19:59:36.064411-04:00,2026-08-15,PARTY,0aae716c-af13-4439-b638-d75fb1649df3,Mad Tea Party,OPERATING,5,2026-08-15T23:54:24.046Z,,,,,,,,,,,
2026-08-15T19:59:36.064411-04:00,2026-08-15,PARTY,924a3b2c-6b4b-49e5-99d3-e9dc3f2e8a48,The Barnstormer,OPERATING,10,2026-08-15T23:54:23.942Z,,,,,,,,,,,
2026-08-15T19:59:36.064411-04:00,2026-08-15,PARTY,5a43d1a7-ad53-4d25-abfe-25625f0da304,TRON Lightcycle / Run,OPERATING,75,2026-08-15T23:26:05.950Z,,,,,,,,,,,
2026-08-15T19:59:36.064411-04:00,2026-08-15,PARTY,9d4d5229-7142-44b6-b4fb-528920969a2c,Seven Dwarfs Mine Train,OPERATING,35,2026-08-15T23:56:58.799Z,,,,,,,,,,,
2026-08-15T19:59:36.064411-04:00,2026-08-15,PARTY,f5aad2d4-a419-4384-bd9a-42f86385c750,"""it's a small world""",OPERATING,20,2026-08-15T23:54:24.023Z,,,,,,,,,,,
2026-08-15T19:59:36.064411-04:00,2026-08-15,PARTY,2551a77d-023f-4ab1-9a19-8afec0190f39,Haunted Mansion,OPERATING,25,2026-08-15T23:54:24.079Z,,,,,,,,,,,
2026-08-15T19:59:36.064411-04:00,2026-08-15,PARTY,b2260923-9315-40fd-9c6b-44dd811dbe64,Space Mountain,OPERATING,55,2026-08-15T23:46:08.746Z,,,,,,,,,,,
2026-08-15T19:59:36.064411-04:00,2026-08-15,PARTY,d9d12438-d999-4482-894b-8955fdb20ccf,Astro Orbiter,OPERATING,25,2026-08-15T23:51:00.216Z,,,,,,,,,,,
2026-08-15T19:59:36.064411-04:00,2026-08-15,PARTY,f163ddcd-43e1-488d-8276-2381c1db0a39,Tomorrowland Speedway,OPERATING,20,2026-08-15T23:54:00.747Z,,,,,,,,,,,
2026-08-15T19:59:36.064411-04:00,2026-08-15,PARTY,890fa430-89c0-4a3f-96c9-11597888005e,Dumbo the Flying Elephant,OPERATING,20,2026-08-15T23:54:58.089Z,,,,,,,,,,,
2026-08-15T19:59:36.064411-04:00,2026-08-15,PARTY,3cba0cb4-e2a6-402c-93ee-c11ffcb127ef,Under the Sea - Journey of The Little Mermaid,OPERATING,20,2026-08-15T23:54:23.950Z,,,,,,,,,,,
2026-08-15T21:24:46.290603-04:00,2026-08-15,PARTY,96455de6-f4f1-403c-9391-bf8396979149,The Magic Carpets of Aladdin,OPERATING,5,2026-08-16T01:14:11.997Z,,,,,,,,,,,
2026-08-15T21:24:46.290603-04:00,2026-08-15,PARTY,e8f0b426-7645-4ea3-8b41-b94ae7091a41,"Monsters, Inc. Laugh Floor",OPERATING,10,2026-08-16T01:14:11.904Z,,,,,,,,,,,
2026-08-15T21:24:46.290603-04:00,2026-08-15,PARTY,73cb9445-0695-47a3-87ce-d08ae36b5f3c,Tiana's Bayou Adventure,OPERATING,25,2026-08-16T01:20:13.940Z,,,,,,,,,,,
2026-08-15T21:24:46.290603-04:00,2026-08-15,PARTY,30fe3c64-af71-4c66-a54b-aa61fd7af177,Swiss Family Treehouse,OPERATING,5,2026-08-15T12:03:52.989Z,,,,,,,,,,,
2026-08-15T21:24:46.290603-04:00,2026-08-15,PARTY,72c7343a-f7fb-4f66-95df-c91016de7338,Buzz Lightyear’s Space Ranger Spin,OPERATING,35,2026-08-16T01:23:58.640Z,,,,,,,,,,,
2026-08-15T21:24:46.290603-04:00,2026-08-15,PARTY,0f57cecf-5502-4503-8bc3-ba84d3708ace,Country Bear Musical Jamboree,OPERATING,10,2026-08-15T16:23:52.113Z,,,,,,,,,,,
2026-08-15T21:24:46.290603-04:00,2026-08-15,PARTY,f010bc01-b450-4476-a5f3-a5f2813104b2,Casey Jr. Splash 'N' Soak Station,CLOSED,,2026-08-15T22:00:00.629Z,,,,,,,,,,,
2026-08-15T21:24:46.290603-04:00,2026-08-15,PARTY,273ddb8d-e7b5-4e34-8657-1113f49262a5,Prince Charming Regal Carrousel,OPERATING,10,2026-08-16T00:41:01.026Z,,,,,,,,,,,
2026-08-15T21:24:46.290603-04:00,2026-08-15,PARTY,e76c93df-31af-49a5-8e2f-752c76c937c9,Enchanted Tales with Belle,CLOSED,,2026-08-15T23:30:59.893Z,,,,,,,,,,,
2026-08-15T21:24:46.290603-04:00,2026-08-15,PARTY,2ebfb38c-5cb5-4de1-86c0-f7af14188022,The Hall of Presidents,CLOSED,,2026-08-16T01:01:02.647Z,,,,,,,,,,,
2026-08-15T21:24:46.290603-04:00,2026-08-15,PARTY,e39b831b-7731-49bb-815b-289b4f49a9fd,"Walt Disney World Railroad - Main Street, U.S.A.",CLOSED,,2026-08-16T00:46:13.470Z,,,,,,,,,,,
2026-08-15T21:24:46.290603-04:00,2026-08-15,PARTY,8183f3f2-1b59-4b9c-b634-6a863bdf8d84,Walt Disney's Carousel of Progress,REFURBISHMENT,,2026-07-23T21:50:48.516Z,,,,,,,,,,,
2026-08-15T21:24:46.290603-04:00,2026-08-15,PARTY,e40ac396-cbac-43f4-8752-764ed60ccceb,Walt Disney World Railroad - Fantasyland,CLOSED,,2026-08-16T00:46:13.447Z,,,,,,,,,,,
2026-08-15T21:24:46.290603-04:00,2026-08-15,PARTY,796b0a25-c51e-456e-9bb8-50a324e301b3,Jungle Cruise,OPERATING,15,2026-08-16T01:09:59.821Z,,,,,,,,,,,
2026-08-15T21:24:46.290603-04:00,2026-08-15,PARTY,6fd1e225-53a0-4a80-a577-4bbc9a471075,Walt Disney's Enchanted Tiki Room,OPERATING,10,2026-08-15T13:01:47.946Z,,,,,,,,,,,
2026-08-15T21:24:46.290603-04:00,2026-08-15,PARTY,de737ffc-306b-4f32-8bbb-34e5d370ec8f,A Pirate's Adventure ~ Treasures of the Seven Seas,CLOSED,,2026-08-15T22:01:00.479Z,,,,,,,,,,,
2026-08-15T21:24:46.290603-04:00,2026-08-15,PARTY,de3309ca-97d5-4211-bffe-739fed47e92f,Big Thunder Mountain Railroad,OPERATING,25,2026-08-16T01:23:58.632Z,,,,,,,,,,,
2026-08-15T21:24:46.290603-04:00,2026-08-15,PARTY,90d79335-c907-4069-a021-d0fe1ec73ae2,Cinderella Castle,OPERATING,,2026-08-15T12:00:00.469Z,,,,,,,,,,,
2026-08-15T21:24:46.290603-04:00,2026-08-15,PARTY,888fb4a4-7adf-47a1-8ba2-c258cc64fd75,Main Street Vehicles,CLOSED,,2026-08-15T20:01:06.089Z,,,,,,,,,,,
2026-08-15T21:24:46.290603-04:00,2026-08-15,PARTY,0d94ad60-72f0-4551-83a6-ebaecdd89737,The Many Adventures of Winnie the Pooh,OPERATING,20,2026-08-16T01:14:01.908Z,,,,,,,,,,,
2026-08-15T21:24:46.290603-04:00,2026-08-15,PARTY,352feb94-e52e-45eb-9c92-e4b44c6b1a9d,Pirates of the Caribbean,OPERATING,5,2026-08-16T01:20:13.964Z,,,,,,,,,,,
2026-08-15T21:24:46.290603-04:00,2026-08-15,PARTY,ffcfeaa2-1416-4920-a1ed-543c1a1695c4,Tomorrowland Transit Authority PeopleMover,OPERATING,10,2026-08-16T00:57:06.099Z,,,,,,,,,,,
2026-08-15T21:24:46.290603-04:00,2026-08-15,PARTY,86a41273-5f15-4b54-93b6-829f140e5161,Peter Pan's Flight,OPERATING,30,2026-08-16T01:18:01.057Z,,,,,,,,,,,
2026-08-15T21:24:46.290603-04:00,2026-08-15,PARTY,0aae716c-af13-4439-b638-d75fb1649df3,Mad Tea Party,OPERATING,5,2026-08-16T01:15:00.358Z,,,,,,,,,,,
2026-08-15T21:24:46.290603-04:00,2026-08-15,PARTY,7c5e1e02-3a44-4151-9005-44066d5ba1da,Mickey's PhilharMagic,OPERATING,15,2026-08-16T00:24:01.522Z,,,,,,,,,,,
2026-08-15T21:24:46.290603-04:00,2026-08-15,PARTY,924a3b2c-6b4b-49e5-99d3-e9dc3f2e8a48,The Barnstormer,OPERATING,5,2026-08-16T01:20:13.903Z,,,,,,,,,,,
2026-08-15T21:24:46.290603-04:00,2026-08-15,PARTY,5a43d1a7-ad53-4d25-abfe-25625f0da304,TRON Lightcycle / Run,OPERATING,80,2026-08-16T01:14:01.852Z,,,,,,,,,,,
2026-08-15T21:24:46.290603-04:00,2026-08-15,PARTY,9d4d5229-7142-44b6-b4fb-528920969a2c,Seven Dwarfs Mine Train,OPERATING,35,2026-08-16T01:16:57.899Z,,,,,,,,,,,
2026-08-15T21:24:46.290603-04:00,2026-08-15,PARTY,2551a77d-023f-4ab1-9a19-8afec0190f39,Haunted Mansion,OPERATING,15,2026-08-16T01:09:38.629Z,,,,,,,,,,,
2026-08-15T21:24:46.290603-04:00,2026-08-15,PARTY,f5aad2d4-a419-4384-bd9a-42f86385c750,"""it's a small world""",OPERATING,5,2026-08-16T01:20:13.956Z,,,,,,,,,,,
2026-08-15T21:24:46.290603-04:00,2026-08-15,PARTY,b2260923-9315-40fd-9c6b-44dd811dbe64,Space Mountain,OPERATING,45,2026-08-16T01:16:03.081Z,,,,,,,,,,,
2026-08-15T21:24:46.290603-04:00,2026-08-15,PARTY,d9d12438-d999-4482-894b-8955fdb20ccf,Astro Orbiter,OPERATING,15,2026-08-16T00:57:06.089Z,,,,,,,,,,,
2026-08-15T21:24:46.290603-04:00,2026-08-15,PARTY,f163ddcd-43e1-488d-8276-2381c1db0a39,Tomorrowland Speedway,OPERATING,10,2026-08-16T01:20:13.978Z,,,,,,,,,,,
2026-08-15T21:24:46.290603-04:00,2026-08-15,PARTY,890fa430-89c0-4a3f-96c9-11597888005e,Dumbo the Flying Elephant,OPERATING,5,2026-08-16T01:20:13.948Z,,,,,,,,,,,
2026-08-15T21:24:46.290603-04:00,2026-08-15,PARTY,3cba0cb4-e2a6-402c-93ee-c11ffcb127ef,Under the Sea - Journey of The Little Mermaid,OPERATING,5,2026-08-16T01:20:13.911Z,,,,,,,,,,,
2026-08-15T21:25:12.241366-04:00,2026-08-15,PARTY,96455de6-f4f1-403c-9391-bf8396979149,The Magic Carpets of Aladdin,OPERATING,5,2026-08-16T01:14:11.997Z,,,,,,,,,,,
2026-08-15T21:25:12.241366-04:00,2026-08-15,PARTY,e8f0b426-7645-4ea3-8b41-b94ae7091a41,"Monsters, Inc. Laugh Floor",OPERATING,10,2026-08-16T01:14:11.904Z,,,,,,,,,,,
2026-08-15T21:25:12.241366-04:00,2026-08-15,PARTY,73cb9445-0695-47a3-87ce-d08ae36b5f3c,Tiana's Bayou Adventure,OPERATING,25,2026-08-16T01:20:13.940Z,,,,,,,,,,,
2026-08-15T21:25:12.241366-04:00,2026-08-15,PARTY,30fe3c64-af71-4c66-a54b-aa61fd7af177,Swiss Family Treehouse,OPERATING,5,2026-08-15T12:03:52.989Z,,,,,,,,,,,
2026-08-15T21:25:12.241366-04:00,2026-08-15,PARTY,72c7343a-f7fb-4f66-95df-c91016de7338,Buzz Lightyear’s Space Ranger Spin,OPERATING,35,2026-08-16T01:23:58.640Z,,,,,,,,,,,
2026-08-15T21:25:12.241366-04:00,2026-08-15,PARTY,0f57cecf-5502-4503-8bc3-ba84d3708ace,Country Bear Musical Jamboree,OPERATING,10,2026-08-15T16:23:52.113Z,,,,,,,,,,,
2026-08-15T21:25:12.241366-04:00,2026-08-15,PARTY,f010bc01-b450-4476-a5f3-a5f2813104b2,Casey Jr. Splash 'N' Soak Station,CLOSED,,2026-08-15T22:00:00.629Z,,,,,,,,,,,
2026-08-15T21:25:12.241366-04:00,2026-08-15,PARTY,273ddb8d-e7b5-4e34-8657-1113f49262a5,Prince Charming Regal Carrousel,OPERATING,10,2026-08-16T00:41:01.026Z,,,,,,,,,,,
2026-08-15T21:25:12.241366-04:00,2026-08-15,PARTY,e76c93df-31af-49a5-8e2f-752c76c937c9,Enchanted Tales with Belle,CLOSED,,2026-08-15T23:30:59.893Z,,,,,,,,,,,
2026-08-15T21:25:12.241366-04:00,2026-08-15,PARTY,2ebfb38c-5cb5-4de1-86c0-f7af14188022,The Hall of Presidents,CLOSED,,2026-08-16T01:01:02.647Z,,,,,,,,,,,
2026-08-15T21:25:12.241366-04:00,2026-08-15,PARTY,e39b831b-7731-49bb-815b-289b4f49a9fd,"Walt Disney World Railroad - Main Street, U.S.A.",CLOSED,,2026-08-16T00:46:13.470Z,,,,,,,,,,,
2026-08-15T21:25:12.241366-04:00,2026-08-15,PARTY,8183f3f2-1b59-4b9c-b634-6a863bdf8d84,Walt Disney's Carousel of Progress,REFURBISHMENT,,2026-07-23T21:50:48.516Z,,,,,,,,,,,
2026-08-15T21:25:12.241366-04:00,2026-08-15,PARTY,e40ac396-cbac-43f4-8752-764ed60ccceb,Walt Disney World Railroad - Fantasyland,CLOSED,,2026-08-16T00:46:13.447Z,,,,,,,,,,,
2026-08-15T21:25:12.241366-04:00,2026-08-15,PARTY,796b0a25-c51e-456e-9bb8-50a324e301b3,Jungle Cruise,OPERATING,15,2026-08-16T01:09:59.821Z,,,,,,,,,,,
2026-08-15T21:25:12.241366-04:00,2026-08-15,PARTY,6fd1e225-53a0-4a80-a577-4bbc9a471075,Walt Disney's Enchanted Tiki Room,OPERATING,10,2026-08-15T13:01:47.946Z,,,,,,,,,,,
2026-08-15T21:25:12.241366-04:00,2026-08-15,PARTY,de737ffc-306b-4f32-8bbb-34e5d370ec8f,A Pirate's Adventure ~ Treasures of the Seven Seas,CLOSED,,2026-08-15T22:01:00.479Z,,,,,,,,,,,
2026-08-15T21:25:12.241366-04:00,2026-08-15,PARTY,de3309ca-97d5-4211-bffe-739fed47e92f,Big Thunder Mountain Railroad,OPERATING,25,2026-08-16T01:23:58.632Z,,,,,,,,,,,
2026-08-15T21:25:12.241366-04:00,2026-08-15,PARTY,90d79335-c907-4069-a021-d0fe1ec73ae2,Cinderella Castle,OPERATING,,2026-08-15T12:00:00.469Z,,,,,,,,,,,
2026-08-15T21:25:12.241366-04:00,2026-08-15,PARTY,888fb4a4-7adf-47a1-8ba2-c258cc64fd75,Main Street Vehicles,CLOSED,,2026-08-15T20:01:06.089Z,,,,,,,,,,,
2026-08-15T21:25:12.241366-04:00,2026-08-15,PARTY,0d94ad60-72f0-4551-83a6-ebaecdd89737,The Many Adventures of Winnie the Pooh,OPERATING,20,2026-08-16T01:14:01.908Z,,,,,,,,,,,
2026-08-15T21:25:12.241366-04:00,2026-08-15,PARTY,352feb94-e52e-45eb-9c92-e4b44c6b1a9d,Pirates of the Caribbean,OPERATING,5,2026-08-16T01:20:13.964Z,,,,,,,,,,,
2026-08-15T21:25:12.241366-04:00,2026-08-15,PARTY,ffcfeaa2-1416-4920-a1ed-543c1a1695c4,Tomorrowland Transit Authority PeopleMover,OPERATING,10,2026-08-16T00:57:06.099Z,,,,,,,,,,,
2026-08-15T21:25:12.241366-04:00,2026-08-15,PARTY,86a41273-5f15-4b54-93b6-829f140e5161,Peter Pan's Flight,OPERATING,30,2026-08-16T01:18:01.057Z,,,,,,,,,,,
2026-08-15T21:25:12.241366-04:00,2026-08-15,PARTY,0aae716c-af13-4439-b638-d75fb1649df3,Mad Tea Party,OPERATING,5,2026-08-16T01:15:00.358Z,,,,,,,,,,,
2026-08-15T21:25:12.241366-04:00,2026-08-15,PARTY,7c5e1e02-3a44-4151-9005-44066d5ba1da,Mickey's PhilharMagic,OPERATING,15,2026-08-16T00:24:01.522Z,,,,,,,,,,,
2026-08-15T21:25:12.241366-04:00,2026-08-15,PARTY,924a3b2c-6b4b-49e5-99d3-e9dc3f2e8a48,The Barnstormer,OPERATING,5,2026-08-16T01:20:13.903Z,,,,,,,,,,,
2026-08-15T21:25:12.241366-04:00,2026-08-15,PARTY,5a43d1a7-ad53-4d25-abfe-25625f0da304,TRON Lightcycle / Run,OPERATING,80,2026-08-16T01:14:01.852Z,,,,,,,,,,,
2026-08-15T21:25:12.241366-04:00,2026-08-15,PARTY,9d4d5229-7142-44b6-b4fb-528920969a2c,Seven Dwarfs Mine Train,OPERATING,35,2026-08-16T01:16:57.899Z,,,,,,,,,,,
2026-08-15T21:25:12.241366-04:00,2026-08-15,PARTY,2551a77d-023f-4ab1-9a19-8afec0190f39,Haunted Mansion,OPERATING,15,2026-08-16T01:09:38.629Z,,,,,,,,,,,
2026-08-15T21:25:12.241366-04:00,2026-08-15,PARTY,f5aad2d4-a419-4384-bd9a-42f86385c750,"""it's a small world""",OPERATING,5,2026-08-16T01:20:13.956Z,,,,,,,,,,,
2026-08-15T21:25:12.241366-04:00,2026-08-15,PARTY,b2260923-9315-40fd-9c6b-44dd811dbe64,Space Mountain,OPERATING,45,2026-08-16T01:16:03.081Z,,,,,,,,,,,
2026-08-15T21:25:12.241366-04:00,2026-08-15,PARTY,d9d12438-d999-4482-894b-8955fdb20ccf,Astro Orbiter,OPERATING,15,2026-08-16T00:57:06.089Z,,,,,,,,,,,
2026-08-15T21:25:12.241366-04:00,2026-08-15,PARTY,f163ddcd-43e1-488d-8276-2381c1db0a39,Tomorrowland Speedway,OPERATING,10,2026-08-16T01:20:13.978Z,,,,,,,,,,,
2026-08-15T21:25:12.241366-04:00,2026-08-15,PARTY,890fa430-89c0-4a3f-96c9-11597888005e,Dumbo the Flying Elephant,OPERATING,5,2026-08-16T01:20:13.948Z,,,,,,,,,,,
2026-08-15T21:25:12.241366-04:00,2026-08-15,PARTY,3cba0cb4-e2a6-402c-93ee-c11ffcb127ef,Under the Sea - Journey of The Little Mermaid,OPERATING,5,2026-08-16T01:20:13.911Z,,,,,,,,,,,
2026-08-15T21:30:16.153328-04:00,2026-08-15,PARTY,96455de6-f4f1-403c-9391-bf8396979149,The Magic Carpets of Aladdin,OPERATING,5,2026-08-16T01:25:10.901Z,,,,,,,,,,,
2026-08-15T21:30:16.153328-04:00,2026-08-15,PARTY,e8f0b426-7645-4ea3-8b41-b94ae7091a41,"Monsters, Inc. Laugh Floor",OPERATING,10,2026-08-16T01:25:10.791Z,,,,,,,,,,,
2026-08-15T21:30:16.153328-04:00,2026-08-15,PARTY,30fe3c64-af71-4c66-a54b-aa61fd7af177,Swiss Family Treehouse,OPERATING,5,2026-08-15T12:03:52.989Z,,,,,,,,,,,
2026-08-15T21:30:16.153328-04:00,2026-08-15,PARTY,72c7343a-f7fb-4f66-95df-c91016de7338,Buzz Lightyear’s Space Ranger Spin,OPERATING,35,2026-08-16T01:23:58.640Z,,,,,,,,,,,
2026-08-15T21:30:16.153328-04:00,2026-08-15,PARTY,0f57cecf-5502-4503-8bc3-ba84d3708ace,Country Bear Musical Jamboree,OPERATING,10,2026-08-15T16:23:52.113Z,,,,,,,,,,,
2026-08-15T21:30:16.153328-04:00,2026-08-15,PARTY,f010bc01-b450-4476-a5f3-a5f2813104b2,Casey Jr. Splash 'N' Soak Station,CLOSED,,2026-08-15T22:00:00.629Z,,,,,,,,,,,
2026-08-15T21:30:16.153328-04:00,2026-08-15,PARTY,273ddb8d-e7b5-4e34-8657-1113f49262a5,Prince Charming Regal Carrousel,OPERATING,10,2026-08-16T00:41:01.026Z,,,,,,,,,,,
2026-08-15T21:30:16.153328-04:00,2026-08-15,PARTY,e76c93df-31af-49a5-8e2f-752c76c937c9,Enchanted Tales with Belle,CLOSED,,2026-08-15T23:30:59.893Z,,,,,,,,,,,
2026-08-15T21:30:16.153328-04:00,2026-08-15,PARTY,2ebfb38c-5cb5-4de1-86c0-f7af14188022,The Hall of Presidents,CLOSED,,2026-08-16T01:01:02.647Z,,,,,,,,,,,
2026-08-15T21:30:16.153328-04:00,2026-08-15,PARTY,e39b831b-7731-49bb-815b-289b4f49a9fd,"Walt Disney World Railroad - Main Street, U.S.A.",CLOSED,,2026-08-16T00:46:13.470Z,,,,,,,,,,,
2026-08-15T21:30:16.153328-04:00,2026-08-15,PARTY,8183f3f2-1b59-4b9c-b634-6a863bdf8d84,Walt Disney's Carousel of Progress,REFURBISHMENT,,2026-07-23T21:50:48.516Z,,,,,,,,,,,
2026-08-15T21:30:16.153328-04:00,2026-08-15,PARTY,e40ac396-cbac-43f4-8752-764ed60ccceb,Walt Disney World Railroad - Fantasyland,CLOSED,,2026-08-16T00:46:13.447Z,,,,,,,,,,,
2026-08-15T21:30:16.153328-04:00,2026-08-15,PARTY,796b0a25-c51e-456e-9bb8-50a324e301b3,Jungle Cruise,OPERATING,15,2026-08-16T01:09:59.821Z,,,,,,,,,,,
2026-08-15T21:30:16.153328-04:00,2026-08-15,PARTY,6fd1e225-53a0-4a80-a577-4bbc9a471075,Walt Disney's Enchanted Tiki Room,OPERATING,10,2026-08-15T13:01:47.946Z,,,,,,,,,,,
2026-08-15T21:30:16.153328-04:00,2026-08-15,PARTY,de737ffc-306b-4f32-8bbb-34e5d370ec8f,A Pirate's Adventure ~ Treasures of the Seven Seas,CLOSED,,2026-08-15T22:01:00.479Z,,,,,,,,,,,
2026-08-15T21:30:16.153328-04:00,2026-08-15,PARTY,de3309ca-97d5-4211-bffe-739fed47e92f,Big Thunder Mountain Railroad,OPERATING,25,2026-08-16T01:23:58.632Z,,,,,,,,,,,
2026-08-15T21:30:16.153328-04:00,2026-08-15,PARTY,73cb9445-0695-47a3-87ce-d08ae36b5f3c,Tiana's Bayou Adventure,OPERATING,15,2026-08-16T01:28:06.768Z,,,,,,,,,,,
2026-08-15T21:30:16.153328-04:00,2026-08-15,PARTY,90d79335-c907-4069-a021-d0fe1ec73ae2,Cinderella Castle,OPERATING,,2026-08-15T12:00:00.469Z,,,,,,,,,,,
2026-08-15T21:30:16.153328-04:00,2026-08-15,PARTY,888fb4a4-7adf-47a1-8ba2-c258cc64fd75,Main Street Vehicles,CLOSED,,2026-08-15T20:01:06.089Z,,,,,,,,,,,
2026-08-15T21:30:16.153328-04:00,2026-08-15,PARTY,0d94ad60-72f0-4551-83a6-ebaecdd89737,The Many Adventures of Winnie the Pooh,OPERATING,20,2026-08-16T01:14:01.908Z,,,,,,,,,,,
2026-08-15T21:30:16.153328-04:00,2026-08-15,PARTY,352feb94-e52e-45eb-9c92-e4b44c6b1a9d,Pirates of the Caribbean,OPERATING,5,2026-08-16T01:29:18.519Z,,,,,,,,,,,
2026-08-15T21:30:16.153328-04:00,2026-08-15,PARTY,ffcfeaa2-1416-4920-a1ed-543c1a1695c4,Tomorrowland Transit Authority PeopleMover,OPERATING,10,2026-08-16T00:57:06.099Z,,,,,,,,,,,
2026-08-15T21:30:16.153328-04:00,2026-08-15,PARTY,86a41273-5f15-4b54-93b6-829f140e5161,Peter Pan's Flight,OPERATING,30,2026-08-16T01:18:01.057Z,,,,,,,,,,,
2026-08-15T21:30:16.153328-04:00,2026-08-15,PARTY,0aae716c-af13-4439-b638-d75fb1649df3,Mad Tea Party,OPERATING,5,2026-08-16T01:25:10.858Z,,,,,,,,,,,
2026-08-15T21:30:16.153328-04:00,2026-08-15,PARTY,7c5e1e02-3a44-4151-9005-44066d5ba1da,Mickey's PhilharMagic,OPERATING,15,2026-08-16T00:24:01.522Z,,,,,,,,,,,
2026-08-15T21:30:16.153328-04:00,2026-08-15,PARTY,924a3b2c-6b4b-49e5-99d3-e9dc3f2e8a48,The Barnstormer,OPERATING,5,2026-08-16T01:29:18.468Z,,,,,,,,,,,
2026-08-15T21:30:16.153328-04:00,2026-08-15,PARTY,5a43d1a7-ad53-4d25-abfe-25625f0da304,TRON Lightcycle / Run,OPERATING,80,2026-08-16T01:14:01.852Z,,,,,,,,,,,
2026-08-15T21:30:16.153328-04:00,2026-08-15,PARTY,9d4d5229-7142-44b6-b4fb-528920969a2c,Seven Dwarfs Mine Train,OPERATING,35,2026-08-16T01:16:57.899Z,,,,,,,,,,,
2026-08-15T21:30:16.153328-04:00,2026-08-15,PARTY,2551a77d-023f-4ab1-9a19-8afec0190f39,Haunted Mansion,OPERATING,15,2026-08-16T01:26:58.914Z,,,,,,,,,,,
2026-08-15T21:30:16.153328-04:00,2026-08-15,PARTY,f5aad2d4-a419-4384-bd9a-42f86385c750,"""it's a small world""",OPERATING,5,2026-08-16T01:29:18.510Z,,,,,,,,,,,
2026-08-15T21:30:16.153328-04:00,2026-08-15,PARTY,b2260923-9315-40fd-9c6b-44dd811dbe64,Space Mountain,OPERATING,45,2026-08-16T01:25:10.875Z,,,,,,,,,,,
2026-08-15T21:30:16.153328-04:00,2026-08-15,PARTY,d9d12438-d999-4482-894b-8955fdb20ccf,Astro Orbiter,OPERATING,15,2026-08-16T00:57:06.089Z,,,,,,,,,,,
2026-08-15T21:30:16.153328-04:00,2026-08-15,PARTY,f163ddcd-43e1-488d-8276-2381c1db0a39,Tomorrowland Speedway,OPERATING,5,2026-08-16T01:29:18.535Z,,,,,,,,,,,
2026-08-15T21:30:16.153328-04:00,2026-08-15,PARTY,890fa430-89c0-4a3f-96c9-11597888005e,Dumbo the Flying Elephant,OPERATING,5,2026-08-16T01:29:18.502Z,,,,,,,,,,,
2026-08-15T21:30:16.153328-04:00,2026-08-15,PARTY,3cba0cb4-e2a6-402c-93ee-c11ffcb127ef,Under the Sea - Journey of The Little Mermaid,OPERATING,5,2026-08-16T01:29:18.476Z,,,,,,,,,,,
2026-08-15T21:35:12.534885-04:00,2026-08-15,PARTY,96455de6-f4f1-403c-9391-bf8396979149,The Magic Carpets of Aladdin,OPERATING,5,2026-08-16T01:33:38.859Z,,,,,,,,,,,
2026-08-15T21:35:12.534885-04:00,2026-08-15,PARTY,e8f0b426-7645-4ea3-8b41-b94ae7091a41,"Monsters, Inc. Laugh Floor",OPERATING,10,2026-08-16T01:33:38.769Z,,,,,,,,,,,
2026-08-15T21:35:12.534885-04:00,2026-08-15,PARTY,30fe3c64-af71-4c66-a54b-aa61fd7af177,Swiss Family Treehouse,OPERATING,5,2026-08-15T12:03:52.989Z,,,,,,,,,,,
2026-08-15T21:35:12.534885-04:00,2026-08-15,PARTY,72c7343a-f7fb-4f66-95df-c91016de7338,Buzz Lightyear’s Space Ranger Spin,OPERATING,35,2026-08-16T01:23:58.640Z,,,,,,,,,,,
2026-08-15T21:35:12.534885-04:00,2026-08-15,PARTY,0f57cecf-5502-4503-8bc3-ba84d3708ace,Country Bear Musical Jamboree,OPERATING,10,2026-08-15T16:23:52.113Z,,,,,,,,,,,
2026-08-15T21:35:12.534885-04:00,2026-08-15,PARTY,f010bc01-b450-4476-a5f3-a5f2813104b2,Casey Jr. Splash 'N' Soak Station,CLOSED,,2026-08-15T22:00:00.629Z,,,,,,,,,,,
2026-08-15T21:35:12.534885-04:00,2026-08-15,PARTY,273ddb8d-e7b5-4e34-8657-1113f49262a5,Prince Charming Regal Carrousel,OPERATING,10,2026-08-16T00:41:01.026Z,,,,,,,,,,,
2026-08-15T21:35:12.534885-04:00,2026-08-15,PARTY,e76c93df-31af-49a5-8e2f-752c76c937c9,Enchanted Tales with Belle,CLOSED,,2026-08-15T23:30:59.893Z,,,,,,,,,,,
2026-08-15T21:35:12.534885-04:00,2026-08-15,PARTY,2ebfb38c-5cb5-4de1-86c0-f7af14188022,The Hall of Presidents,CLOSED,,2026-08-16T01:01:02.647Z,,,,,,,,,,,
2026-08-15T21:35:12.534885-04:00,2026-08-15,PARTY,e39b831b-7731-49bb-815b-289b4f49a9fd,"Walt Disney World Railroad - Main Street, U.S.A.",CLOSED,,2026-08-16T00:46:13.470Z,,,,,,,,,,,
2026-08-15T21:35:12.534885-04:00,2026-08-15,PARTY,8183f3f2-1b59-4b9c-b634-6a863bdf8d84,Walt Disney's Carousel of Progress,REFURBISHMENT,,2026-07-23T21:50:48.516Z,,,,,,,,,,,
2026-08-15T21:35:12.534885-04:00,2026-08-15,PARTY,e40ac396-cbac-43f4-8752-764ed60ccceb,Walt Disney World Railroad - Fantasyland,CLOSED,,2026-08-16T00:46:13.447Z,,,,,,,,,,,
2026-08-15T21:35:12.534885-04:00,2026-08-15,PARTY,796b0a25-c51e-456e-9bb8-50a324e301b3,Jungle Cruise,OPERATING,15,2026-08-16T01:09:59.821Z,,,,,,,,,,,
2026-08-15T21:35:12.534885-04:00,2026-08-15,PARTY,6fd1e225-53a0-4a80-a577-4bbc9a471075,Walt Disney's Enchanted Tiki Room,OPERATING,10,2026-08-15T13:01:47.946Z,,,,,,,,,,,
2026-08-15T21:35:12.534885-04:00,2026-08-15,PARTY,de737ffc-306b-4f32-8bbb-34e5d370ec8f,A Pirate's Adventure ~ Treasures of the Seven Seas,CLOSED,,2026-08-15T22:01:00.479Z,,,,,,,,,,,
2026-08-15T21:35:12.534885-04:00,2026-08-15,PARTY,de3309ca-97d5-4211-bffe-739fed47e92f,Big Thunder Mountain Railroad,OPERATING,25,2026-08-16T01:23:58.632Z,,,,,,,,,,,
2026-08-15T21:35:12.534885-04:00,2026-08-15,PARTY,73cb9445-0695-47a3-87ce-d08ae36b5f3c,Tiana's Bayou Adventure,OPERATING,15,2026-08-16T01:28:06.768Z,,,,,,,,,,,
2026-08-15T21:35:12.534885-04:00,2026-08-15,PARTY,90d79335-c907-4069-a021-d0fe1ec73ae2,Cinderella Castle,OPERATING,,2026-08-15T12:00:00.469Z,,,,,,,,,,,
2026-08-15T21:35:12.534885-04:00,2026-08-15,PARTY,888fb4a4-7adf-47a1-8ba2-c258cc64fd75,Main Street Vehicles,CLOSED,,2026-08-15T20:01:06.089Z,,,,,,,,,,,
2026-08-15T21:35:12.534885-04:00,2026-08-15,PARTY,0d94ad60-72f0-4551-83a6-ebaecdd89737,The Many Adventures of Winnie the Pooh,OPERATING,20,2026-08-16T01:14:01.908Z,,,,,,,,,,,
2026-08-15T21:35:12.534885-04:00,2026-08-15,PARTY,352feb94-e52e-45eb-9c92-e4b44c6b1a9d,Pirates of the Caribbean,OPERATING,5,2026-08-16T01:33:38.840Z,,,,,,,,,,,
2026-08-15T21:35:12.534885-04:00,2026-08-15,PARTY,ffcfeaa2-1416-4920-a1ed-543c1a1695c4,Tomorrowland Transit Authority PeopleMover,OPERATING,10,2026-08-16T00:57:06.099Z,,,,,,,,,,,
2026-08-15T21:35:12.534885-04:00,2026-08-15,PARTY,86a41273-5f15-4b54-93b6-829f140e5161,Peter Pan's Flight,OPERATING,20,2026-08-16T01:30:58.908Z,,,,,,,,,,,
2026-08-15T21:35:12.534885-04:00,2026-08-15,PARTY,0aae716c-af13-4439-b638-d75fb1649df3,Mad Tea Party,OPERATING,5,2026-08-16T01:33:38.832Z,,,,,,,,,,,
2026-08-15T21:35:12.534885-04:00,2026-08-15,PARTY,7c5e1e02-3a44-4151-9005-44066d5ba1da,Mickey's PhilharMagic,OPERATING,15,2026-08-16T00:24:01.522Z,,,,,,,,,,,
2026-08-15T21:35:12.534885-04:00,2026-08-15,PARTY,924a3b2c-6b4b-49e5-99d3-e9dc3f2e8a48,The Barnstormer,OPERATING,5,2026-08-16T01:33:38.778Z,,,,,,,,,,,
2026-08-15T21:35:12.534885-04:00,2026-08-15,PARTY,5a43d1a7-ad53-4d25-abfe-25625f0da304,TRON Lightcycle / Run,OPERATING,80,2026-08-16T01:14:01.852Z,,,,,,,,,,,
2026-08-15T21:35:12.534885-04:00,2026-08-15,PARTY,9d4d5229-7142-44b6-b4fb-528920969a2c,Seven Dwarfs Mine Train,OPERATING,35,2026-08-16T01:16:57.899Z,,,,,,,,,,,
2026-08-15T21:35:12.534885-04:00,2026-08-15,PARTY,f5aad2d4-a419-4384-bd9a-42f86385c750,"""it's a small world""",OPERATING,5,2026-08-16T01:33:38.825Z,,,,,,,,,,,
2026-08-15T21:35:12.534885-04:00,2026-08-15,PARTY,2551a77d-023f-4ab1-9a19-8afec0190f39,Haunted Mansion,OPERATING,10,2026-08-16T01:30:02.448Z,,,,,,,,,,,
2026-08-15T21:35:12.534885-04:00,2026-08-15,PARTY,b2260923-9315-40fd-9c6b-44dd811dbe64,Space Mountain,OPERATING,45,2026-08-16T01:25:10.875Z,,,,,,,,,,,
2026-08-15T21:35:12.534885-04:00,2026-08-15,PARTY,d9d12438-d999-4482-894b-8955fdb20ccf,Astro Orbiter,OPERATING,10,2026-08-16T01:30:02.243Z,,,,,,,,,,,
2026-08-15T21:35:12.534885-04:00,2026-08-15,PARTY,f163ddcd-43e1-488d-8276-2381c1db0a39,Tomorrowland Speedway,OPERATING,5,2026-08-16T01:33:38.867Z,,,,,,,,,,,
2026-08-15T21:35:12.534885-04:00,2026-08-15,PARTY,890fa430-89c0-4a3f-96c9-11597888005e,Dumbo the Flying Elephant,OPERATING,5,2026-08-16T01:33:38.817Z,,,,,,,,,,,
2026-08-15T21:35:12.534885-04:00,2026-08-15,PARTY,3cba0cb4-e2a6-402c-93ee-c11ffcb127ef,Under the Sea - Journey of The Little Mermaid,OPERATING,5,2026-08-16T01:33:38.786Z,,,,,,,,,,,
2026-08-15T21:45:13.707670-04:00,2026-08-15,PARTY,96455de6-f4f1-403c-9391-bf8396979149,The Magic Carpets of Aladdin,OPERATING,5,2026-08-16T01:44:22.311Z,,,,,,,,,,,
2026-08-15T21:45:13.707670-04:00,2026-08-15,PARTY,796b0a25-c51e-456e-9bb8-50a324e301b3,Jungle Cruise,OPERATING,20,2026-08-16T01:35:59.547Z,,,,,,,,,,,
2026-08-15T21:45:13.707670-04:00,2026-08-15,PARTY,e8f0b426-7645-4ea3-8b41-b94ae7091a41,"Monsters, Inc. Laugh Floor",OPERATING,10,2026-08-16T01:33:38.769Z,,,,,,,,,,,
2026-08-15T21:45:13.707670-04:00,2026-08-15,PARTY,73cb9445-0695-47a3-87ce-d08ae36b5f3c,Tiana's Bayou Adventure,OPERATING,15,2026-08-16T01:42:58.996Z,,,,,,,,,,,
2026-08-15T21:45:13.707670-04:00,2026-08-15,PARTY,30fe3c64-af71-4c66-a54b-aa61fd7af177,Swiss Family Treehouse,OPERATING,5,2026-08-15T12:03:52.989Z,,,,,,,,,,,
2026-08-15T21:45:13.707670-04:00,2026-08-15,PARTY,72c7343a-f7fb-4f66-95df-c91016de7338,Buzz Lightyear’s Space Ranger Spin,OPERATING,35,2026-08-16T01:23:58.640Z,,,,,,,,,,,
2026-08-15T21:45:13.707670-04:00,2026-08-15,PARTY,0f57cecf-5502-4503-8bc3-ba84d3708ace,Country Bear Musical Jamboree,OPERATING,10,2026-08-15T16:23:52.113Z,,,,,,,,,,,
2026-08-15T21:45:13.707670-04:00,2026-08-15,PARTY,f010bc01-b450-4476-a5f3-a5f2813104b2,Casey Jr. Splash 'N' Soak Station,CLOSED,,2026-08-15T22:00:00.629Z,,,,,,,,,,,
2026-08-15T21:45:13.707670-04:00,2026-08-15,PARTY,273ddb8d-e7b5-4e34-8657-1113f49262a5,Prince Charming Regal Carrousel,OPERATING,10,2026-08-16T00:41:01.026Z,,,,,,,,,,,
2026-08-15T21:45:13.707670-04:00,2026-08-15,PARTY,e76c93df-31af-49a5-8e2f-752c76c937c9,Enchanted Tales with Belle,CLOSED,,2026-08-15T23:30:59.893Z,,,,,,,,,,,
2026-08-15T21:45:13.707670-04:00,2026-08-15,PARTY,2ebfb38c-5cb5-4de1-86c0-f7af14188022,The Hall of Presidents,CLOSED,,2026-08-16T01:01:02.647Z,,,,,,,,,,,
2026-08-15T21:45:13.707670-04:00,2026-08-15,PARTY,e39b831b-7731-49bb-815b-289b4f49a9fd,"Walt Disney World Railroad - Main Street, U.S.A.",CLOSED,,2026-08-16T00:46:13.470Z,,,,,,,,,,,
2026-08-15T21:45:13.707670-04:00,2026-08-15,PARTY,8183f3f2-1b59-4b9c-b634-6a863bdf8d84,Walt Disney's Carousel of Progress,REFURBISHMENT,,2026-07-23T21:50:48.516Z,,,,,,,,,,,
2026-08-15T21:45:13.707670-04:00,2026-08-15,PARTY,e40ac396-cbac-43f4-8752-764ed60ccceb,Walt Disney World Railroad - Fantasyland,CLOSED,,2026-08-16T00:46:13.447Z,,,,,,,,,,,
2026-08-15T21:45:13.707670-04:00,2026-08-15,PARTY,6fd1e225-53a0-4a80-a577-4bbc9a471075,Walt Disney's Enchanted Tiki Room,OPERATING,10,2026-08-15T13:01:47.946Z,,,,,,,,,,,
2026-08-15T21:45:13.707670-04:00,2026-08-15,PARTY,de737ffc-306b-4f32-8bbb-34e5d370ec8f,A Pirate's Adventure ~ Treasures of the Seven Seas,CLOSED,,2026-08-15T22:01:00.479Z,,,,,,,,,,,
2026-08-15T21:45:13.707670-04:00,2026-08-15,PARTY,de3309ca-97d5-4211-bffe-739fed47e92f,Big Thunder Mountain Railroad,OPERATING,30,2026-08-16T01:38:03.400Z,,,,,,,,,,,
2026-08-15T21:45:13.707670-04:00,2026-08-15,PARTY,90d79335-c907-4069-a021-d0fe1ec73ae2,Cinderella Castle,OPERATING,,2026-08-15T12:00:00.469Z,,,,,,,,,,,
2026-08-15T21:45:13.707670-04:00,2026-08-15,PARTY,888fb4a4-7adf-47a1-8ba2-c258cc64fd75,Main Street Vehicles,CLOSED,,2026-08-15T20:01:06.089Z,,,,,,,,,,,
2026-08-15T21:45:13.707670-04:00,2026-08-15,PARTY,0d94ad60-72f0-4551-83a6-ebaecdd89737,The Many Adventures of Winnie the Pooh,OPERATING,20,2026-08-16T01:14:01.908Z,,,,,,,,,,,
2026-08-15T21:45:13.707670-04:00,2026-08-15,PARTY,352feb94-e52e-45eb-9c92-e4b44c6b1a9d,Pirates of the Caribbean,OPERATING,5,2026-08-16T01:44:22.303Z,,,,,,,,,,,
2026-08-15T21:45:13.707670-04:00,2026-08-15,PARTY,ffcfeaa2-1416-4920-a1ed-543c1a1695c4,Tomorrowland Transit Authority PeopleMover,OPERATING,10,2026-08-16T00:57:06.099Z,,,,,,,,,,,
2026-08-15T21:45:13.707670-04:00,2026-08-15,PARTY,86a41273-5f15-4b54-93b6-829f140e5161,Peter Pan's Flight,OPERATING,20,2026-08-16T01:30:58.908Z,,,,,,,,,,,
2026-08-15T21:45:13.707670-04:00,2026-08-15,PARTY,0aae716c-af13-4439-b638-d75fb1649df3,Mad Tea Party,OPERATING,5,2026-08-16T01:44:22.294Z,,,,,,,,,,,
2026-08-15T21:45:13.707670-04:00,2026-08-15,PARTY,7c5e1e02-3a44-4151-9005-44066d5ba1da,Mickey's PhilharMagic,OPERATING,15,2026-08-16T00:24:01.522Z,,,,,,,,,,,
2026-08-15T21:45:13.707670-04:00,2026-08-15,PARTY,924a3b2c-6b4b-49e5-99d3-e9dc3f2e8a48,The Barnstormer,OPERATING,5,2026-08-16T01:44:22.258Z,,,,,,,,,,,
2026-08-15T21:45:13.707670-04:00,2026-08-15,PARTY,5a43d1a7-ad53-4d25-abfe-25625f0da304,TRON Lightcycle / Run,OPERATING,70,2026-08-16T01:42:06.395Z,,,,,,,,,,,
2026-08-15T21:45:13.707670-04:00,2026-08-15,PARTY,2551a77d-023f-4ab1-9a19-8afec0190f39,Haunted Mansion,OPERATING,20,2026-08-16T01:38:58.876Z,,,,,,,,,,,
2026-08-15T21:45:13.707670-04:00,2026-08-15,PARTY,9d4d5229-7142-44b6-b4fb-528920969a2c,Seven Dwarfs Mine Train,OPERATING,40,2026-08-16T01:42:06.386Z,,,,,,,,,,,
2026-08-15T21:45:13.707670-04:00,2026-08-15,PARTY,f5aad2d4-a419-4384-bd9a-42f86385c750,"""it's a small world""",OPERATING,5,2026-08-16T01:44:22.285Z,,,,,,,,,,,
2026-08-15T21:45:13.707670-04:00,2026-08-15,PARTY,b2260923-9315-40fd-9c6b-44dd811dbe64,Space Mountain,OPERATING,35,2026-08-16T01:44:08.737Z,,,,,,,,,,,
2026-08-15T21:45:13.707670-04:00,2026-08-15,PARTY,d9d12438-d999-4482-894b-8955fdb20ccf,Astro Orbiter,OPERATING,10,2026-08-16T01:30:02.243Z,,,,,,,,,,,
2026-08-15T21:45:13.707670-04:00,2026-08-15,PARTY,f163ddcd-43e1-488d-8276-2381c1db0a39,Tomorrowland Speedway,OPERATING,5,2026-08-16T01:44:22.320Z,,,,,,,,,,,
2026-08-15T21:45:13.707670-04:00,2026-08-15,PARTY,890fa430-89c0-4a3f-96c9-11597888005e,Dumbo the Flying Elephant,OPERATING,5,2026-08-16T01:44:22.276Z,,,,,,,,,,,
2026-08-15T21:45:13.707670-04:00,2026-08-15,PARTY,3cba0cb4-e2a6-402c-93ee-c11ffcb127ef,Under the Sea - Journey of The Little Mermaid,OPERATING,5,2026-08-16T01:44:22.268Z,,,,,,,,,,,
2026-08-15T22:00:17.231205-04:00,2026-08-15,PARTY,96455de6-f4f1-403c-9391-bf8396979149,The Magic Carpets of Aladdin,OPERATING,5,2026-08-16T01:53:23.495Z,,,,,,,,,,,
2026-08-15T22:00:17.231205-04:00,2026-08-15,PARTY,e8f0b426-7645-4ea3-8b41-b94ae7091a41,"Monsters, Inc. Laugh Floor",OPERATING,10,2026-08-16T01:33:38.769Z,,,,,,,,,,,
2026-08-15T22:00:17.231205-04:00,2026-08-15,PARTY,30fe3c64-af71-4c66-a54b-aa61fd7af177,Swiss Family Treehouse,OPERATING,5,2026-08-15T12:03:52.989Z,,,,,,,,,,,
2026-08-15T22:00:17.231205-04:00,2026-08-15,PARTY,72c7343a-f7fb-4f66-95df-c91016de7338,Buzz Lightyear’s Space Ranger Spin,OPERATING,15,2026-08-16T01:50:57.628Z,,,,,,,,,,,
2026-08-15T22:00:17.231205-04:00,2026-08-15,PARTY,796b0a25-c51e-456e-9bb8-50a324e301b3,Jungle Cruise,OPERATING,5,2026-08-16T01:59:26.910Z,,,,,,,,,,,
2026-08-15T22:00:17.231205-04:00,2026-08-15,PARTY,0f57cecf-5502-4503-8bc3-ba84d3708ace,Country Bear Musical Jamboree,OPERATING,10,2026-08-15T16:23:52.113Z,,,,,,,,,,,
2026-08-15T22:00:17.231205-04:00,2026-08-15,PARTY,f010bc01-b450-4476-a5f3-a5f2813104b2,Casey Jr. Splash 'N' Soak Station,CLOSED,,2026-08-15T22:00:00.629Z,,,,,,,,,,,
2026-08-15T22:00:17.231205-04:00,2026-08-15,PARTY,273ddb8d-e7b5-4e34-8657-1113f49262a5,Prince Charming Regal Carrousel,DOWN,,2026-08-16T01:48:10.720Z,,,,,,,,,,,
2026-08-15T22:00:17.231205-04:00,2026-08-15,PARTY,73cb9445-0695-47a3-87ce-d08ae36b5f3c,Tiana's Bayou Adventure,OPERATING,15,2026-08-16T01:59:26.885Z,,,,,,,,,,,
2026-08-15T22:00:17.231205-04:00,2026-08-15,PARTY,e76c93df-31af-49a5-8e2f-752c76c937c9,Enchanted Tales with Belle,CLOSED,,2026-08-15T23:30:59.893Z,,,,,,,,,,,
2026-08-15T22:00:17.231205-04:00,2026-08-15,PARTY,2ebfb38c-5cb5-4de1-86c0-f7af14188022,The Hall of Presidents,CLOSED,,2026-08-16T01:01:02.647Z,,,,,,,,,,,
2026-08-15T22:00:17.231205-04:00,2026-08-15,PARTY,e39b831b-7731-49bb-815b-289b4f49a9fd,"Walt Disney World Railroad - Main Street, U.S.A.",CLOSED,,2026-08-16T00:46:13.470Z,,,,,,,,,,,
2026-08-15T22:00:17.231205-04:00,2026-08-15,PARTY,8183f3f2-1b59-4b9c-b634-6a863bdf8d84,Walt Disney's Carousel of Progress,REFURBISHMENT,,2026-07-23T21:50:48.516Z,,,,,,,,,,,
2026-08-15T22:00:17.231205-04:00,2026-08-15,PARTY,e40ac396-cbac-43f4-8752-764ed60ccceb,Walt Disney World Railroad - Fantasyland,CLOSED,,2026-08-16T00:46:13.447Z,,,,,,,,,,,
2026-08-15T22:00:17.231205-04:00,2026-08-15,PARTY,6fd1e225-53a0-4a80-a577-4bbc9a471075,Walt Disney's Enchanted Tiki Room,OPERATING,10,2026-08-15T13:01:47.946Z,,,,,,,,,,,
2026-08-15T22:00:17.231205-04:00,2026-08-15,PARTY,de737ffc-306b-4f32-8bbb-34e5d370ec8f,A Pirate's Adventure ~ Treasures of the Seven Seas,CLOSED,,2026-08-15T22:01:00.479Z,,,,,,,,,,,
2026-08-15T22:00:17.231205-04:00,2026-08-15,PARTY,de3309ca-97d5-4211-bffe-739fed47e92f,Big Thunder Mountain Railroad,OPERATING,25,2026-08-16T01:46:00.857Z,,,,,,,,,,,
2026-08-15T22:00:17.231205-04:00,2026-08-15,PARTY,90d79335-c907-4069-a021-d0fe1ec73ae2,Cinderella Castle,OPERATING,,2026-08-15T12:00:00.469Z,,,,,,,,,,,
2026-08-15T22:00:17.231205-04:00,2026-08-15,PARTY,888fb4a4-7adf-47a1-8ba2-c258cc64fd75,Main Street Vehicles,CLOSED,,2026-08-15T20:01:06.089Z,,,,,,,,,,,
2026-08-15T22:00:17.231205-04:00,2026-08-15,PARTY,352feb94-e52e-45eb-9c92-e4b44c6b1a9d,Pirates of the Caribbean,OPERATING,5,2026-08-16T01:59:26.918Z,,,,,,,,,,,
2026-08-15T22:00:17.231205-04:00,2026-08-15,PARTY,0d94ad60-72f0-4551-83a6-ebaecdd89737,The Many Adventures of Winnie the Pooh,OPERATING,10,2026-08-16T01:48:03.108Z,,,,,,,,,,,
2026-08-15T22:00:17.231205-04:00,2026-08-15,PARTY,ffcfeaa2-1416-4920-a1ed-543c1a1695c4,Tomorrowland Transit Authority PeopleMover,OPERATING,5,2026-08-16T01:52:05.694Z,,,,,,,,,,,
2026-08-15T22:00:17.231205-04:00,2026-08-15,PARTY,86a41273-5f15-4b54-93b6-829f140e5161,Peter Pan's Flight,OPERATING,35,2026-08-16T01:54:59.696Z,,,,,,,,,,,
2026-08-15T22:00:17.231205-04:00,2026-08-15,PARTY,0aae716c-af13-4439-b638-d75fb1649df3,Mad Tea Party,OPERATING,5,2026-08-16T01:53:23.466Z,,,,,,,,,,,
2026-08-15T22:00:17.231205-04:00,2026-08-15,PARTY,7c5e1e02-3a44-4151-9005-44066d5ba1da,Mickey's PhilharMagic,OPERATING,15,2026-08-16T00:24:01.522Z,,,,,,,,,,,
2026-08-15T22:00:17.231205-04:00,2026-08-15,PARTY,924a3b2c-6b4b-49e5-99d3-e9dc3f2e8a48,The Barnstormer,OPERATING,5,2026-08-16T01:59:26.867Z,,,,,,,,,,,
2026-08-15T22:00:17.231205-04:00,2026-08-15,PARTY,5a43d1a7-ad53-4d25-abfe-25625f0da304,TRON Lightcycle / Run,OPERATING,60,2026-08-16T01:52:05.657Z,,,,,,,,,,,
2026-08-15T22:00:17.231205-04:00,2026-08-15,PARTY,9d4d5229-7142-44b6-b4fb-528920969a2c,Seven Dwarfs Mine Train,OPERATING,30,2026-08-16T01:54:59.684Z,,,,,,,,,,,
2026-08-15T22:00:17.231205-04:00,2026-08-15,PARTY,2551a77d-023f-4ab1-9a19-8afec0190f39,Haunted Mansion,OPERATING,15,2026-08-16T01:54:01.234Z,,,,,,,,,,,
2026-08-15T22:00:17.231205-04:00,2026-08-15,PARTY,f5aad2d4-a419-4384-bd9a-42f86385c750,"""it's a small world""",OPERATING,5,2026-08-16T01:59:26.902Z,,,,,,,,,,,
2026-08-15T22:00:17.231205-04:00,2026-08-15,PARTY,b2260923-9315-40fd-9c6b-44dd811dbe64,Space Mountain,OPERATING,20,2026-08-16T01:53:23.480Z,,,,,,,,,,,
2026-08-15T22:00:17.231205-04:00,2026-08-15,PARTY,d9d12438-d999-4482-894b-8955fdb20ccf,Astro Orbiter,OPERATING,10,2026-08-16T01:30:02.243Z,,,,,,,,,,,
2026-08-15T22:00:17.231205-04:00,2026-08-15,PARTY,f163ddcd-43e1-488d-8276-2381c1db0a39,Tomorrowland Speedway,OPERATING,5,2026-08-16T01:59:26.926Z,,,,,,,,,,,
2026-08-15T22:00:17.231205-04:00,2026-08-15,PARTY,890fa430-89c0-4a3f-96c9-11597888005e,Dumbo the Flying Elephant,OPERATING,5,2026-08-16T01:59:26.893Z,,,,,,,,,,,
2026-08-15T22:00:17.231205-04:00,2026-08-15,PARTY,3cba0cb4-e2a6-402c-93ee-c11ffcb127ef,Under the Sea - Journey of The Little Mermaid,OPERATING,5,2026-08-16T01:59:26.876Z,,,,,,,,,,,
2026-08-15T22:15:11.964060-04:00,2026-08-15,PARTY,96455de6-f4f1-403c-9391-bf8396979149,The Magic Carpets of Aladdin,OPERATING,5,2026-08-16T02:13:43.837Z,,,,,,,,,,,
2026-08-15T22:15:11.964060-04:00,2026-08-15,PARTY,30fe3c64-af71-4c66-a54b-aa61fd7af177,Swiss Family Treehouse,OPERATING,5,2026-08-15T12:03:52.989Z,,,,,,,,,,,
2026-08-15T22:15:11.964060-04:00,2026-08-15,PARTY,72c7343a-f7fb-4f66-95df-c91016de7338,Buzz Lightyear’s Space Ranger Spin,OPERATING,10,2026-08-16T02:06:05.442Z,,,,,,,,,,,
2026-08-15T22:15:11.964060-04:00,2026-08-15,PARTY,796b0a25-c51e-456e-9bb8-50a324e301b3,Jungle Cruise,OPERATING,5,2026-08-16T01:59:26.910Z,,,,,,,,,,,
2026-08-15T22:15:11.964060-04:00,2026-08-15,PARTY,0f57cecf-5502-4503-8bc3-ba84d3708ace,Country Bear Musical Jamboree,OPERATING,10,2026-08-15T16:23:52.113Z,,,,,,,,,,,
2026-08-15T22:15:11.964060-04:00,2026-08-15,PARTY,f010bc01-b450-4476-a5f3-a5f2813104b2,Casey Jr. Splash 'N' Soak Station,CLOSED,,2026-08-15T22:00:00.629Z,,,,,,,,,,,
2026-08-15T22:15:11.964060-04:00,2026-08-15,PARTY,273ddb8d-e7b5-4e34-8657-1113f49262a5,Prince Charming Regal Carrousel,DOWN,,2026-08-16T01:48:10.720Z,,,,,,,,,,,
2026-08-15T22:15:11.964060-04:00,2026-08-15,PARTY,e76c93df-31af-49a5-8e2f-752c76c937c9,Enchanted Tales with Belle,CLOSED,,2026-08-15T23:30:59.893Z,,,,,,,,,,,
2026-08-15T22:15:11.964060-04:00,2026-08-15,PARTY,2ebfb38c-5cb5-4de1-86c0-f7af14188022,The Hall of Presidents,CLOSED,,2026-08-16T01:01:02.647Z,,,,,,,,,,,
2026-08-15T22:15:11.964060-04:00,2026-08-15,PARTY,e39b831b-7731-49bb-815b-289b4f49a9fd,"Walt Disney World Railroad - Main Street, U.S.A.",CLOSED,,2026-08-16T00:46:13.470Z,,,,,,,,,,,
2026-08-15T22:15:11.964060-04:00,2026-08-15,PARTY,e8f0b426-7645-4ea3-8b41-b94ae7091a41,"Monsters, Inc. Laugh Floor",CLOSED,,2026-08-16T02:00:59.297Z,,,,,,,,,,,
2026-08-15T22:15:11.964060-04:00,2026-08-15,PARTY,8183f3f2-1b59-4b9c-b634-6a863bdf8d84,Walt Disney's Carousel of Progress,REFURBISHMENT,,2026-07-23T21:50:48.516Z,,,,,,,,,,,
2026-08-15T22:15:11.964060-04:00,2026-08-15,PARTY,e40ac396-cbac-43f4-8752-764ed60ccceb,Walt Disney World Railroad - Fantasyland,CLOSED,,2026-08-16T00:46:13.447Z,,,,,,,,,,,
2026-08-15T22:15:11.964060-04:00,2026-08-15,PARTY,73cb9445-0695-47a3-87ce-d08ae36b5f3c,Tiana's Bayou Adventure,OPERATING,10,2026-08-16T02:05:02.940Z,,,,,,,,,,,
2026-08-15T22:15:11.964060-04:00,2026-08-15,PARTY,6fd1e225-53a0-4a80-a577-4bbc9a471075,Walt Disney's Enchanted Tiki Room,OPERATING,10,2026-08-15T13:01:47.946Z,,,,,,,,,,,
2026-08-15T22:15:11.964060-04:00,2026-08-15,PARTY,de737ffc-306b-4f32-8bbb-34e5d370ec8f,A Pirate's Adventure ~ Treasures of the Seven Seas,CLOSED,,2026-08-15T22:01:00.479Z,,,,,,,,,,,
2026-08-15T22:15:11.964060-04:00,2026-08-15,PARTY,de3309ca-97d5-4211-bffe-739fed47e92f,Big Thunder Mountain Railroad,OPERATING,15,2026-08-16T02:08:57.677Z,,,,,,,,,,,
2026-08-15T22:15:11.964060-04:00,2026-08-15,PARTY,90d79335-c907-4069-a021-d0fe1ec73ae2,Cinderella Castle,OPERATING,,2026-08-15T12:00:00.469Z,,,,,,,,,,,
2026-08-15T22:15:11.964060-04:00,2026-08-15,PARTY,888fb4a4-7adf-47a1-8ba2-c258cc64fd75,Main Street Vehicles,CLOSED,,2026-08-15T20:01:06.089Z,,,,,,,,,,,
2026-08-15T22:15:11.964060-04:00,2026-08-15,PARTY,352feb94-e52e-45eb-9c92-e4b44c6b1a9d,Pirates of the Caribbean,OPERATING,5,2026-08-16T02:13:43.813Z,,,,,,,,,,,
2026-08-15T22:15:11.964060-04:00,2026-08-15,PARTY,0d94ad60-72f0-4551-83a6-ebaecdd89737,The Many Adventures of Winnie the Pooh,OPERATING,10,2026-08-16T02:13:43.847Z,,,,,,,,,,,
2026-08-15T22:15:11.964060-04:00,2026-08-15,PARTY,ffcfeaa2-1416-4920-a1ed-543c1a1695c4,Tomorrowland Transit Authority PeopleMover,OPERATING,5,2026-08-16T01:52:05.694Z,,,,,,,,,,,
2026-08-15T22:15:11.964060-04:00,2026-08-15,PARTY,86a41273-5f15-4b54-93b6-829f140e5161,Peter Pan's Flight,OPERATING,30,2026-08-16T02:06:05.453Z,,,,,,,,,,,
2026-08-15T22:15:11.964060-04:00,2026-08-15,PARTY,0aae716c-af13-4439-b638-d75fb1649df3,Mad Tea Party,OPERATING,5,2026-08-16T02:13:43.806Z,,,,,,,,,,,
2026-08-15T22:15:11.964060-04:00,2026-08-15,PARTY,7c5e1e02-3a44-4151-9005-44066d5ba1da,Mickey's PhilharMagic,OPERATING,15,2026-08-16T00:24:01.522Z,,,,,,,,,,,
2026-08-15T22:15:11.964060-04:00,2026-08-15,PARTY,924a3b2c-6b4b-49e5-99d3-e9dc3f2e8a48,The Barnstormer,OPERATING,5,2026-08-16T02:13:43.771Z,,,,,,,,,,,
2026-08-15T22:15:11.964060-04:00,2026-08-15,PARTY,5a43d1a7-ad53-4d25-abfe-25625f0da304,TRON Lightcycle / Run,OPERATING,70,2026-08-16T02:14:01.824Z,,,,,,,,,,,
2026-08-15T22:15:11.964060-04:00,2026-08-15,PARTY,2551a77d-023f-4ab1-9a19-8afec0190f39,Haunted Mansion,OPERATING,13,2026-08-16T02:13:43.829Z,,,,,,,,,,,
2026-08-15T22:15:11.964060-04:00,2026-08-15,PARTY,f5aad2d4-a419-4384-bd9a-42f86385c750,"""it's a small world""",OPERATING,5,2026-08-16T02:13:43.797Z,,,,,,,,,,,
2026-08-15T22:15:11.964060-04:00,2026-08-15,PARTY,9d4d5229-7142-44b6-b4fb-528920969a2c,Seven Dwarfs Mine Train,OPERATING,25,2026-08-16T02:09:14.352Z,,,,,,,,,,,
2026-08-15T22:15:11.964060-04:00,2026-08-15,PARTY,b2260923-9315-40fd-9c6b-44dd811dbe64,Space Mountain,OPERATING,35,2026-08-16T02:13:43.820Z,,,,,,,,,,,
2026-08-15T22:15:11.964060-04:00,2026-08-15,PARTY,d9d12438-d999-4482-894b-8955fdb20ccf,Astro Orbiter,OPERATING,10,2026-08-16T01:30:02.243Z,,,,,,,,,,,
2026-08-15T22:15:11.964060-04:00,2026-08-15,PARTY,f163ddcd-43e1-488d-8276-2381c1db0a39,Tomorrowland Speedway,OPERATING,5,2026-08-16T02:13:43.855Z,,,,,,,,,,,
2026-08-15T22:15:11.964060-04:00,2026-08-15,PARTY,890fa430-89c0-4a3f-96c9-11597888005e,Dumbo the Flying Elephant,OPERATING,5,2026-08-16T02:13:43.788Z,,,,,,,,,,,
2026-08-15T22:15:11.964060-04:00,2026-08-15,PARTY,3cba0cb4-e2a6-402c-93ee-c11ffcb127ef,Under the Sea - Journey of The Little Mermaid,OPERATING,5,2026-08-16T02:13:43.781Z,,,,,,,,,,,
2026-08-15T22:30:18.559176-04:00,2026-08-15,PARTY,96455de6-f4f1-403c-9391-bf8396979149,The Magic Carpets of Aladdin,OPERATING,5,2026-08-16T02:23:30.865Z,2026-08-15T22:30,82.2,89.4,73,3,0.0,0.0,0.0,0,5.4,12.8
2026-08-15T22:30:18.559176-04:00,2026-08-15,PARTY,30fe3c64-af71-4c66-a54b-aa61fd7af177,Swiss Family Treehouse,OPERATING,5,2026-08-15T12:03:52.989Z,2026-08-15T22:30,82.2,89.4,73,3,0.0,0.0,0.0,0,5.4,12.8
2026-08-15T22:30:18.559176-04:00,2026-08-15,PARTY,72c7343a-f7fb-4f66-95df-c91016de7338,Buzz Lightyear’s Space Ranger Spin,OPERATING,35,2026-08-16T02:28:59.038Z,2026-08-15T22:30,82.2,89.4,73,3,0.0,0.0,0.0,0,5.4,12.8
2026-08-15T22:30:18.559176-04:00,2026-08-15,PARTY,796b0a25-c51e-456e-9bb8-50a324e301b3,Jungle Cruise,OPERATING,5,2026-08-16T01:59:26.910Z,2026-08-15T22:30,82.2,89.4,73,3,0.0,0.0,0.0,0,5.4,12.8
2026-08-15T22:30:18.559176-04:00,2026-08-15,PARTY,0f57cecf-5502-4503-8bc3-ba84d3708ace,Country Bear Musical Jamboree,OPERATING,10,2026-08-15T16:23:52.113Z,2026-08-15T22:30,82.2,89.4,73,3,0.0,0.0,0.0,0,5.4,12.8
2026-08-15T22:30:18.559176-04:00,2026-08-15,PARTY,f010bc01-b450-4476-a5f3-a5f2813104b2,Casey Jr. Splash 'N' Soak Station,CLOSED,,2026-08-15T22:00:00.629Z,2026-08-15T22:30,82.2,89.4,73,3,0.0,0.0,0.0,0,5.4,12.8
2026-08-15T22:30:18.559176-04:00,2026-08-15,PARTY,273ddb8d-e7b5-4e34-8657-1113f49262a5,Prince Charming Regal Carrousel,OPERATING,10,2026-08-16T02:23:00.185Z,2026-08-15T22:30,82.2,89.4,73,3,0.0,0.0,0.0,0,5.4,12.8
2026-08-15T22:30:18.559176-04:00,2026-08-15,PARTY,e76c93df-31af-49a5-8e2f-752c76c937c9,Enchanted Tales with Belle,CLOSED,,2026-08-15T23:30:59.893Z,2026-08-15T22:30,82.2,89.4,73,3,0.0,0.0,0.0,0,5.4,12.8
2026-08-15T22:30:18.559176-04:00,2026-08-15,PARTY,2ebfb38c-5cb5-4de1-86c0-f7af14188022,The Hall of Presidents,CLOSED,,2026-08-16T01:01:02.647Z,2026-08-15T22:30,82.2,89.4,73,3,0.0,0.0,0.0,0,5.4,12.8
2026-08-15T22:30:18.559176-04:00,2026-08-15,PARTY,e39b831b-7731-49bb-815b-289b4f49a9fd,"Walt Disney World Railroad - Main Street, U.S.A.",CLOSED,,2026-08-16T00:46:13.470Z,2026-08-15T22:30,82.2,89.4,73,3,0.0,0.0,0.0,0,5.4,12.8
2026-08-15T22:30:18.559176-04:00,2026-08-15,PARTY,e8f0b426-7645-4ea3-8b41-b94ae7091a41,"Monsters, Inc. Laugh Floor",CLOSED,,2026-08-16T02:00:59.297Z,2026-08-15T22:30,82.2,89.4,73,3,0.0,0.0,0.0,0,5.4,12.8
2026-08-15T22:30:18.559176-04:00,2026-08-15,PARTY,8183f3f2-1b59-4b9c-b634-6a863bdf8d84,Walt Disney's Carousel of Progress,REFURBISHMENT,,2026-07-23T21:50:48.516Z,2026-08-15T22:30,82.2,89.4,73,3,0.0,0.0,0.0,0,5.4,12.8
2026-08-15T22:30:18.559176-04:00,2026-08-15,PARTY,e40ac396-cbac-43f4-8752-764ed60ccceb,Walt Disney World Railroad - Fantasyland,CLOSED,,2026-08-16T00:46:13.447Z,2026-08-15T22:30,82.2,89.4,73,3,0.0,0.0,0.0,0,5.4,12.8
2026-08-15T22:30:18.559176-04:00,2026-08-15,PARTY,6fd1e225-53a0-4a80-a577-4bbc9a471075,Walt Disney's Enchanted Tiki Room,OPERATING,10,2026-08-15T13:01:47.946Z,2026-08-15T22:30,82.2,89.4,73,3,0.0,0.0,0.0,0,5.4,12.8
2026-08-15T22:30:18.559176-04:00,2026-08-15,PARTY,de737ffc-306b-4f32-8bbb-34e5d370ec8f,A Pirate's Adventure ~ Treasures of the Seven Seas,CLOSED,,2026-08-15T22:01:00.479Z,2026-08-15T22:30,82.2,89.4,73,3,0.0,0.0,0.0,0,5.4,12.8
2026-08-15T22:30:18.559176-04:00,2026-08-15,PARTY,de3309ca-97d5-4211-bffe-739fed47e92f,Big Thunder Mountain Railroad,OPERATING,20,2026-08-16T02:27:59.356Z,2026-08-15T22:30,82.2,89.4,73,3,0.0,0.0,0.0,0,5.4,12.8
2026-08-15T22:30:18.559176-04:00,2026-08-15,PARTY,90d79335-c907-4069-a021-d0fe1ec73ae2,Cinderella Castle,OPERATING,,2026-08-15T12:00:00.469Z,2026-08-15T22:30,82.2,89.4,73,3,0.0,0.0,0.0,0,5.4,12.8
2026-08-15T22:30:18.559176-04:00,2026-08-15,PARTY,73cb9445-0695-47a3-87ce-d08ae36b5f3c,Tiana's Bayou Adventure,OPERATING,20,2026-08-16T02:27:02.546Z,2026-08-15T22:30,82.2,89.4,73,3,0.0,0.0,0.0,0,5.4,12.8
2026-08-15T22:30:18.559176-04:00,2026-08-15,PARTY,888fb4a4-7adf-47a1-8ba2-c258cc64fd75,Main Street Vehicles,CLOSED,,2026-08-15T20:01:06.089Z,2026-08-15T22:30,82.2,89.4,73,3,0.0,0.0,0.0,0,5.4,12.8
2026-08-15T22:30:18.559176-04:00,2026-08-15,PARTY,352feb94-e52e-45eb-9c92-e4b44c6b1a9d,Pirates of the Caribbean,OPERATING,5,2026-08-16T02:29:06.945Z,2026-08-15T22:30,82.2,89.4,73,3,0.0,0.0,0.0,0,5.4,12.8
2026-08-15T22:30:18.559176-04:00,2026-08-15,PARTY,0d94ad60-72f0-4551-83a6-ebaecdd89737,The Many Adventures of Winnie the Pooh,OPERATING,10,2026-08-16T02:19:06.108Z,2026-08-15T22:30,82.2,89.4,73,3,0.0,0.0,0.0,0,5.4,12.8
2026-08-15T22:30:18.559176-04:00,2026-08-15,PARTY,ffcfeaa2-1416-4920-a1ed-543c1a1695c4,Tomorrowland Transit Authority PeopleMover,OPERATING,5,2026-08-16T01:52:05.694Z,2026-08-15T22:30,82.2,89.4,73,3,0.0,0.0,0.0,0,5.4,12.8
2026-08-15T22:30:18.559176-04:00,2026-08-15,PARTY,86a41273-5f15-4b54-93b6-829f140e5161,Peter Pan's Flight,OPERATING,30,2026-08-16T02:06:05.453Z,2026-08-15T22:30,82.2,89.4,73,3,0.0,0.0,0.0,0,5.4,12.8
2026-08-15T22:30:18.559176-04:00,2026-08-15,PARTY,0aae716c-af13-4439-b638-d75fb1649df3,Mad Tea Party,OPERATING,5,2026-08-16T02:23:30.836Z,2026-08-15T22:30,82.2,89.4,73,3,0.0,0.0,0.0,0,5.4,12.8
2026-08-15T22:30:18.559176-04:00,2026-08-15,PARTY,7c5e1e02-3a44-4151-9005-44066d5ba1da,Mickey's PhilharMagic,OPERATING,15,2026-08-16T00:24:01.522Z,2026-08-15T22:30,82.2,89.4,73,3,0.0,0.0,0.0,0,5.4,12.8
2026-08-15T22:30:18.559176-04:00,2026-08-15,PARTY,924a3b2c-6b4b-49e5-99d3-e9dc3f2e8a48,The Barnstormer,OPERATING,5,2026-08-16T02:29:06.908Z,2026-08-15T22:30,82.2,89.4,73,3,0.0,0.0,0.0,0,5.4,12.8
2026-08-15T22:30:18.559176-04:00,2026-08-15,PARTY,5a43d1a7-ad53-4d25-abfe-25625f0da304,TRON Lightcycle / Run,OPERATING,95,2026-08-16T02:28:59.030Z,2026-08-15T22:30,82.2,89.4,73,3,0.0,0.0,0.0,0,5.4,12.8
2026-08-15T22:30:18.559176-04:00,2026-08-15,PARTY,9d4d5229-7142-44b6-b4fb-528920969a2c,Seven Dwarfs Mine Train,OPERATING,35,2026-08-16T02:30:06.420Z,2026-08-15T22:30,82.2,89.4,73,3,0.0,0.0,0.0,0,5.4,12.8
2026-08-15T22:30:18.559176-04:00,2026-08-15,PARTY,2551a77d-023f-4ab1-9a19-8afec0190f39,Haunted Mansion,OPERATING,13,2026-08-16T02:29:06.961Z,2026-08-15T22:30,82.2,89.4,73,3,0.0,0.0,0.0,0,5.4,12.8
2026-08-15T22:30:18.559176-04:00,2026-08-15,PARTY,f5aad2d4-a419-4384-bd9a-42f86385c750,"""it's a small world""",OPERATING,5,2026-08-16T02:29:06.937Z,2026-08-15T22:30,82.2,89.4,73,3,0.0,0.0,0.0,0,5.4,12.8
2026-08-15T22:30:18.559176-04:00,2026-08-15,PARTY,b2260923-9315-40fd-9c6b-44dd811dbe64,Space Mountain,OPERATING,5,2026-08-16T02:29:06.953Z,2026-08-15T22:30,82.2,89.4,73,3,0.0,0.0,0.0,0,5.4,12.8
2026-08-15T22:30:18.559176-04:00,2026-08-15,PARTY,d9d12438-d999-4482-894b-8955fdb20ccf,Astro Orbiter,OPERATING,10,2026-08-16T01:30:02.243Z,2026-08-15T22:30,82.2,89.4,73,3,0.0,0.0,0.0,0,5.4,12.8
2026-08-15T22:30:18.559176-04:00,2026-08-15,PARTY,f163ddcd-43e1-488d-8276-2381c1db0a39,Tomorrowland Speedway,OPERATING,15,2026-08-16T02:29:06.969Z,2026-08-15T22:30,82.2,89.4,73,3,0.0,0.0,0.0,0,5.4,12.8
2026-08-15T22:30:18.559176-04:00,2026-08-15,PARTY,890fa430-89c0-4a3f-96c9-11597888005e,Dumbo the Flying Elephant,OPERATING,5,2026-08-16T02:29:06.926Z,2026-08-15T22:30,82.2,89.4,73,3,0.0,0.0,0.0,0,5.4,12.8
2026-08-15T22:30:18.559176-04:00,2026-08-15,PARTY,3cba0cb4-e2a6-402c-93ee-c11ffcb127ef,Under the Sea - Journey of The Little Mermaid,OPERATING,5,2026-08-16T02:29:06.915Z,2026-08-15T22:30,82.2,89.4,73,3,0.0,0.0,0.0,0,5.4,12.8
2026-08-15T22:45:15.625256-04:00,2026-08-15,PARTY,2551a77d-023f-4ab1-9a19-8afec0190f39,Haunted Mansion,OPERATING,13,2026-08-16T02:34:12.823Z,2026-08-15T22:45,82.1,90.9,79,3,0.0,0.0,0.0,0,4.8,11.6
2026-08-15T22:45:15.625256-04:00,2026-08-15,PARTY,96455de6-f4f1-403c-9391-bf8396979149,The Magic Carpets of Aladdin,OPERATING,5,2026-08-16T02:34:12.833Z,2026-08-15T22:45,82.1,90.9,79,3,0.0,0.0,0.0,0,4.8,11.6
2026-08-15T22:45:15.625256-04:00,2026-08-15,PARTY,30fe3c64-af71-4c66-a54b-aa61fd7af177,Swiss Family Treehouse,OPERATING,5,2026-08-15T12:03:52.989Z,2026-08-15T22:45,82.1,90.9,79,3,0.0,0.0,0.0,0,4.8,11.6
2026-08-15T22:45:15.625256-04:00,2026-08-15,PARTY,72c7343a-f7fb-4f66-95df-c91016de7338,Buzz Lightyear’s Space Ranger Spin,OPERATING,35,2026-08-16T02:28:59.038Z,2026-08-15T22:45,82.1,90.9,79,3,0.0,0.0,0.0,0,4.8,11.6
2026-08-15T22:45:15.625256-04:00,2026-08-15,PARTY,796b0a25-c51e-456e-9bb8-50a324e301b3,Jungle Cruise,OPERATING,5,2026-08-16T01:59:26.910Z,2026-08-15T22:45,82.1,90.9,79,3,0.0,0.0,0.0,0,4.8,11.6
2026-08-15T22:45:15.625256-04:00,2026-08-15,PARTY,0f57cecf-5502-4503-8bc3-ba84d3708ace,Country Bear Musical Jamboree,OPERATING,10,2026-08-15T16:23:52.113Z,2026-08-15T22:45,82.1,90.9,79,3,0.0,0.0,0.0,0,4.8,11.6
2026-08-15T22:45:15.625256-04:00,2026-08-15,PARTY,f010bc01-b450-4476-a5f3-a5f2813104b2,Casey Jr. Splash 'N' Soak Station,CLOSED,,2026-08-15T22:00:00.629Z,2026-08-15T22:45,82.1,90.9,79,3,0.0,0.0,0.0,0,4.8,11.6
2026-08-15T22:45:15.625256-04:00,2026-08-15,PARTY,273ddb8d-e7b5-4e34-8657-1113f49262a5,Prince Charming Regal Carrousel,OPERATING,10,2026-08-16T02:23:00.185Z,2026-08-15T22:45,82.1,90.9,79,3,0.0,0.0,0.0,0,4.8,11.6
2026-08-15T22:45:15.625256-04:00,2026-08-15,PARTY,e76c93df-31af-49a5-8e2f-752c76c937c9,Enchanted Tales with Belle,CLOSED,,2026-08-15T23:30:59.893Z,2026-08-15T22:45,82.1,90.9,79,3,0.0,0.0,0.0,0,4.8,11.6
2026-08-15T22:45:15.625256-04:00,2026-08-15,PARTY,2ebfb38c-5cb5-4de1-86c0-f7af14188022,The Hall of Presidents,CLOSED,,2026-08-16T01:01:02.647Z,2026-08-15T22:45,82.1,90.9,79,3,0.0,0.0,0.0,0,4.8,11.6
2026-08-15T22:45:15.625256-04:00,2026-08-15,PARTY,e39b831b-7731-49bb-815b-289b4f49a9fd,"Walt Disney World Railroad - Main Street, U.S.A.",CLOSED,,2026-08-16T00:46:13.470Z,2026-08-15T22:45,82.1,90.9,79,3,0.0,0.0,0.0,0,4.8,11.6
2026-08-15T22:45:15.625256-04:00,2026-08-15,PARTY,e8f0b426-7645-4ea3-8b41-b94ae7091a41,"Monsters, Inc. Laugh Floor",CLOSED,,2026-08-16T02:00:59.297Z,2026-08-15T22:45,82.1,90.9,79,3,0.0,0.0,0.0,0,4.8,11.6
2026-08-15T22:45:15.625256-04:00,2026-08-15,PARTY,8183f3f2-1b59-4b9c-b634-6a863bdf8d84,Walt Disney's Carousel of Progress,REFURBISHMENT,,2026-07-23T21:50:48.516Z,2026-08-15T22:45,82.1,90.9,79,3,0.0,0.0,0.0,0,4.8,11.6
2026-08-15T22:45:15.625256-04:00,2026-08-15,PARTY,e40ac396-cbac-43f4-8752-764ed60ccceb,Walt Disney World Railroad - Fantasyland,CLOSED,,2026-08-16T00:46:13.447Z,2026-08-15T22:45,82.1,90.9,79,3,0.0,0.0,0.0,0,4.8,11.6
2026-08-15T22:45:15.625256-04:00,2026-08-15,PARTY,6fd1e225-53a0-4a80-a577-4bbc9a471075,Walt Disney's Enchanted Tiki Room,OPERATING,10,2026-08-15T13:01:47.946Z,2026-08-15T22:45,82.1,90.9,79,3,0.0,0.0,0.0,0,4.8,11.6
2026-08-15T22:45:15.625256-04:00,2026-08-15,PARTY,de737ffc-306b-4f32-8bbb-34e5d370ec8f,A Pirate's Adventure ~ Treasures of the Seven Seas,CLOSED,,2026-08-15T22:01:00.479Z,2026-08-15T22:45,82.1,90.9,79,3,0.0,0.0,0.0,0,4.8,11.6
2026-08-15T22:45:15.625256-04:00,2026-08-15,PARTY,de3309ca-97d5-4211-bffe-739fed47e92f,Big Thunder Mountain Railroad,OPERATING,20,2026-08-16T02:27:59.356Z,2026-08-15T22:45,82.1,90.9,79,3,0.0,0.0,0.0,0,4.8,11.6
2026-08-15T22:45:15.625256-04:00,2026-08-15,PARTY,90d79335-c907-4069-a021-d0fe1ec73ae2,Cinderella Castle,OPERATING,,2026-08-15T12:00:00.469Z,2026-08-15T22:45,82.1,90.9,79,3,0.0,0.0,0.0,0,4.8,11.6
2026-08-15T22:45:15.625256-04:00,2026-08-15,PARTY,73cb9445-0695-47a3-87ce-d08ae36b5f3c,Tiana's Bayou Adventure,OPERATING,20,2026-08-16T02:27:02.546Z,2026-08-15T22:45,82.1,90.9,79,3,0.0,0.0,0.0,0,4.8,11.6
2026-08-15T22:45:15.625256-04:00,2026-08-15,PARTY,888fb4a4-7adf-47a1-8ba2-c258cc64fd75,Main Street Vehicles,CLOSED,,2026-08-15T20:01:06.089Z,2026-08-15T22:45,82.1,90.9,79,3,0.0,0.0,0.0,0,4.8,11.6
2026-08-15T22:45:15.625256-04:00,2026-08-15,PARTY,0d94ad60-72f0-4551-83a6-ebaecdd89737,The Many Adventures of Winnie the Pooh,OPERATING,20,2026-08-16T02:38:02.253Z,2026-08-15T22:45,82.1,90.9,79,3,0.0,0.0,0.0,0,4.8,11.6
2026-08-15T22:45:15.625256-04:00,2026-08-15,PARTY,352feb94-e52e-45eb-9c92-e4b44c6b1a9d,Pirates of the Caribbean,OPERATING,5,2026-08-16T02:34:12.807Z,2026-08-15T22:45,82.1,90.9,79,3,0.0,0.0,0.0,0,4.8,11.6
2026-08-15T22:45:15.625256-04:00,2026-08-15,PARTY,ffcfeaa2-1416-4920-a1ed-543c1a1695c4,Tomorrowland Transit Authority PeopleMover,OPERATING,5,2026-08-16T01:52:05.694Z,2026-08-15T22:45,82.1,90.9,79,3,0.0,0.0,0.0,0,4.8,11.6
2026-08-15T22:45:15.625256-04:00,2026-08-15,PARTY,86a41273-5f15-4b54-93b6-829f140e5161,Peter Pan's Flight,OPERATING,5,2026-08-16T02:38:59.375Z,2026-08-15T22:45,82.1,90.9,79,3,0.0,0.0,0.0,0,4.8,11.6
2026-08-15T22:45:15.625256-04:00,2026-08-15,PARTY,0aae716c-af13-4439-b638-d75fb1649df3,Mad Tea Party,OPERATING,5,2026-08-16T02:34:12.799Z,2026-08-15T22:45,82.1,90.9,79,3,0.0,0.0,0.0,0,4.8,11.6
2026-08-15T22:45:15.625256-04:00,2026-08-15,PARTY,7c5e1e02-3a44-4151-9005-44066d5ba1da,Mickey's PhilharMagic,OPERATING,15,2026-08-16T00:24:01.522Z,2026-08-15T22:45,82.1,90.9,79,3,0.0,0.0,0.0,0,4.8,11.6
2026-08-15T22:45:15.625256-04:00,2026-08-15,PARTY,924a3b2c-6b4b-49e5-99d3-e9dc3f2e8a48,The Barnstormer,OPERATING,5,2026-08-16T02:34:12.762Z,2026-08-15T22:45,82.1,90.9,79,3,0.0,0.0,0.0,0,4.8,11.6
2026-08-15T22:45:15.625256-04:00,2026-08-15,PARTY,5a43d1a7-ad53-4d25-abfe-25625f0da304,TRON Lightcycle / Run,OPERATING,85,2026-08-16T02:36:58.088Z,2026-08-15T22:45,82.1,90.9,79,3,0.0,0.0,0.0,0,4.8,11.6
2026-08-15T22:45:15.625256-04:00,2026-08-15,PARTY,9d4d5229-7142-44b6-b4fb-528920969a2c,Seven Dwarfs Mine Train,OPERATING,35,2026-08-16T02:44:05.785Z,2026-08-15T22:45,82.1,90.9,79,3,0.0,0.0,0.0,0,4.8,11.6
2026-08-15T22:45:15.625256-04:00,2026-08-15,PARTY,f5aad2d4-a419-4384-bd9a-42f86385c750,"""it's a small world""",OPERATING,5,2026-08-16T02:34:12.792Z,2026-08-15T22:45,82.1,90.9,79,3,0.0,0.0,0.0,0,4.8,11.6
2026-08-15T22:45:15.625256-04:00,2026-08-15,PARTY,b2260923-9315-40fd-9c6b-44dd811dbe64,Space Mountain,OPERATING,5,2026-08-16T02:34:12.815Z,2026-08-15T22:45,82.1,90.9,79,3,0.0,0.0,0.0,0,4.8,11.6
2026-08-15T22:45:15.625256-04:00,2026-08-15,PARTY,d9d12438-d999-4482-894b-8955fdb20ccf,Astro Orbiter,OPERATING,10,2026-08-16T01:30:02.243Z,2026-08-15T22:45,82.1,90.9,79,3,0.0,0.0,0.0,0,4.8,11.6
2026-08-15T22:45:15.625256-04:00,2026-08-15,PARTY,f163ddcd-43e1-488d-8276-2381c1db0a39,Tomorrowland Speedway,OPERATING,15,2026-08-16T02:34:12.846Z,2026-08-15T22:45,82.1,90.9,79,3,0.0,0.0,0.0,0,4.8,11.6
2026-08-15T22:45:15.625256-04:00,2026-08-15,PARTY,890fa430-89c0-4a3f-96c9-11597888005e,Dumbo the Flying Elephant,OPERATING,5,2026-08-16T02:34:12.785Z,2026-08-15T22:45,82.1,90.9,79,3,0.0,0.0,0.0,0,4.8,11.6
2026-08-15T22:45:15.625256-04:00,2026-08-15,PARTY,3cba0cb4-e2a6-402c-93ee-c11ffcb127ef,Under the Sea - Journey of The Little Mermaid,OPERATING,5,2026-08-16T02:34:12.776Z,2026-08-15T22:45,82.1,90.9,79,3,0.0,0.0,0.0,0,4.8,11.6
2026-08-15T23:00:17.043413-04:00,2026-08-15,PARTY,2551a77d-023f-4ab1-9a19-8afec0190f39,Haunted Mansion,OPERATING,13,2026-08-16T02:34:12.823Z,2026-08-15T23:00,82.0,91.3,81,1,0.0,0.0,0.0,0,4.8,10.5
2026-08-15T23:00:17.043413-04:00,2026-08-15,PARTY,96455de6-f4f1-403c-9391-bf8396979149,The Magic Carpets of Aladdin,OPERATING,5,2026-08-16T02:34:12.833Z,2026-08-15T23:00,82.0,91.3,81,1,0.0,0.0,0.0,0,4.8,10.5
2026-08-15T23:00:17.043413-04:00,2026-08-15,PARTY,30fe3c64-af71-4c66-a54b-aa61fd7af177,Swiss Family Treehouse,OPERATING,5,2026-08-15T12:03:52.989Z,2026-08-15T23:00,82.0,91.3,81,1,0.0,0.0,0.0,0,4.8,10.5
2026-08-15T23:00:17.043413-04:00,2026-08-15,PARTY,73cb9445-0695-47a3-87ce-d08ae36b5f3c,Tiana's Bayou Adventure,OPERATING,5,2026-08-16T02:56:58.957Z,2026-08-15T23:00,82.0,91.3,81,1,0.0,0.0,0.0,0,4.8,10.5
2026-08-15T23:00:17.043413-04:00,2026-08-15,PARTY,72c7343a-f7fb-4f66-95df-c91016de7338,Buzz Lightyear’s Space Ranger Spin,OPERATING,20,2026-08-16T02:52:06.980Z,2026-08-15T23:00,82.0,91.3,81,1,0.0,0.0,0.0,0,4.8,10.5
2026-08-15T23:00:17.043413-04:00,2026-08-15,PARTY,796b0a25-c51e-456e-9bb8-50a324e301b3,Jungle Cruise,OPERATING,5,2026-08-16T01:59:26.910Z,2026-08-15T23:00,82.0,91.3,81,1,0.0,0.0,0.0,0,4.8,10.5
2026-08-15T23:00:17.043413-04:00,2026-08-15,PARTY,0f57cecf-5502-4503-8bc3-ba84d3708ace,Country Bear Musical Jamboree,OPERATING,10,2026-08-15T16:23:52.113Z,2026-08-15T23:00,82.0,91.3,81,1,0.0,0.0,0.0,0,4.8,10.5
2026-08-15T23:00:17.043413-04:00,2026-08-15,PARTY,f010bc01-b450-4476-a5f3-a5f2813104b2,Casey Jr. Splash 'N' Soak Station,CLOSED,,2026-08-15T22:00:00.629Z,2026-08-15T23:00,82.0,91.3,81,1,0.0,0.0,0.0,0,4.8,10.5
2026-08-15T23:00:17.043413-04:00,2026-08-15,PARTY,273ddb8d-e7b5-4e34-8657-1113f49262a5,Prince Charming Regal Carrousel,OPERATING,10,2026-08-16T02:23:00.185Z,2026-08-15T23:00,82.0,91.3,81,1,0.0,0.0,0.0,0,4.8,10.5
2026-08-15T23:00:17.043413-04:00,2026-08-15,PARTY,e76c93df-31af-49a5-8e2f-752c76c937c9,Enchanted Tales with Belle,CLOSED,,2026-08-15T23:30:59.893Z,2026-08-15T23:00,82.0,91.3,81,1,0.0,0.0,0.0,0,4.8,10.5
2026-08-15T23:00:17.043413-04:00,2026-08-15,PARTY,2ebfb38c-5cb5-4de1-86c0-f7af14188022,The Hall of Presidents,CLOSED,,2026-08-16T01:01:02.647Z,2026-08-15T23:00,82.0,91.3,81,1,0.0,0.0,0.0,0,4.8,10.5
2026-08-15T23:00:17.043413-04:00,2026-08-15,PARTY,e39b831b-7731-49bb-815b-289b4f49a9fd,"Walt Disney World Railroad - Main Street, U.S.A.",CLOSED,,2026-08-16T00:46:13.470Z,2026-08-15T23:00,82.0,91.3,81,1,0.0,0.0,0.0,0,4.8,10.5
2026-08-15T23:00:17.043413-04:00,2026-08-15,PARTY,e8f0b426-7645-4ea3-8b41-b94ae7091a41,"Monsters, Inc. Laugh Floor",CLOSED,,2026-08-16T02:00:59.297Z,2026-08-15T23:00,82.0,91.3,81,1,0.0,0.0,0.0,0,4.8,10.5
2026-08-15T23:00:17.043413-04:00,2026-08-15,PARTY,8183f3f2-1b59-4b9c-b634-6a863bdf8d84,Walt Disney's Carousel of Progress,REFURBISHMENT,,2026-07-23T21:50:48.516Z,2026-08-15T23:00,82.0,91.3,81,1,0.0,0.0,0.0,0,4.8,10.5
2026-08-15T23:00:17.043413-04:00,2026-08-15,PARTY,e40ac396-cbac-43f4-8752-764ed60ccceb,Walt Disney World Railroad - Fantasyland,CLOSED,,2026-08-16T00:46:13.447Z,2026-08-15T23:00,82.0,91.3,81,1,0.0,0.0,0.0,0,4.8,10.5
2026-08-15T23:00:17.043413-04:00,2026-08-15,PARTY,6fd1e225-53a0-4a80-a577-4bbc9a471075,Walt Disney's Enchanted Tiki Room,OPERATING,10,2026-08-15T13:01:47.946Z,2026-08-15T23:00,82.0,91.3,81,1,0.0,0.0,0.0,0,4.8,10.5
2026-08-15T23:00:17.043413-04:00,2026-08-15,PARTY,de737ffc-306b-4f32-8bbb-34e5d370ec8f,A Pirate's Adventure ~ Treasures of the Seven Seas,CLOSED,,2026-08-15T22:01:00.479Z,2026-08-15T23:00,82.0,91.3,81,1,0.0,0.0,0.0,0,4.8,10.5
2026-08-15T23:00:17.043413-04:00,2026-08-15,PARTY,de3309ca-97d5-4211-bffe-739fed47e92f,Big Thunder Mountain Railroad,OPERATING,15,2026-08-16T02:48:01.513Z,2026-08-15T23:00,82.0,91.3,81,1,0.0,0.0,0.0,0,4.8,10.5
2026-08-15T23:00:17.043413-04:00,2026-08-15,PARTY,90d79335-c907-4069-a021-d0fe1ec73ae2,Cinderella Castle,OPERATING,,2026-08-15T12:00:00.469Z,2026-08-15T23:00,82.0,91.3,81,1,0.0,0.0,0.0,0,4.8,10.5
2026-08-15T23:00:17.043413-04:00,2026-08-15,PARTY,888fb4a4-7adf-47a1-8ba2-c258cc64fd75,Main Street Vehicles,CLOSED,,2026-08-15T20:01:06.089Z,2026-08-15T23:00,82.0,91.3,81,1,0.0,0.0,0.0,0,4.8,10.5
2026-08-15T23:00:17.043413-04:00,2026-08-15,PARTY,0d94ad60-72f0-4551-83a6-ebaecdd89737,The Many Adventures of Winnie the Pooh,OPERATING,20,2026-08-16T02:38:02.253Z,2026-08-15T23:00,82.0,91.3,81,1,0.0,0.0,0.0,0,4.8,10.5
2026-08-15T23:00:17.043413-04:00,2026-08-15,PARTY,352feb94-e52e-45eb-9c92-e4b44c6b1a9d,Pirates of the Caribbean,OPERATING,5,2026-08-16T02:34:12.807Z,2026-08-15T23:00,82.0,91.3,81,1,0.0,0.0,0.0,0,4.8,10.5
2026-08-15T23:00:17.043413-04:00,2026-08-15,PARTY,ffcfeaa2-1416-4920-a1ed-543c1a1695c4,Tomorrowland Transit Authority PeopleMover,OPERATING,5,2026-08-16T01:52:05.694Z,2026-08-15T23:00,82.0,91.3,81,1,0.0,0.0,0.0,0,4.8,10.5
2026-08-15T23:00:17.043413-04:00,2026-08-15,PARTY,86a41273-5f15-4b54-93b6-829f140e5161,Peter Pan's Flight,OPERATING,10,2026-08-16T02:46:06.131Z,2026-08-15T23:00,82.0,91.3,81,1,0.0,0.0,0.0,0,4.8,10.5
2026-08-15T23:00:17.043413-04:00,2026-08-15,PARTY,0aae716c-af13-4439-b638-d75fb1649df3,Mad Tea Party,OPERATING,5,2026-08-16T02:34:12.799Z,2026-08-15T23:00,82.0,91.3,81,1,0.0,0.0,0.0,0,4.8,10.5
2026-08-15T23:00:17.043413-04:00,2026-08-15,PARTY,7c5e1e02-3a44-4151-9005-44066d5ba1da,Mickey's PhilharMagic,OPERATING,15,2026-08-16T00:24:01.522Z,2026-08-15T23:00,82.0,91.3,81,1,0.0,0.0,0.0,0,4.8,10.5
2026-08-15T23:00:17.043413-04:00,2026-08-15,PARTY,924a3b2c-6b4b-49e5-99d3-e9dc3f2e8a48,The Barnstormer,OPERATING,5,2026-08-16T02:34:12.762Z,2026-08-15T23:00,82.0,91.3,81,1,0.0,0.0,0.0,0,4.8,10.5
2026-08-15T23:00:17.043413-04:00,2026-08-15,PARTY,5a43d1a7-ad53-4d25-abfe-25625f0da304,TRON Lightcycle / Run,OPERATING,85,2026-08-16T02:36:58.088Z,2026-08-15T23:00,82.0,91.3,81,1,0.0,0.0,0.0,0,4.8,10.5
2026-08-15T23:00:17.043413-04:00,2026-08-15,PARTY,9d4d5229-7142-44b6-b4fb-528920969a2c,Seven Dwarfs Mine Train,OPERATING,30,2026-08-16T02:55:00.216Z,2026-08-15T23:00,82.0,91.3,81,1,0.0,0.0,0.0,0,4.8,10.5
2026-08-15T23:00:17.043413-04:00,2026-08-15,PARTY,f5aad2d4-a419-4384-bd9a-42f86385c750,"""it's a small world""",OPERATING,5,2026-08-16T02:34:12.792Z,2026-08-15T23:00,82.0,91.3,81,1,0.0,0.0,0.0,0,4.8,10.5
2026-08-15T23:00:17.043413-04:00,2026-08-15,PARTY,b2260923-9315-40fd-9c6b-44dd811dbe64,Space Mountain,OPERATING,5,2026-08-16T02:34:12.815Z,2026-08-15T23:00,82.0,91.3,81,1,0.0,0.0,0.0,0,4.8,10.5
2026-08-15T23:00:17.043413-04:00,2026-08-15,PARTY,d9d12438-d999-4482-894b-8955fdb20ccf,Astro Orbiter,OPERATING,10,2026-08-16T01:30:02.243Z,2026-08-15T23:00,82.0,91.3,81,1,0.0,0.0,0.0,0,4.8,10.5
2026-08-15T23:00:17.043413-04:00,2026-08-15,PARTY,f163ddcd-43e1-488d-8276-2381c1db0a39,Tomorrowland Speedway,OPERATING,15,2026-08-16T02:34:12.846Z,2026-08-15T23:00,82.0,91.3,81,1,0.0,0.0,0.0,0,4.8,10.5
2026-08-15T23:00:17.043413-04:00,2026-08-15,PARTY,890fa430-89c0-4a3f-96c9-11597888005e,Dumbo the Flying Elephant,OPERATING,5,2026-08-16T02:34:12.785Z,2026-08-15T23:00,82.0,91.3,81,1,0.0,0.0,0.0,0,4.8,10.5
2026-08-15T23:00:17.043413-04:00,2026-08-15,PARTY,3cba0cb4-e2a6-402c-93ee-c11ffcb127ef,Under the Sea - Journey of The Little Mermaid,OPERATING,5,2026-08-16T02:34:12.776Z,2026-08-15T23:00,82.0,91.3,81,1,0.0,0.0,0.0,0,4.8,10.5
2026-08-18T16:00:19.437907-04:00,2026-08-18,PRE_PARTY,273ddb8d-e7b5-4e34-8657-1113f49262a5,Prince Charming Regal Carrousel,OPERATING,5,2026-08-18T18:42:31.415Z,2026-08-18T16:00,95.4,100.5,44,25,0.0,0.0,0.0,0,11.6,16.1
2026-08-18T16:00:19.437907-04:00,2026-08-18,PRE_PARTY,924a3b2c-6b4b-49e5-99d3-e9dc3f2e8a48,The Barnstormer,OPERATING,10,2026-08-18T19:58:46.475Z,2026-08-18T16:00,95.4,100.5,44,25,0.0,0.0,0.0,0,11.6,16.1
2026-08-18T16:00:19.437907-04:00,2026-08-18,PRE_PARTY,3cba0cb4-e2a6-402c-93ee-c11ffcb127ef,Under the Sea - Journey of The Little Mermaid,OPERATING,5,2026-08-18T19:58:46.483Z,2026-08-18T16:00,95.4,100.5,44,25,0.0,0.0,0.0,0,11.6,16.1
2026-08-18T16:00:19.437907-04:00,2026-08-18,PRE_PARTY,73cb9445-0695-47a3-87ce-d08ae36b5f3c,Tiana's Bayou Adventure,OPERATING,35,2026-08-18T19:58:46.536Z,2026-08-18T16:00,95.4,100.5,44,25,0.0,0.0,0.0,0,11.6,16.1
2026-08-18T16:00:19.437907-04:00,2026-08-18,PRE_PARTY,f5aad2d4-a419-4384-bd9a-42f86385c750,"""it's a small world""",OPERATING,5,2026-08-18T19:58:46.561Z,2026-08-18T16:00,95.4,100.5,44,25,0.0,0.0,0.0,0,11.6,16.1
2026-08-18T16:00:19.437907-04:00,2026-08-18,PRE_PARTY,352feb94-e52e-45eb-9c92-e4b44c6b1a9d,Pirates of the Caribbean,OPERATING,5,2026-08-18T19:58:46.633Z,2026-08-18T16:00,95.4,100.5,44,25,0.0,0.0,0.0,0,11.6,16.1
2026-08-18T16:00:19.437907-04:00,2026-08-18,PRE_PARTY,72c7343a-f7fb-4f66-95df-c91016de7338,Buzz Lightyear’s Space Ranger Spin,DOWN,,2026-08-18T19:24:27.924Z,2026-08-18T16:00,95.4,100.5,44,25,0.0,0.0,0.0,0,11.6,16.1
2026-08-18T16:00:19.437907-04:00,2026-08-18,PRE_PARTY,f010bc01-b450-4476-a5f3-a5f2813104b2,Casey Jr. Splash 'N' Soak Station,OPERATING,,2026-08-18T12:00:00.690Z,2026-08-18T16:00,95.4,100.5,44,25,0.0,0.0,0.0,0,11.6,16.1
2026-08-18T16:00:19.437907-04:00,2026-08-18,PRE_PARTY,b2260923-9315-40fd-9c6b-44dd811dbe64,Space Mountain,OPERATING,25,2026-08-18T19:58:46.643Z,2026-08-18T16:00,95.4,100.5,44,25,0.0,0.0,0.0,0,11.6,16.1
2026-08-18T16:00:19.437907-04:00,2026-08-18,PRE_PARTY,e39b831b-7731-49bb-815b-289b4f49a9fd,"Walt Disney World Railroad - Main Street, U.S.A.",OPERATING,20,2026-08-18T16:32:26.487Z,2026-08-18T16:00,95.4,100.5,44,25,0.0,0.0,0.0,0,11.6,16.1
2026-08-18T16:00:19.437907-04:00,2026-08-18,PRE_PARTY,2ebfb38c-5cb5-4de1-86c0-f7af14188022,The Hall of Presidents,OPERATING,,2026-08-18T13:08:14.357Z,2026-08-18T16:00,95.4,100.5,44,25,0.0,0.0,0.0,0,11.6,16.1
2026-08-18T16:00:19.437907-04:00,2026-08-18,PRE_PARTY,7c5e1e02-3a44-4151-9005-44066d5ba1da,Mickey's PhilharMagic,OPERATING,15,2026-08-18T19:58:46.612Z,2026-08-18T16:00,95.4,100.5,44,25,0.0,0.0,0.0,0,11.6,16.1
2026-08-18T16:00:19.437907-04:00,2026-08-18,PRE_PARTY,8183f3f2-1b59-4b9c-b634-6a863bdf8d84,Walt Disney's Carousel of Progress,REFURBISHMENT,,2026-07-23T21:50:48.516Z,2026-08-18T16:00,95.4,100.5,44,25,0.0,0.0,0.0,0,11.6,16.1
2026-08-18T16:00:19.437907-04:00,2026-08-18,PRE_PARTY,e40ac396-cbac-43f4-8752-764ed60ccceb,Walt Disney World Railroad - Fantasyland,OPERATING,20,2026-08-18T16:32:26.470Z,2026-08-18T16:00,95.4,100.5,44,25,0.0,0.0,0.0,0,11.6,16.1
2026-08-18T16:00:19.437907-04:00,2026-08-18,PRE_PARTY,e8f0b426-7645-4ea3-8b41-b94ae7091a41,"Monsters, Inc. Laugh Floor",OPERATING,10,2026-08-18T19:55:21.729Z,2026-08-18T16:00,95.4,100.5,44,25,0.0,0.0,0.0,0,11.6,16.1
2026-08-18T16:00:19.437907-04:00,2026-08-18,PRE_PARTY,86a41273-5f15-4b54-93b6-829f140e5161,Peter Pan's Flight,OPERATING,30,2026-08-18T19:52:26.438Z,2026-08-18T16:00,95.4,100.5,44,25,0.0,0.0,0.0,0,11.6,16.1
2026-08-18T16:00:19.437907-04:00,2026-08-18,PRE_PARTY,de737ffc-306b-4f32-8bbb-34e5d370ec8f,A Pirate's Adventure ~ Treasures of the Seven Seas,OPERATING,,2026-08-18T16:01:42.855Z,2026-08-18T16:00,95.4,100.5,44,25,0.0,0.0,0.0,0,11.6,16.1
2026-08-18T16:00:19.437907-04:00,2026-08-18,PRE_PARTY,5a43d1a7-ad53-4d25-abfe-25625f0da304,TRON Lightcycle / Run,OPERATING,50,2026-08-18T19:59:26.390Z,2026-08-18T16:00,95.4,100.5,44,25,0.0,0.0,0.0,0,11.6,16.1
2026-08-18T16:00:19.437907-04:00,2026-08-18,PRE_PARTY,de3309ca-97d5-4211-bffe-739fed47e92f,Big Thunder Mountain Railroad,OPERATING,25,2026-08-18T19:23:25.841Z,2026-08-18T16:00,95.4,100.5,44,25,0.0,0.0,0.0,0,11.6,16.1
2026-08-18T16:00:19.437907-04:00,2026-08-18,PRE_PARTY,90d79335-c907-4069-a021-d0fe1ec73ae2,Cinderella Castle,OPERATING,,2026-08-18T12:00:00.710Z,2026-08-18T16:00,95.4,100.5,44,25,0.0,0.0,0.0,0,11.6,16.1
2026-08-18T16:00:19.437907-04:00,2026-08-18,PRE_PARTY,888fb4a4-7adf-47a1-8ba2-c258cc64fd75,Main Street Vehicles,OPERATING,,2026-08-18T13:01:31.068Z,2026-08-18T16:00,95.4,100.5,44,25,0.0,0.0,0.0,0,11.6,16.1
2026-08-18T16:00:19.437907-04:00,2026-08-18,PRE_PARTY,796b0a25-c51e-456e-9bb8-50a324e301b3,Jungle Cruise,OPERATING,25,2026-08-18T19:35:27.460Z,2026-08-18T16:00,95.4,100.5,44,25,0.0,0.0,0.0,0,11.6,16.1
2026-08-18T16:00:19.437907-04:00,2026-08-18,PRE_PARTY,6fd1e225-53a0-4a80-a577-4bbc9a471075,Walt Disney's Enchanted Tiki Room,OPERATING,10,2026-08-18T13:01:30.891Z,2026-08-18T16:00,95.4,100.5,44,25,0.0,0.0,0.0,0,11.6,16.1
2026-08-18T16:00:19.437907-04:00,2026-08-18,PRE_PARTY,0f57cecf-5502-4503-8bc3-ba84d3708ace,Country Bear Musical Jamboree,OPERATING,10,2026-08-18T13:27:23.772Z,2026-08-18T16:00,95.4,100.5,44,25,0.0,0.0,0.0,0,11.6,16.1
2026-08-18T16:00:19.437907-04:00,2026-08-18,PRE_PARTY,890fa430-89c0-4a3f-96c9-11597888005e,Dumbo the Flying Elephant,OPERATING,10,2026-08-18T19:58:46.552Z,2026-08-18T16:00,95.4,100.5,44,25,0.0,0.0,0.0,0,11.6,16.1
2026-08-18T16:00:19.437907-04:00,2026-08-18,PRE_PARTY,f163ddcd-43e1-488d-8276-2381c1db0a39,Tomorrowland Speedway,OPERATING,5,2026-08-18T19:58:46.670Z,2026-08-18T16:00,95.4,100.5,44,25,0.0,0.0,0.0,0,11.6,16.1
2026-08-18T16:00:19.437907-04:00,2026-08-18,PRE_PARTY,9d4d5229-7142-44b6-b4fb-528920969a2c,Seven Dwarfs Mine Train,OPERATING,35,2026-08-18T19:51:30.369Z,2026-08-18T16:00,95.4,100.5,44,25,0.0,0.0,0.0,0,11.6,16.1
2026-08-18T16:00:19.437907-04:00,2026-08-18,PRE_PARTY,96455de6-f4f1-403c-9391-bf8396979149,The Magic Carpets of Aladdin,OPERATING,5,2026-08-18T19:55:21.956Z,2026-08-18T16:00,95.4,100.5,44,25,0.0,0.0,0.0,0,11.6,16.1
2026-08-18T16:00:19.437907-04:00,2026-08-18,PRE_PARTY,e76c93df-31af-49a5-8e2f-752c76c937c9,Enchanted Tales with Belle,OPERATING,15,2026-08-18T19:56:26.698Z,2026-08-18T16:00,95.4,100.5,44,25,0.0,0.0,0.0,0,11.6,16.1
2026-08-18T16:00:19.437907-04:00,2026-08-18,PRE_PARTY,2551a77d-023f-4ab1-9a19-8afec0190f39,Haunted Mansion,OPERATING,13,2026-08-18T19:58:46.660Z,2026-08-18T16:00,95.4,100.5,44,25,0.0,0.0,0.0,0,11.6,16.1
2026-08-18T16:00:19.437907-04:00,2026-08-18,PRE_PARTY,30fe3c64-af71-4c66-a54b-aa61fd7af177,Swiss Family Treehouse,OPERATING,5,2026-08-18T12:01:29.219Z,2026-08-18T16:00,95.4,100.5,44,25,0.0,0.0,0.0,0,11.6,16.1
2026-08-18T16:00:19.437907-04:00,2026-08-18,PRE_PARTY,0d94ad60-72f0-4551-83a6-ebaecdd89737,The Many Adventures of Winnie the Pooh,OPERATING,20,2026-08-18T19:44:26.458Z,2026-08-18T16:00,95.4,100.5,44,25,0.0,0.0,0.0,0,11.6,16.1
2026-08-18T16:00:19.437907-04:00,2026-08-18,PRE_PARTY,0aae716c-af13-4439-b638-d75fb1649df3,Mad Tea Party,OPERATING,5,2026-08-18T19:55:21.895Z,2026-08-18T16:00,95.4,100.5,44,25,0.0,0.0,0.0,0,11.6,16.1
2026-08-18T16:00:19.437907-04:00,2026-08-18,PRE_PARTY,d9d12438-d999-4482-894b-8955fdb20ccf,Astro Orbiter,OPERATING,10,2026-08-18T19:38:26.357Z,2026-08-18T16:00,95.4,100.5,44,25,0.0,0.0,0.0,0,11.6,16.1
2026-08-18T16:00:19.437907-04:00,2026-08-18,PRE_PARTY,ffcfeaa2-1416-4920-a1ed-543c1a1695c4,Tomorrowland Transit Authority PeopleMover,OPERATING,5,2026-08-18T19:38:26.382Z,2026-08-18T16:00,95.4,100.5,44,25,0.0,0.0,0.0,0,11.6,16.1
2026-08-18T16:15:13.390307-04:00,2026-08-18,PRE_PARTY,273ddb8d-e7b5-4e34-8657-1113f49262a5,Prince Charming Regal Carrousel,OPERATING,5,2026-08-18T18:42:31.415Z,2026-08-18T16:15,95.8,101.9,47,23,0.0,0.0,0.0,0,11.7,15.9
2026-08-18T16:15:13.390307-04:00,2026-08-18,PRE_PARTY,73cb9445-0695-47a3-87ce-d08ae36b5f3c,Tiana's Bayou Adventure,OPERATING,35,2026-08-18T19:58:46.536Z,2026-08-18T16:15,95.8,101.9,47,23,0.0,0.0,0.0,0,11.7,15.9
2026-08-18T16:15:13.390307-04:00,2026-08-18,PRE_PARTY,72c7343a-f7fb-4f66-95df-c91016de7338,Buzz Lightyear’s Space Ranger Spin,OPERATING,15,2026-08-18T20:08:31.803Z,2026-08-18T16:15,95.8,101.9,47,23,0.0,0.0,0.0,0,11.7,15.9
2026-08-18T16:15:13.390307-04:00,2026-08-18,PRE_PARTY,f010bc01-b450-4476-a5f3-a5f2813104b2,Casey Jr. Splash 'N' Soak Station,OPERATING,,2026-08-18T12:00:00.690Z,2026-08-18T16:15,95.8,101.9,47,23,0.0,0.0,0.0,0,11.7,15.9
2026-08-18T16:15:13.390307-04:00,2026-08-18,PRE_PARTY,352feb94-e52e-45eb-9c92-e4b44c6b1a9d,Pirates of the Caribbean,OPERATING,5,2026-08-18T20:14:33.103Z,2026-08-18T16:15,95.8,101.9,47,23,0.0,0.0,0.0,0,11.7,15.9
2026-08-18T16:15:13.390307-04:00,2026-08-18,PRE_PARTY,0d94ad60-72f0-4551-83a6-ebaecdd89737,The Many Adventures of Winnie the Pooh,OPERATING,30,2026-08-18T20:14:28.039Z,2026-08-18T16:15,95.8,101.9,47,23,0.0,0.0,0.0,0,11.7,15.9
2026-08-18T16:15:13.390307-04:00,2026-08-18,PRE_PARTY,924a3b2c-6b4b-49e5-99d3-e9dc3f2e8a48,The Barnstormer,OPERATING,10,2026-08-18T20:14:32.980Z,2026-08-18T16:15,95.8,101.9,47,23,0.0,0.0,0.0,0,11.7,15.9
2026-08-18T16:15:13.390307-04:00,2026-08-18,PRE_PARTY,3cba0cb4-e2a6-402c-93ee-c11ffcb127ef,Under the Sea - Journey of The Little Mermaid,OPERATING,5,2026-08-18T20:14:32.988Z,2026-08-18T16:15,95.8,101.9,47,23,0.0,0.0,0.0,0,11.7,15.9
2026-08-18T16:15:13.390307-04:00,2026-08-18,PRE_PARTY,e39b831b-7731-49bb-815b-289b4f49a9fd,"Walt Disney World Railroad - Main Street, U.S.A.",OPERATING,20,2026-08-18T16:32:26.487Z,2026-08-18T16:15,95.8,101.9,47,23,0.0,0.0,0.0,0,11.7,15.9
2026-08-18T16:15:13.390307-04:00,2026-08-18,PRE_PARTY,f5aad2d4-a419-4384-bd9a-42f86385c750,"""it's a small world""",OPERATING,5,2026-08-18T20:14:33.058Z,2026-08-18T16:15,95.8,101.9,47,23,0.0,0.0,0.0,0,11.7,15.9
2026-08-18T16:15:13.390307-04:00,2026-08-18,PRE_PARTY,2ebfb38c-5cb5-4de1-86c0-f7af14188022,The Hall of Presidents,OPERATING,,2026-08-18T13:08:14.357Z,2026-08-18T16:15,95.8,101.9,47,23,0.0,0.0,0.0,0,11.7,15.9
2026-08-18T16:15:13.390307-04:00,2026-08-18,PRE_PARTY,b2260923-9315-40fd-9c6b-44dd811dbe64,Space Mountain,OPERATING,30,2026-08-18T20:14:33.110Z,2026-08-18T16:15,95.8,101.9,47,23,0.0,0.0,0.0,0,11.7,15.9
2026-08-18T16:15:13.390307-04:00,2026-08-18,PRE_PARTY,2551a77d-023f-4ab1-9a19-8afec0190f39,Haunted Mansion,OPERATING,20,2026-08-18T20:14:33.125Z,2026-08-18T16:15,95.8,101.9,47,23,0.0,0.0,0.0,0,11.7,15.9
2026-08-18T16:15:13.390307-04:00,2026-08-18,PRE_PARTY,96455de6-f4f1-403c-9391-bf8396979149,The Magic Carpets of Aladdin,OPERATING,5,2026-08-18T20:14:33.133Z,2026-08-18T16:15,95.8,101.9,47,23,0.0,0.0,0.0,0,11.7,15.9
2026-08-18T16:15:13.390307-04:00,2026-08-18,PRE_PARTY,7c5e1e02-3a44-4151-9005-44066d5ba1da,Mickey's PhilharMagic,OPERATING,15,2026-08-18T20:14:33.083Z,2026-08-18T16:15,95.8,101.9,47,23,0.0,0.0,0.0,0,11.7,15.9
2026-08-18T16:15:13.390307-04:00,2026-08-18,PRE_PARTY,8183f3f2-1b59-4b9c-b634-6a863bdf8d84,Walt Disney's Carousel of Progress,REFURBISHMENT,,2026-07-23T21:50:48.516Z,2026-08-18T16:15,95.8,101.9,47,23,0.0,0.0,0.0,0,11.7,15.9
2026-08-18T16:15:13.390307-04:00,2026-08-18,PRE_PARTY,e40ac396-cbac-43f4-8752-764ed60ccceb,Walt Disney World Railroad - Fantasyland,OPERATING,20,2026-08-18T16:32:26.470Z,2026-08-18T16:15,95.8,101.9,47,23,0.0,0.0,0.0,0,11.7,15.9
2026-08-18T16:15:13.390307-04:00,2026-08-18,PRE_PARTY,e8f0b426-7645-4ea3-8b41-b94ae7091a41,"Monsters, Inc. Laugh Floor",OPERATING,10,2026-08-18T20:14:32.970Z,2026-08-18T16:15,95.8,101.9,47,23,0.0,0.0,0.0,0,11.7,15.9
2026-08-18T16:15:13.390307-04:00,2026-08-18,PRE_PARTY,86a41273-5f15-4b54-93b6-829f140e5161,Peter Pan's Flight,OPERATING,30,2026-08-18T19:52:26.438Z,2026-08-18T16:15,95.8,101.9,47,23,0.0,0.0,0.0,0,11.7,15.9
2026-08-18T16:15:13.390307-04:00,2026-08-18,PRE_PARTY,de737ffc-306b-4f32-8bbb-34e5d370ec8f,A Pirate's Adventure ~ Treasures of the Seven Seas,OPERATING,,2026-08-18T16:01:42.855Z,2026-08-18T16:15,95.8,101.9,47,23,0.0,0.0,0.0,0,11.7,15.9
2026-08-18T16:15:13.390307-04:00,2026-08-18,PRE_PARTY,5a43d1a7-ad53-4d25-abfe-25625f0da304,TRON Lightcycle / Run,OPERATING,45,2026-08-18T20:11:28.459Z,2026-08-18T16:15,95.8,101.9,47,23,0.0,0.0,0.0,0,11.7,15.9
2026-08-18T16:15:13.390307-04:00,2026-08-18,PRE_PARTY,de3309ca-97d5-4211-bffe-739fed47e92f,Big Thunder Mountain Railroad,OPERATING,20,2026-08-18T20:01:26.278Z,2026-08-18T16:15,95.8,101.9,47,23,0.0,0.0,0.0,0,11.7,15.9
2026-08-18T16:15:13.390307-04:00,2026-08-18,PRE_PARTY,90d79335-c907-4069-a021-d0fe1ec73ae2,Cinderella Castle,OPERATING,,2026-08-18T12:00:00.710Z,2026-08-18T16:15,95.8,101.9,47,23,0.0,0.0,0.0,0,11.7,15.9
2026-08-18T16:15:13.390307-04:00,2026-08-18,PRE_PARTY,888fb4a4-7adf-47a1-8ba2-c258cc64fd75,Main Street Vehicles,CLOSED,,2026-08-18T20:00:27.601Z,2026-08-18T16:15,95.8,101.9,47,23,0.0,0.0,0.0,0,11.7,15.9
2026-08-18T16:15:13.390307-04:00,2026-08-18,PRE_PARTY,796b0a25-c51e-456e-9bb8-50a324e301b3,Jungle Cruise,OPERATING,20,2026-08-18T20:10:34.163Z,2026-08-18T16:15,95.8,101.9,47,23,0.0,0.0,0.0,0,11.7,15.9
2026-08-18T16:15:13.390307-04:00,2026-08-18,PRE_PARTY,6fd1e225-53a0-4a80-a577-4bbc9a471075,Walt Disney's Enchanted Tiki Room,OPERATING,10,2026-08-18T13:01:30.891Z,2026-08-18T16:15,95.8,101.9,47,23,0.0,0.0,0.0,0,11.7,15.9
2026-08-18T16:15:13.390307-04:00,2026-08-18,PRE_PARTY,0f57cecf-5502-4503-8bc3-ba84d3708ace,Country Bear Musical Jamboree,OPERATING,10,2026-08-18T13:27:23.772Z,2026-08-18T16:15,95.8,101.9,47,23,0.0,0.0,0.0,0,11.7,15.9
2026-08-18T16:15:13.390307-04:00,2026-08-18,PRE_PARTY,890fa430-89c0-4a3f-96c9-11597888005e,Dumbo the Flying Elephant,OPERATING,5,2026-08-18T20:14:33.050Z,2026-08-18T16:15,95.8,101.9,47,23,0.0,0.0,0.0,0,11.7,15.9
2026-08-18T16:15:13.390307-04:00,2026-08-18,PRE_PARTY,f163ddcd-43e1-488d-8276-2381c1db0a39,Tomorrowland Speedway,OPERATING,5,2026-08-18T20:14:33.150Z,2026-08-18T16:15,95.8,101.9,47,23,0.0,0.0,0.0,0,11.7,15.9
2026-08-18T16:15:13.390307-04:00,2026-08-18,PRE_PARTY,9d4d5229-7142-44b6-b4fb-528920969a2c,Seven Dwarfs Mine Train,OPERATING,40,2026-08-18T20:00:27.587Z,2026-08-18T16:15,95.8,101.9,47,23,0.0,0.0,0.0,0,11.7,15.9
2026-08-18T16:15:13.390307-04:00,2026-08-18,PRE_PARTY,e76c93df-31af-49a5-8e2f-752c76c937c9,Enchanted Tales with Belle,OPERATING,15,2026-08-18T19:56:26.698Z,2026-08-18T16:15,95.8,101.9,47,23,0.0,0.0,0.0,0,11.7,15.9
2026-08-18T16:15:13.390307-04:00,2026-08-18,PRE_PARTY,30fe3c64-af71-4c66-a54b-aa61fd7af177,Swiss Family Treehouse,OPERATING,5,2026-08-18T12:01:29.219Z,2026-08-18T16:15,95.8,101.9,47,23,0.0,0.0,0.0,0,11.7,15.9
2026-08-18T16:15:13.390307-04:00,2026-08-18,PRE_PARTY,0aae716c-af13-4439-b638-d75fb1649df3,Mad Tea Party,OPERATING,5,2026-08-18T20:14:33.074Z,2026-08-18T16:15,95.8,101.9,47,23,0.0,0.0,0.0,0,11.7,15.9
2026-08-18T16:15:13.390307-04:00,2026-08-18,PRE_PARTY,d9d12438-d999-4482-894b-8955fdb20ccf,Astro Orbiter,OPERATING,5,2026-08-18T20:14:28.018Z,2026-08-18T16:15,95.8,101.9,47,23,0.0,0.0,0.0,0,11.7,15.9
2026-08-18T16:15:13.390307-04:00,2026-08-18,PRE_PARTY,ffcfeaa2-1416-4920-a1ed-543c1a1695c4,Tomorrowland Transit Authority PeopleMover,OPERATING,5,2026-08-18T19:38:26.382Z,2026-08-18T16:15,95.8,101.9,47,23,0.0,0.0,0.0,0,11.7,15.9
2026-08-18T16:30:15.075765-04:00,2026-08-18,PRE_PARTY,273ddb8d-e7b5-4e34-8657-1113f49262a5,Prince Charming Regal Carrousel,OPERATING,5,2026-08-18T18:42:31.415Z,2026-08-18T16:30,96.0,101.4,46,21,0.0,0.0,0.0,0,11.6,15.7
2026-08-18T16:30:15.075765-04:00,2026-08-18,PRE_PARTY,72c7343a-f7fb-4f66-95df-c91016de7338,Buzz Lightyear’s Space Ranger Spin,OPERATING,40,2026-08-18T20:22:27.933Z,2026-08-18T16:30,96.0,101.4,46,21,0.0,0.0,0.0,0,11.6,15.7
2026-08-18T16:30:15.075765-04:00,2026-08-18,PRE_PARTY,f010bc01-b450-4476-a5f3-a5f2813104b2,Casey Jr. Splash 'N' Soak Station,OPERATING,,2026-08-18T12:00:00.690Z,2026-08-18T16:30,96.0,101.4,46,21,0.0,0.0,0.0,0,11.6,15.7
2026-08-18T16:30:15.075765-04:00,2026-08-18,PRE_PARTY,0d94ad60-72f0-4551-83a6-ebaecdd89737,The Many Adventures of Winnie the Pooh,OPERATING,30,2026-08-18T20:14:28.039Z,2026-08-18T16:30,96.0,101.4,46,21,0.0,0.0,0.0,0,11.6,15.7
2026-08-18T16:30:15.075765-04:00,2026-08-18,PRE_PARTY,e39b831b-7731-49bb-815b-289b4f49a9fd,"Walt Disney World Railroad - Main Street, U.S.A.",OPERATING,20,2026-08-18T16:32:26.487Z,2026-08-18T16:30,96.0,101.4,46,21,0.0,0.0,0.0,0,11.6,15.7
2026-08-18T16:30:15.075765-04:00,2026-08-18,PRE_PARTY,2ebfb38c-5cb5-4de1-86c0-f7af14188022,The Hall of Presidents,OPERATING,,2026-08-18T13:08:14.357Z,2026-08-18T16:30,96.0,101.4,46,21,0.0,0.0,0.0,0,11.6,15.7
2026-08-18T16:30:15.075765-04:00,2026-08-18,PRE_PARTY,7c5e1e02-3a44-4151-9005-44066d5ba1da,Mickey's PhilharMagic,OPERATING,15,2026-08-18T20:29:28.410Z,2026-08-18T16:30,96.0,101.4,46,21,0.0,0.0,0.0,0,11.6,15.7
2026-08-18T16:30:15.075765-04:00,2026-08-18,PRE_PARTY,8183f3f2-1b59-4b9c-b634-6a863bdf8d84,Walt Disney's Carousel of Progress,REFURBISHMENT,,2026-07-23T21:50:48.516Z,2026-08-18T16:30,96.0,101.4,46,21,0.0,0.0,0.0,0,11.6,15.7
2026-08-18T16:30:15.075765-04:00,2026-08-18,PRE_PARTY,73cb9445-0695-47a3-87ce-d08ae36b5f3c,Tiana's Bayou Adventure,OPERATING,25,2026-08-18T20:18:26.297Z,2026-08-18T16:30,96.0,101.4,46,21,0.0,0.0,0.0,0,11.6,15.7
2026-08-18T16:30:15.075765-04:00,2026-08-18,PRE_PARTY,e40ac396-cbac-43f4-8752-764ed60ccceb,Walt Disney World Railroad - Fantasyland,OPERATING,20,2026-08-18T16:32:26.470Z,2026-08-18T16:30,96.0,101.4,46,21,0.0,0.0,0.0,0,11.6,15.7
2026-08-18T16:30:15.075765-04:00,2026-08-18,PRE_PARTY,924a3b2c-6b4b-49e5-99d3-e9dc3f2e8a48,The Barnstormer,OPERATING,5,2026-08-18T20:23:40.898Z,2026-08-18T16:30,96.0,101.4,46,21,0.0,0.0,0.0,0,11.6,15.7
2026-08-18T16:30:15.075765-04:00,2026-08-18,PRE_PARTY,2551a77d-023f-4ab1-9a19-8afec0190f39,Haunted Mansion,OPERATING,20,2026-08-18T20:29:28.441Z,2026-08-18T16:30,96.0,101.4,46,21,0.0,0.0,0.0,0,11.6,15.7
2026-08-18T16:30:15.075765-04:00,2026-08-18,PRE_PARTY,96455de6-f4f1-403c-9391-bf8396979149,The Magic Carpets of Aladdin,OPERATING,5,2026-08-18T20:23:41.135Z,2026-08-18T16:30,96.0,101.4,46,21,0.0,0.0,0.0,0,11.6,15.7
2026-08-18T16:30:15.075765-04:00,2026-08-18,PRE_PARTY,3cba0cb4-e2a6-402c-93ee-c11ffcb127ef,Under the Sea - Journey of The Little Mermaid,OPERATING,5,2026-08-18T20:29:28.307Z,2026-08-18T16:30,96.0,101.4,46,21,0.0,0.0,0.0,0,11.6,15.7
2026-08-18T16:30:15.075765-04:00,2026-08-18,PRE_PARTY,f5aad2d4-a419-4384-bd9a-42f86385c750,"""it's a small world""",OPERATING,5,2026-08-18T20:29:28.383Z,2026-08-18T16:30,96.0,101.4,46,21,0.0,0.0,0.0,0,11.6,15.7
2026-08-18T16:30:15.075765-04:00,2026-08-18,PRE_PARTY,352feb94-e52e-45eb-9c92-e4b44c6b1a9d,Pirates of the Caribbean,OPERATING,5,2026-08-18T20:29:28.417Z,2026-08-18T16:30,96.0,101.4,46,21,0.0,0.0,0.0,0,11.6,15.7
2026-08-18T16:30:15.075765-04:00,2026-08-18,PRE_PARTY,b2260923-9315-40fd-9c6b-44dd811dbe64,Space Mountain,OPERATING,25,2026-08-18T20:29:28.425Z,2026-08-18T16:30,96.0,101.4,46,21,0.0,0.0,0.0,0,11.6,15.7
2026-08-18T16:30:15.075765-04:00,2026-08-18,PRE_PARTY,e8f0b426-7645-4ea3-8b41-b94ae7091a41,"Monsters, Inc. Laugh Floor",OPERATING,10,2026-08-18T20:23:40.890Z,2026-08-18T16:30,96.0,101.4,46,21,0.0,0.0,0.0,0,11.6,15.7
2026-08-18T16:30:15.075765-04:00,2026-08-18,PRE_PARTY,86a41273-5f15-4b54-93b6-829f140e5161,Peter Pan's Flight,OPERATING,30,2026-08-18T19:52:26.438Z,2026-08-18T16:30,96.0,101.4,46,21,0.0,0.0,0.0,0,11.6,15.7
2026-08-18T16:30:15.075765-04:00,2026-08-18,PRE_PARTY,de737ffc-306b-4f32-8bbb-34e5d370ec8f,A Pirate's Adventure ~ Treasures of the Seven Seas,OPERATING,,2026-08-18T16:01:42.855Z,2026-08-18T16:30,96.0,101.4,46,21,0.0,0.0,0.0,0,11.6,15.7
2026-08-18T16:30:15.075765-04:00,2026-08-18,PRE_PARTY,5a43d1a7-ad53-4d25-abfe-25625f0da304,TRON Lightcycle / Run,OPERATING,65,2026-08-18T20:24:30.361Z,2026-08-18T16:30,96.0,101.4,46,21,0.0,0.0,0.0,0,11.6,15.7
2026-08-18T16:30:15.075765-04:00,2026-08-18,PRE_PARTY,de3309ca-97d5-4211-bffe-739fed47e92f,Big Thunder Mountain Railroad,OPERATING,20,2026-08-18T20:01:26.278Z,2026-08-18T16:30,96.0,101.4,46,21,0.0,0.0,0.0,0,11.6,15.7
2026-08-18T16:30:15.075765-04:00,2026-08-18,PRE_PARTY,90d79335-c907-4069-a021-d0fe1ec73ae2,Cinderella Castle,OPERATING,,2026-08-18T12:00:00.710Z,2026-08-18T16:30,96.0,101.4,46,21,0.0,0.0,0.0,0,11.6,15.7
2026-08-18T16:30:15.075765-04:00,2026-08-18,PRE_PARTY,888fb4a4-7adf-47a1-8ba2-c258cc64fd75,Main Street Vehicles,CLOSED,,2026-08-18T20:00:27.601Z,2026-08-18T16:30,96.0,101.4,46,21,0.0,0.0,0.0,0,11.6,15.7
2026-08-18T16:30:15.075765-04:00,2026-08-18,PRE_PARTY,796b0a25-c51e-456e-9bb8-50a324e301b3,Jungle Cruise,OPERATING,30,2026-08-18T20:25:26.654Z,2026-08-18T16:30,96.0,101.4,46,21,0.0,0.0,0.0,0,11.6,15.7
2026-08-18T16:30:15.075765-04:00,2026-08-18,PRE_PARTY,6fd1e225-53a0-4a80-a577-4bbc9a471075,Walt Disney's Enchanted Tiki Room,OPERATING,10,2026-08-18T13:01:30.891Z,2026-08-18T16:30,96.0,101.4,46,21,0.0,0.0,0.0,0,11.6,15.7
2026-08-18T16:30:15.075765-04:00,2026-08-18,PRE_PARTY,0f57cecf-5502-4503-8bc3-ba84d3708ace,Country Bear Musical Jamboree,OPERATING,10,2026-08-18T13:27:23.772Z,2026-08-18T16:30,96.0,101.4,46,21,0.0,0.0,0.0,0,11.6,15.7
2026-08-18T16:30:15.075765-04:00,2026-08-18,PRE_PARTY,890fa430-89c0-4a3f-96c9-11597888005e,Dumbo the Flying Elephant,OPERATING,5,2026-08-18T20:29:28.377Z,2026-08-18T16:30,96.0,101.4,46,21,0.0,0.0,0.0,0,11.6,15.7
2026-08-18T16:30:15.075765-04:00,2026-08-18,PRE_PARTY,f163ddcd-43e1-488d-8276-2381c1db0a39,Tomorrowland Speedway,OPERATING,10,2026-08-18T20:29:25.271Z,2026-08-18T16:30,96.0,101.4,46,21,0.0,0.0,0.0,0,11.6,15.7
2026-08-18T16:30:15.075765-04:00,2026-08-18,PRE_PARTY,9d4d5229-7142-44b6-b4fb-528920969a2c,Seven Dwarfs Mine Train,OPERATING,45,2026-08-18T20:23:40.918Z,2026-08-18T16:30,96.0,101.4,46,21,0.0,0.0,0.0,0,11.6,15.7
2026-08-18T16:30:15.075765-04:00,2026-08-18,PRE_PARTY,e76c93df-31af-49a5-8e2f-752c76c937c9,Enchanted Tales with Belle,OPERATING,10,2026-08-18T20:15:47.557Z,2026-08-18T16:30,96.0,101.4,46,21,0.0,0.0,0.0,0,11.6,15.7
2026-08-18T16:30:15.075765-04:00,2026-08-18,PRE_PARTY,30fe3c64-af71-4c66-a54b-aa61fd7af177,Swiss Family Treehouse,OPERATING,5,2026-08-18T12:01:29.219Z,2026-08-18T16:30,96.0,101.4,46,21,0.0,0.0,0.0,0,11.6,15.7
2026-08-18T16:30:15.075765-04:00,2026-08-18,PRE_PARTY,0aae716c-af13-4439-b638-d75fb1649df3,Mad Tea Party,OPERATING,5,2026-08-18T20:23:41.067Z,2026-08-18T16:30,96.0,101.4,46,21,0.0,0.0,0.0,0,11.6,15.7
2026-08-18T16:30:15.075765-04:00,2026-08-18,PRE_PARTY,d9d12438-d999-4482-894b-8955fdb20ccf,Astro Orbiter,OPERATING,5,2026-08-18T20:14:28.018Z,2026-08-18T16:30,96.0,101.4,46,21,0.0,0.0,0.0,0,11.6,15.7
2026-08-18T16:30:15.075765-04:00,2026-08-18,PRE_PARTY,ffcfeaa2-1416-4920-a1ed-543c1a1695c4,Tomorrowland Transit Authority PeopleMover,OPERATING,5,2026-08-18T19:38:26.382Z,2026-08-18T16:30,96.0,101.4,46,21,0.0,0.0,0.0,0,11.6,15.7
2026-08-18T16:45:10.896414-04:00,2026-08-18,PRE_PARTY,273ddb8d-e7b5-4e34-8657-1113f49262a5,Prince Charming Regal Carrousel,OPERATING,5,2026-08-18T18:42:31.415Z,2026-08-18T16:45,94.9,100.0,48,18,0.0,0.0,0.0,2,9.9,14.3
2026-08-18T16:45:10.896414-04:00,2026-08-18,PRE_PARTY,72c7343a-f7fb-4f66-95df-c91016de7338,Buzz Lightyear’s Space Ranger Spin,OPERATING,35,2026-08-18T20:43:28.739Z,2026-08-18T16:45,94.9,100.0,48,18,0.0,0.0,0.0,2,9.9,14.3
2026-08-18T16:45:10.896414-04:00,2026-08-18,PRE_PARTY,f010bc01-b450-4476-a5f3-a5f2813104b2,Casey Jr. Splash 'N' Soak Station,OPERATING,,2026-08-18T12:00:00.690Z,2026-08-18T16:45,94.9,100.0,48,18,0.0,0.0,0.0,2,9.9,14.3
2026-08-18T16:45:10.896414-04:00,2026-08-18,PRE_PARTY,e39b831b-7731-49bb-815b-289b4f49a9fd,"Walt Disney World Railroad - Main Street, U.S.A.",OPERATING,20,2026-08-18T16:32:26.487Z,2026-08-18T16:45,94.9,100.0,48,18,0.0,0.0,0.0,2,9.9,14.3
2026-08-18T16:45:10.896414-04:00,2026-08-18,PRE_PARTY,2ebfb38c-5cb5-4de1-86c0-f7af14188022,The Hall of Presidents,OPERATING,,2026-08-18T13:08:14.357Z,2026-08-18T16:45,94.9,100.0,48,18,0.0,0.0,0.0,2,9.9,14.3
2026-08-18T16:45:10.896414-04:00,2026-08-18,PRE_PARTY,7c5e1e02-3a44-4151-9005-44066d5ba1da,Mickey's PhilharMagic,OPERATING,15,2026-08-18T20:43:47.068Z,2026-08-18T16:45,94.9,100.0,48,18,0.0,0.0,0.0,2,9.9,14.3
2026-08-18T16:45:10.896414-04:00,2026-08-18,PRE_PARTY,8183f3f2-1b59-4b9c-b634-6a863bdf8d84,Walt Disney's Carousel of Progress,REFURBISHMENT,,2026-07-23T21:50:48.516Z,2026-08-18T16:45,94.9,100.0,48,18,0.0,0.0,0.0,2,9.9,14.3
2026-08-18T16:45:10.896414-04:00,2026-08-18,PRE_PARTY,e40ac396-cbac-43f4-8752-764ed60ccceb,Walt Disney World Railroad - Fantasyland,OPERATING,20,2026-08-18T16:32:26.470Z,2026-08-18T16:45,94.9,100.0,48,18,0.0,0.0,0.0,2,9.9,14.3
2026-08-18T16:45:10.896414-04:00,2026-08-18,PRE_PARTY,2551a77d-023f-4ab1-9a19-8afec0190f39,Haunted Mansion,OPERATING,20,2026-08-18T20:43:47.104Z,2026-08-18T16:45,94.9,100.0,48,18,0.0,0.0,0.0,2,9.9,14.3
2026-08-18T16:45:10.896414-04:00,2026-08-18,PRE_PARTY,96455de6-f4f1-403c-9391-bf8396979149,The Magic Carpets of Aladdin,OPERATING,5,2026-08-18T20:43:47.112Z,2026-08-18T16:45,94.9,100.0,48,18,0.0,0.0,0.0,2,9.9,14.3
2026-08-18T16:45:10.896414-04:00,2026-08-18,PRE_PARTY,f5aad2d4-a419-4384-bd9a-42f86385c750,"""it's a small world""",OPERATING,5,2026-08-18T20:43:47.031Z,2026-08-18T16:45,94.9,100.0,48,18,0.0,0.0,0.0,2,9.9,14.3
2026-08-18T16:45:10.896414-04:00,2026-08-18,PRE_PARTY,e8f0b426-7645-4ea3-8b41-b94ae7091a41,"Monsters, Inc. Laugh Floor",OPERATING,10,2026-08-18T20:43:46.932Z,2026-08-18T16:45,94.9,100.0,48,18,0.0,0.0,0.0,2,9.9,14.3
2026-08-18T16:45:10.896414-04:00,2026-08-18,PRE_PARTY,de737ffc-306b-4f32-8bbb-34e5d370ec8f,A Pirate's Adventure ~ Treasures of the Seven Seas,OPERATING,,2026-08-18T16:01:42.855Z,2026-08-18T16:45,94.9,100.0,48,18,0.0,0.0,0.0,2,9.9,14.3
2026-08-18T16:45:10.896414-04:00,2026-08-18,PRE_PARTY,5a43d1a7-ad53-4d25-abfe-25625f0da304,TRON Lightcycle / Run,OPERATING,70,2026-08-18T20:31:29.730Z,2026-08-18T16:45,94.9,100.0,48,18,0.0,0.0,0.0,2,9.9,14.3
2026-08-18T16:45:10.896414-04:00,2026-08-18,PRE_PARTY,de3309ca-97d5-4211-bffe-739fed47e92f,Big Thunder Mountain Railroad,OPERATING,10,2026-08-18T20:32:31.777Z,2026-08-18T16:45,94.9,100.0,48,18,0.0,0.0,0.0,2,9.9,14.3
2026-08-18T16:45:10.896414-04:00,2026-08-18,PRE_PARTY,352feb94-e52e-45eb-9c92-e4b44c6b1a9d,Pirates of the Caribbean,OPERATING,10,2026-08-18T20:39:06.781Z,2026-08-18T16:45,94.9,100.0,48,18,0.0,0.0,0.0,2,9.9,14.3
2026-08-18T16:45:10.896414-04:00,2026-08-18,PRE_PARTY,90d79335-c907-4069-a021-d0fe1ec73ae2,Cinderella Castle,OPERATING,,2026-08-18T12:00:00.710Z,2026-08-18T16:45,94.9,100.0,48,18,0.0,0.0,0.0,2,9.9,14.3
2026-08-18T16:45:10.896414-04:00,2026-08-18,PRE_PARTY,73cb9445-0695-47a3-87ce-d08ae36b5f3c,Tiana's Bayou Adventure,OPERATING,35,2026-08-18T20:41:26.520Z,2026-08-18T16:45,94.9,100.0,48,18,0.0,0.0,0.0,2,9.9,14.3
2026-08-18T16:45:10.896414-04:00,2026-08-18,PRE_PARTY,0d94ad60-72f0-4551-83a6-ebaecdd89737,The Many Adventures of Winnie the Pooh,OPERATING,35,2026-08-18T20:43:28.750Z,2026-08-18T16:45,94.9,100.0,48,18,0.0,0.0,0.0,2,9.9,14.3
2026-08-18T16:45:10.896414-04:00,2026-08-18,PRE_PARTY,924a3b2c-6b4b-49e5-99d3-e9dc3f2e8a48,The Barnstormer,OPERATING,5,2026-08-18T20:43:46.941Z,2026-08-18T16:45,94.9,100.0,48,18,0.0,0.0,0.0,2,9.9,14.3
2026-08-18T16:45:10.896414-04:00,2026-08-18,PRE_PARTY,3cba0cb4-e2a6-402c-93ee-c11ffcb127ef,Under the Sea - Journey of The Little Mermaid,OPERATING,5,2026-08-18T20:43:46.951Z,2026-08-18T16:45,94.9,100.0,48,18,0.0,0.0,0.0,2,9.9,14.3
2026-08-18T16:45:10.896414-04:00,2026-08-18,PRE_PARTY,888fb4a4-7adf-47a1-8ba2-c258cc64fd75,Main Street Vehicles,CLOSED,,2026-08-18T20:00:27.601Z,2026-08-18T16:45,94.9,100.0,48,18,0.0,0.0,0.0,2,9.9,14.3
2026-08-18T16:45:10.896414-04:00,2026-08-18,PRE_PARTY,b2260923-9315-40fd-9c6b-44dd811dbe64,Space Mountain,OPERATING,25,2026-08-18T20:43:47.085Z,2026-08-18T16:45,94.9,100.0,48,18,0.0,0.0,0.0,2,9.9,14.3
2026-08-18T16:45:10.896414-04:00,2026-08-18,PRE_PARTY,796b0a25-c51e-456e-9bb8-50a324e301b3,Jungle Cruise,OPERATING,30,2026-08-18T20:40:28.548Z,2026-08-18T16:45,94.9,100.0,48,18,0.0,0.0,0.0,2,9.9,14.3
2026-08-18T16:45:10.896414-04:00,2026-08-18,PRE_PARTY,86a41273-5f15-4b54-93b6-829f140e5161,Peter Pan's Flight,OPERATING,35,2026-08-18T20:44:28.138Z,2026-08-18T16:45,94.9,100.0,48,18,0.0,0.0,0.0,2,9.9,14.3
2026-08-18T16:45:10.896414-04:00,2026-08-18,PRE_PARTY,6fd1e225-53a0-4a80-a577-4bbc9a471075,Walt Disney's Enchanted Tiki Room,OPERATING,10,2026-08-18T13:01:30.891Z,2026-08-18T16:45,94.9,100.0,48,18,0.0,0.0,0.0,2,9.9,14.3
2026-08-18T16:45:10.896414-04:00,2026-08-18,PRE_PARTY,0f57cecf-5502-4503-8bc3-ba84d3708ace,Country Bear Musical Jamboree,OPERATING,10,2026-08-18T13:27:23.772Z,2026-08-18T16:45,94.9,100.0,48,18,0.0,0.0,0.0,2,9.9,14.3
2026-08-18T16:45:10.896414-04:00,2026-08-18,PRE_PARTY,890fa430-89c0-4a3f-96c9-11597888005e,Dumbo the Flying Elephant,OPERATING,5,2026-08-18T20:43:47.023Z,2026-08-18T16:45,94.9,100.0,48,18,0.0,0.0,0.0,2,9.9,14.3
2026-08-18T16:45:10.896414-04:00,2026-08-18,PRE_PARTY,f163ddcd-43e1-488d-8276-2381c1db0a39,Tomorrowland Speedway,OPERATING,10,2026-08-18T20:43:47.131Z,2026-08-18T16:45,94.9,100.0,48,18,0.0,0.0,0.0,2,9.9,14.3
2026-08-18T16:45:10.896414-04:00,2026-08-18,PRE_PARTY,9d4d5229-7142-44b6-b4fb-528920969a2c,Seven Dwarfs Mine Train,OPERATING,45,2026-08-18T20:23:40.918Z,2026-08-18T16:45,94.9,100.0,48,18,0.0,0.0,0.0,2,9.9,14.3
2026-08-18T16:45:10.896414-04:00,2026-08-18,PRE_PARTY,e76c93df-31af-49a5-8e2f-752c76c937c9,Enchanted Tales with Belle,OPERATING,10,2026-08-18T20:15:47.557Z,2026-08-18T16:45,94.9,100.0,48,18,0.0,0.0,0.0,2,9.9,14.3
2026-08-18T16:45:10.896414-04:00,2026-08-18,PRE_PARTY,30fe3c64-af71-4c66-a54b-aa61fd7af177,Swiss Family Treehouse,OPERATING,5,2026-08-18T12:01:29.219Z,2026-08-18T16:45,94.9,100.0,48,18,0.0,0.0,0.0,2,9.9,14.3
2026-08-18T16:45:10.896414-04:00,2026-08-18,PRE_PARTY,0aae716c-af13-4439-b638-d75fb1649df3,Mad Tea Party,OPERATING,5,2026-08-18T20:43:47.059Z,2026-08-18T16:45,94.9,100.0,48,18,0.0,0.0,0.0,2,9.9,14.3
2026-08-18T16:45:10.896414-04:00,2026-08-18,PRE_PARTY,d9d12438-d999-4482-894b-8955fdb20ccf,Astro Orbiter,OPERATING,5,2026-08-18T20:14:28.018Z,2026-08-18T16:45,94.9,100.0,48,18,0.0,0.0,0.0,2,9.9,14.3
2026-08-18T16:45:10.896414-04:00,2026-08-18,PRE_PARTY,ffcfeaa2-1416-4920-a1ed-543c1a1695c4,Tomorrowland Transit Authority PeopleMover,OPERATING,10,2026-08-18T20:42:29.163Z,2026-08-18T16:45,94.9,100.0,48,18,0.0,0.0,0.0,2,9.9,14.3
2026-08-18T17:00:19.328921-04:00,2026-08-18,PRE_PARTY,273ddb8d-e7b5-4e34-8657-1113f49262a5,Prince Charming Regal Carrousel,OPERATING,5,2026-08-18T18:42:31.415Z,2026-08-18T17:00,95.3,100.8,48,6,0.0,0.0,0.0,2,10.2,14.1
2026-08-18T17:00:19.328921-04:00,2026-08-18,PRE_PARTY,72c7343a-f7fb-4f66-95df-c91016de7338,Buzz Lightyear’s Space Ranger Spin,OPERATING,30,2026-08-18T20:50:27.511Z,2026-08-18T17:00,95.3,100.8,48,6,0.0,0.0,0.0,2,10.2,14.1
2026-08-18T17:00:19.328921-04:00,2026-08-18,PRE_PARTY,f010bc01-b450-4476-a5f3-a5f2813104b2,Casey Jr. Splash 'N' Soak Station,OPERATING,,2026-08-18T12:00:00.690Z,2026-08-18T17:00,95.3,100.8,48,6,0.0,0.0,0.0,2,10.2,14.1
2026-08-18T17:00:19.328921-04:00,2026-08-18,PRE_PARTY,e39b831b-7731-49bb-815b-289b4f49a9fd,"Walt Disney World Railroad - Main Street, U.S.A.",OPERATING,20,2026-08-18T16:32:26.487Z,2026-08-18T17:00,95.3,100.8,48,6,0.0,0.0,0.0,2,10.2,14.1
2026-08-18T17:00:19.328921-04:00,2026-08-18,PRE_PARTY,2ebfb38c-5cb5-4de1-86c0-f7af14188022,The Hall of Presidents,OPERATING,,2026-08-18T13:08:14.357Z,2026-08-18T17:00,95.3,100.8,48,6,0.0,0.0,0.0,2,10.2,14.1
2026-08-18T17:00:19.328921-04:00,2026-08-18,PRE_PARTY,7c5e1e02-3a44-4151-9005-44066d5ba1da,Mickey's PhilharMagic,OPERATING,15,2026-08-18T20:49:40.984Z,2026-08-18T17:00,95.3,100.8,48,6,0.0,0.0,0.0,2,10.2,14.1
2026-08-18T17:00:19.328921-04:00,2026-08-18,PRE_PARTY,8183f3f2-1b59-4b9c-b634-6a863bdf8d84,Walt Disney's Carousel of Progress,REFURBISHMENT,,2026-07-23T21:50:48.516Z,2026-08-18T17:00,95.3,100.8,48,6,0.0,0.0,0.0,2,10.2,14.1
2026-08-18T17:00:19.328921-04:00,2026-08-18,PRE_PARTY,e40ac396-cbac-43f4-8752-764ed60ccceb,Walt Disney World Railroad - Fantasyland,OPERATING,20,2026-08-18T16:32:26.470Z,2026-08-18T17:00,95.3,100.8,48,6,0.0,0.0,0.0,2,10.2,14.1
2026-08-18T17:00:19.328921-04:00,2026-08-18,PRE_PARTY,2551a77d-023f-4ab1-9a19-8afec0190f39,Haunted Mansion,OPERATING,13,2026-08-18T20:52:27.376Z,2026-08-18T17:00,95.3,100.8,48,6,0.0,0.0,0.0,2,10.2,14.1
2026-08-18T17:00:19.328921-04:00,2026-08-18,PRE_PARTY,96455de6-f4f1-403c-9391-bf8396979149,The Magic Carpets of Aladdin,OPERATING,5,2026-08-18T20:43:47.112Z,2026-08-18T17:00,95.3,100.8,48,6,0.0,0.0,0.0,2,10.2,14.1
2026-08-18T17:00:19.328921-04:00,2026-08-18,PRE_PARTY,f5aad2d4-a419-4384-bd9a-42f86385c750,"""it's a small world""",OPERATING,5,2026-08-18T20:49:40.960Z,2026-08-18T17:00,95.3,100.8,48,6,0.0,0.0,0.0,2,10.2,14.1
2026-08-18T17:00:19.328921-04:00,2026-08-18,PRE_PARTY,e8f0b426-7645-4ea3-8b41-b94ae7091a41,"Monsters, Inc. Laugh Floor",OPERATING,10,2026-08-18T20:43:46.932Z,2026-08-18T17:00,95.3,100.8,48,6,0.0,0.0,0.0,2,10.2,14.1
2026-08-18T17:00:19.328921-04:00,2026-08-18,PRE_PARTY,de737ffc-306b-4f32-8bbb-34e5d370ec8f,A Pirate's Adventure ~ Treasures of the Seven Seas,OPERATING,,2026-08-18T16:01:42.855Z,2026-08-18T17:00,95.3,100.8,48,6,0.0,0.0,0.0,2,10.2,14.1
2026-08-18T17:00:19.328921-04:00,2026-08-18,PRE_PARTY,5a43d1a7-ad53-4d25-abfe-25625f0da304,TRON Lightcycle / Run,OPERATING,50,2026-08-18T20:45:31.428Z,2026-08-18T17:00,95.3,100.8,48,6,0.0,0.0,0.0,2,10.2,14.1
2026-08-18T17:00:19.328921-04:00,2026-08-18,PRE_PARTY,de3309ca-97d5-4211-bffe-739fed47e92f,Big Thunder Mountain Railroad,OPERATING,25,2026-08-18T20:53:30.692Z,2026-08-18T17:00,95.3,100.8,48,6,0.0,0.0,0.0,2,10.2,14.1
2026-08-18T17:00:19.328921-04:00,2026-08-18,PRE_PARTY,352feb94-e52e-45eb-9c92-e4b44c6b1a9d,Pirates of the Caribbean,OPERATING,15,2026-08-18T20:56:26.659Z,2026-08-18T17:00,95.3,100.8,48,6,0.0,0.0,0.0,2,10.2,14.1
2026-08-18T17:00:19.328921-04:00,2026-08-18,PRE_PARTY,90d79335-c907-4069-a021-d0fe1ec73ae2,Cinderella Castle,OPERATING,,2026-08-18T12:00:00.710Z,2026-08-18T17:00,95.3,100.8,48,6,0.0,0.0,0.0,2,10.2,14.1
2026-08-18T17:00:19.328921-04:00,2026-08-18,PRE_PARTY,0d94ad60-72f0-4551-83a6-ebaecdd89737,The Many Adventures of Winnie the Pooh,OPERATING,35,2026-08-18T20:43:28.750Z,2026-08-18T17:00,95.3,100.8,48,6,0.0,0.0,0.0,2,10.2,14.1
2026-08-18T17:00:19.328921-04:00,2026-08-18,PRE_PARTY,888fb4a4-7adf-47a1-8ba2-c258cc64fd75,Main Street Vehicles,CLOSED,,2026-08-18T20:00:27.601Z,2026-08-18T17:00,95.3,100.8,48,6,0.0,0.0,0.0,2,10.2,14.1
2026-08-18T17:00:19.328921-04:00,2026-08-18,PRE_PARTY,86a41273-5f15-4b54-93b6-829f140e5161,Peter Pan's Flight,OPERATING,35,2026-08-18T20:44:28.138Z,2026-08-18T17:00,95.3,100.8,48,6,0.0,0.0,0.0,2,10.2,14.1
2026-08-18T17:00:19.328921-04:00,2026-08-18,PRE_PARTY,6fd1e225-53a0-4a80-a577-4bbc9a471075,Walt Disney's Enchanted Tiki Room,OPERATING,10,2026-08-18T13:01:30.891Z,2026-08-18T17:00,95.3,100.8,48,6,0.0,0.0,0.0,2,10.2,14.1
2026-08-18T17:00:19.328921-04:00,2026-08-18,PRE_PARTY,73cb9445-0695-47a3-87ce-d08ae36b5f3c,Tiana's Bayou Adventure,OPERATING,35,2026-08-18T20:46:34.760Z,2026-08-18T17:00,95.3,100.8,48,6,0.0,0.0,0.0,2,10.2,14.1
2026-08-18T17:00:19.328921-04:00,2026-08-18,PRE_PARTY,796b0a25-c51e-456e-9bb8-50a324e301b3,Jungle Cruise,OPERATING,25,2026-08-18T20:46:34.788Z,2026-08-18T17:00,95.3,100.8,48,6,0.0,0.0,0.0,2,10.2,14.1
2026-08-18T17:00:19.328921-04:00,2026-08-18,PRE_PARTY,3cba0cb4-e2a6-402c-93ee-c11ffcb127ef,Under the Sea - Journey of The Little Mermaid,OPERATING,5,2026-08-18T20:49:40.906Z,2026-08-18T17:00,95.3,100.8,48,6,0.0,0.0,0.0,2,10.2,14.1
2026-08-18T17:00:19.328921-04:00,2026-08-18,PRE_PARTY,924a3b2c-6b4b-49e5-99d3-e9dc3f2e8a48,The Barnstormer,OPERATING,5,2026-08-18T20:49:40.898Z,2026-08-18T17:00,95.3,100.8,48,6,0.0,0.0,0.0,2,10.2,14.1
2026-08-18T17:00:19.328921-04:00,2026-08-18,PRE_PARTY,0f57cecf-5502-4503-8bc3-ba84d3708ace,Country Bear Musical Jamboree,OPERATING,10,2026-08-18T13:27:23.772Z,2026-08-18T17:00,95.3,100.8,48,6,0.0,0.0,0.0,2,10.2,14.1
2026-08-18T17:00:19.328921-04:00,2026-08-18,PRE_PARTY,890fa430-89c0-4a3f-96c9-11597888005e,Dumbo the Flying Elephant,OPERATING,5,2026-08-18T20:49:40.953Z,2026-08-18T17:00,95.3,100.8,48,6,0.0,0.0,0.0,2,10.2,14.1
2026-08-18T17:00:19.328921-04:00,2026-08-18,PRE_PARTY,f163ddcd-43e1-488d-8276-2381c1db0a39,Tomorrowland Speedway,OPERATING,10,2026-08-18T20:49:41.028Z,2026-08-18T17:00,95.3,100.8,48,6,0.0,0.0,0.0,2,10.2,14.1
2026-08-18T17:00:19.328921-04:00,2026-08-18,PRE_PARTY,b2260923-9315-40fd-9c6b-44dd811dbe64,Space Mountain,OPERATING,25,2026-08-18T20:58:47.181Z,2026-08-18T17:00,95.3,100.8,48,6,0.0,0.0,0.0,2,10.2,14.1
2026-08-18T17:00:19.328921-04:00,2026-08-18,PRE_PARTY,9d4d5229-7142-44b6-b4fb-528920969a2c,Seven Dwarfs Mine Train,OPERATING,35,2026-08-18T20:51:29.103Z,2026-08-18T17:00,95.3,100.8,48,6,0.0,0.0,0.0,2,10.2,14.1
2026-08-18T17:00:19.328921-04:00,2026-08-18,PRE_PARTY,e76c93df-31af-49a5-8e2f-752c76c937c9,Enchanted Tales with Belle,OPERATING,10,2026-08-18T20:15:47.557Z,2026-08-18T17:00,95.3,100.8,48,6,0.0,0.0,0.0,2,10.2,14.1
2026-08-18T17:00:19.328921-04:00,2026-08-18,PRE_PARTY,30fe3c64-af71-4c66-a54b-aa61fd7af177,Swiss Family Treehouse,OPERATING,5,2026-08-18T12:01:29.219Z,2026-08-18T17:00,95.3,100.8,48,6,0.0,0.0,0.0,2,10.2,14.1
2026-08-18T17:00:19.328921-04:00,2026-08-18,PRE_PARTY,0aae716c-af13-4439-b638-d75fb1649df3,Mad Tea Party,OPERATING,5,2026-08-18T20:43:47.059Z,2026-08-18T17:00,95.3,100.8,48,6,0.0,0.0,0.0,2,10.2,14.1
2026-08-18T17:00:19.328921-04:00,2026-08-18,PRE_PARTY,d9d12438-d999-4482-894b-8955fdb20ccf,Astro Orbiter,OPERATING,20,2026-08-18T20:46:34.768Z,2026-08-18T17:00,95.3,100.8,48,6,0.0,0.0,0.0,2,10.2,14.1
2026-08-18T17:00:19.328921-04:00,2026-08-18,PRE_PARTY,ffcfeaa2-1416-4920-a1ed-543c1a1695c4,Tomorrowland Transit Authority PeopleMover,OPERATING,10,2026-08-18T20:42:29.163Z,2026-08-18T17:00,95.3,100.8,48,6,0.0,0.0,0.0,2,10.2,14.1
2026-08-18T17:15:12.112167-04:00,2026-08-18,PRE_PARTY,273ddb8d-e7b5-4e34-8657-1113f49262a5,Prince Charming Regal Carrousel,OPERATING,5,2026-08-18T18:42:31.415Z,2026-08-18T17:15,95.2,100.0,48,6,0.0,0.0,0.0,1,10.7,14.3
2026-08-18T17:15:12.112167-04:00,2026-08-18,PRE_PARTY,72c7343a-f7fb-4f66-95df-c91016de7338,Buzz Lightyear’s Space Ranger Spin,OPERATING,35,2026-08-18T21:14:33.996Z,2026-08-18T17:15,95.2,100.0,48,6,0.0,0.0,0.0,1,10.7,14.3
2026-08-18T17:15:12.112167-04:00,2026-08-18,PRE_PARTY,f010bc01-b450-4476-a5f3-a5f2813104b2,Casey Jr. Splash 'N' Soak Station,OPERATING,,2026-08-18T12:00:00.690Z,2026-08-18T17:15,95.2,100.0,48,6,0.0,0.0,0.0,1,10.7,14.3
2026-08-18T17:15:12.112167-04:00,2026-08-18,PRE_PARTY,e39b831b-7731-49bb-815b-289b4f49a9fd,"Walt Disney World Railroad - Main Street, U.S.A.",CLOSED,,2026-08-18T21:00:28.477Z,2026-08-18T17:15,95.2,100.0,48,6,0.0,0.0,0.0,1,10.7,14.3
2026-08-18T17:15:12.112167-04:00,2026-08-18,PRE_PARTY,2ebfb38c-5cb5-4de1-86c0-f7af14188022,The Hall of Presidents,OPERATING,,2026-08-18T13:08:14.357Z,2026-08-18T17:15,95.2,100.0,48,6,0.0,0.0,0.0,1,10.7,14.3
2026-08-18T17:15:12.112167-04:00,2026-08-18,PRE_PARTY,7c5e1e02-3a44-4151-9005-44066d5ba1da,Mickey's PhilharMagic,OPERATING,15,2026-08-18T20:49:40.984Z,2026-08-18T17:15,95.2,100.0,48,6,0.0,0.0,0.0,1,10.7,14.3
2026-08-18T17:15:12.112167-04:00,2026-08-18,PRE_PARTY,8183f3f2-1b59-4b9c-b634-6a863bdf8d84,Walt Disney's Carousel of Progress,REFURBISHMENT,,2026-07-23T21:50:48.516Z,2026-08-18T17:15,95.2,100.0,48,6,0.0,0.0,0.0,1,10.7,14.3
2026-08-18T17:15:12.112167-04:00,2026-08-18,PRE_PARTY,e40ac396-cbac-43f4-8752-764ed60ccceb,Walt Disney World Railroad - Fantasyland,CLOSED,,2026-08-18T21:00:28.448Z,2026-08-18T17:15,95.2,100.0,48,6,0.0,0.0,0.0,1,10.7,14.3
2026-08-18T17:15:12.112167-04:00,2026-08-18,PRE_PARTY,2551a77d-023f-4ab1-9a19-8afec0190f39,Haunted Mansion,OPERATING,20,2026-08-18T21:14:34.008Z,2026-08-18T17:15,95.2,100.0,48,6,0.0,0.0,0.0,1,10.7,14.3
2026-08-18T17:15:12.112167-04:00,2026-08-18,PRE_PARTY,96455de6-f4f1-403c-9391-bf8396979149,The Magic Carpets of Aladdin,OPERATING,5,2026-08-18T20:43:47.112Z,2026-08-18T17:15,95.2,100.0,48,6,0.0,0.0,0.0,1,10.7,14.3
2026-08-18T17:15:12.112167-04:00,2026-08-18,PRE_PARTY,f5aad2d4-a419-4384-bd9a-42f86385c750,"""it's a small world""",OPERATING,5,2026-08-18T20:49:40.960Z,2026-08-18T17:15,95.2,100.0,48,6,0.0,0.0,0.0,1,10.7,14.3
2026-08-18T17:15:12.112167-04:00,2026-08-18,PRE_PARTY,e8f0b426-7645-4ea3-8b41-b94ae7091a41,"Monsters, Inc. Laugh Floor",OPERATING,10,2026-08-18T20:43:46.932Z,2026-08-18T17:15,95.2,100.0,48,6,0.0,0.0,0.0,1,10.7,14.3
2026-08-18T17:15:12.112167-04:00,2026-08-18,PRE_PARTY,de737ffc-306b-4f32-8bbb-34e5d370ec8f,A Pirate's Adventure ~ Treasures of the Seven Seas,OPERATING,,2026-08-18T16:01:42.855Z,2026-08-18T17:15,95.2,100.0,48,6,0.0,0.0,0.0,1,10.7,14.3
2026-08-18T17:15:12.112167-04:00,2026-08-18,PRE_PARTY,5a43d1a7-ad53-4d25-abfe-25625f0da304,TRON Lightcycle / Run,OPERATING,40,2026-08-18T21:07:37.220Z,2026-08-18T17:15,95.2,100.0,48,6,0.0,0.0,0.0,1,10.7,14.3
2026-08-18T17:15:12.112167-04:00,2026-08-18,PRE_PARTY,de3309ca-97d5-4211-bffe-739fed47e92f,Big Thunder Mountain Railroad,OPERATING,30,2026-08-18T21:01:28.997Z,2026-08-18T17:15,95.2,100.0,48,6,0.0,0.0,0.0,1,10.7,14.3
2026-08-18T17:15:12.112167-04:00,2026-08-18,PRE_PARTY,90d79335-c907-4069-a021-d0fe1ec73ae2,Cinderella Castle,OPERATING,,2026-08-18T12:00:00.710Z,2026-08-18T17:15,95.2,100.0,48,6,0.0,0.0,0.0,1,10.7,14.3
2026-08-18T17:15:12.112167-04:00,2026-08-18,PRE_PARTY,352feb94-e52e-45eb-9c92-e4b44c6b1a9d,Pirates of the Caribbean,OPERATING,20,2026-08-18T21:10:29.119Z,2026-08-18T17:15,95.2,100.0,48,6,0.0,0.0,0.0,1,10.7,14.3
2026-08-18T17:15:12.112167-04:00,2026-08-18,PRE_PARTY,888fb4a4-7adf-47a1-8ba2-c258cc64fd75,Main Street Vehicles,CLOSED,,2026-08-18T20:00:27.601Z,2026-08-18T17:15,95.2,100.0,48,6,0.0,0.0,0.0,1,10.7,14.3
2026-08-18T17:15:12.112167-04:00,2026-08-18,PRE_PARTY,6fd1e225-53a0-4a80-a577-4bbc9a471075,Walt Disney's Enchanted Tiki Room,OPERATING,10,2026-08-18T13:01:30.891Z,2026-08-18T17:15,95.2,100.0,48,6,0.0,0.0,0.0,1,10.7,14.3
2026-08-18T17:15:12.112167-04:00,2026-08-18,PRE_PARTY,73cb9445-0695-47a3-87ce-d08ae36b5f3c,Tiana's Bayou Adventure,OPERATING,35,2026-08-18T20:46:34.760Z,2026-08-18T17:15,95.2,100.0,48,6,0.0,0.0,0.0,1,10.7,14.3
2026-08-18T17:15:12.112167-04:00,2026-08-18,PRE_PARTY,3cba0cb4-e2a6-402c-93ee-c11ffcb127ef,Under the Sea - Journey of The Little Mermaid,OPERATING,5,2026-08-18T20:49:40.906Z,2026-08-18T17:15,95.2,100.0,48,6,0.0,0.0,0.0,1,10.7,14.3
2026-08-18T17:15:12.112167-04:00,2026-08-18,PRE_PARTY,0f57cecf-5502-4503-8bc3-ba84d3708ace,Country Bear Musical Jamboree,OPERATING,10,2026-08-18T13:27:23.772Z,2026-08-18T17:15,95.2,100.0,48,6,0.0,0.0,0.0,1,10.7,14.3
2026-08-18T17:15:12.112167-04:00,2026-08-18,PRE_PARTY,890fa430-89c0-4a3f-96c9-11597888005e,Dumbo the Flying Elephant,OPERATING,5,2026-08-18T20:49:40.953Z,2026-08-18T17:15,95.2,100.0,48,6,0.0,0.0,0.0,1,10.7,14.3
2026-08-18T17:15:12.112167-04:00,2026-08-18,PRE_PARTY,f163ddcd-43e1-488d-8276-2381c1db0a39,Tomorrowland Speedway,OPERATING,10,2026-08-18T20:49:41.028Z,2026-08-18T17:15,95.2,100.0,48,6,0.0,0.0,0.0,1,10.7,14.3
2026-08-18T17:15:12.112167-04:00,2026-08-18,PRE_PARTY,b2260923-9315-40fd-9c6b-44dd811dbe64,Space Mountain,OPERATING,30,2026-08-18T21:09:28.721Z,2026-08-18T17:15,95.2,100.0,48,6,0.0,0.0,0.0,1,10.7,14.3
2026-08-18T17:15:12.112167-04:00,2026-08-18,PRE_PARTY,9d4d5229-7142-44b6-b4fb-528920969a2c,Seven Dwarfs Mine Train,OPERATING,35,2026-08-18T21:09:28.706Z,2026-08-18T17:15,95.2,100.0,48,6,0.0,0.0,0.0,1,10.7,14.3
2026-08-18T17:15:12.112167-04:00,2026-08-18,PRE_PARTY,e76c93df-31af-49a5-8e2f-752c76c937c9,Enchanted Tales with Belle,OPERATING,10,2026-08-18T20:15:47.557Z,2026-08-18T17:15,95.2,100.0,48,6,0.0,0.0,0.0,1,10.7,14.3
2026-08-18T17:15:12.112167-04:00,2026-08-18,PRE_PARTY,86a41273-5f15-4b54-93b6-829f140e5161,Peter Pan's Flight,OPERATING,45,2026-08-18T21:04:29.748Z,2026-08-18T17:15,95.2,100.0,48,6,0.0,0.0,0.0,1,10.7,14.3
2026-08-18T17:15:12.112167-04:00,2026-08-18,PRE_PARTY,0d94ad60-72f0-4551-83a6-ebaecdd89737,The Many Adventures of Winnie the Pooh,DOWN,,2026-08-18T21:08:43.344Z,2026-08-18T17:15,95.2,100.0,48,6,0.0,0.0,0.0,1,10.7,14.3
2026-08-18T17:15:12.112167-04:00,2026-08-18,PRE_PARTY,924a3b2c-6b4b-49e5-99d3-e9dc3f2e8a48,The Barnstormer,OPERATING,10,2026-08-18T21:08:29.409Z,2026-08-18T17:15,95.2,100.0,48,6,0.0,0.0,0.0,1,10.7,14.3
2026-08-18T17:15:12.112167-04:00,2026-08-18,PRE_PARTY,30fe3c64-af71-4c66-a54b-aa61fd7af177,Swiss Family Treehouse,OPERATING,5,2026-08-18T12:01:29.219Z,2026-08-18T17:15,95.2,100.0,48,6,0.0,0.0,0.0,1,10.7,14.3
2026-08-18T17:15:12.112167-04:00,2026-08-18,PRE_PARTY,796b0a25-c51e-456e-9bb8-50a324e301b3,Jungle Cruise,OPERATING,25,2026-08-18T21:11:28.213Z,2026-08-18T17:15,95.2,100.0,48,6,0.0,0.0,0.0,1,10.7,14.3
2026-08-18T17:15:12.112167-04:00,2026-08-18,PRE_PARTY,0aae716c-af13-4439-b638-d75fb1649df3,Mad Tea Party,OPERATING,5,2026-08-18T20:43:47.059Z,2026-08-18T17:15,95.2,100.0,48,6,0.0,0.0,0.0,1,10.7,14.3
2026-08-18T17:15:12.112167-04:00,2026-08-18,PRE_PARTY,d9d12438-d999-4482-894b-8955fdb20ccf,Astro Orbiter,OPERATING,20,2026-08-18T20:46:34.768Z,2026-08-18T17:15,95.2,100.0,48,6,0.0,0.0,0.0,1,10.7,14.3
2026-08-18T17:15:12.112167-04:00,2026-08-18,PRE_PARTY,ffcfeaa2-1416-4920-a1ed-543c1a1695c4,Tomorrowland Transit Authority PeopleMover,OPERATING,10,2026-08-18T20:42:29.163Z,2026-08-18T17:15,95.2,100.0,48,6,0.0,0.0,0.0,1,10.7,14.3
2026-08-18T17:30:14.430322-04:00,2026-08-18,PRE_PARTY,273ddb8d-e7b5-4e34-8657-1113f49262a5,Prince Charming Regal Carrousel,OPERATING,5,2026-08-18T18:42:31.415Z,2026-08-18T17:30,94.9,99.1,47,8,0.0,0.0,0.0,1,10.9,14.5
2026-08-18T17:30:14.430322-04:00,2026-08-18,PRE_PARTY,72c7343a-f7fb-4f66-95df-c91016de7338,Buzz Lightyear’s Space Ranger Spin,OPERATING,30,2026-08-18T21:26:25.358Z,2026-08-18T17:30,94.9,99.1,47,8,0.0,0.0,0.0,1,10.9,14.5
2026-08-18T17:30:14.430322-04:00,2026-08-18,PRE_PARTY,f010bc01-b450-4476-a5f3-a5f2813104b2,Casey Jr. Splash 'N' Soak Station,OPERATING,,2026-08-18T12:00:00.690Z,2026-08-18T17:30,94.9,99.1,47,8,0.0,0.0,0.0,1,10.9,14.5
2026-08-18T17:30:14.430322-04:00,2026-08-18,PRE_PARTY,e39b831b-7731-49bb-815b-289b4f49a9fd,"Walt Disney World Railroad - Main Street, U.S.A.",CLOSED,,2026-08-18T21:00:28.477Z,2026-08-18T17:30,94.9,99.1,47,8,0.0,0.0,0.0,1,10.9,14.5
2026-08-18T17:30:14.430322-04:00,2026-08-18,PRE_PARTY,2ebfb38c-5cb5-4de1-86c0-f7af14188022,The Hall of Presidents,OPERATING,,2026-08-18T13:08:14.357Z,2026-08-18T17:30,94.9,99.1,47,8,0.0,0.0,0.0,1,10.9,14.5
2026-08-18T17:30:14.430322-04:00,2026-08-18,PRE_PARTY,7c5e1e02-3a44-4151-9005-44066d5ba1da,Mickey's PhilharMagic,OPERATING,15,2026-08-18T20:49:40.984Z,2026-08-18T17:30,94.9,99.1,47,8,0.0,0.0,0.0,1,10.9,14.5
2026-08-18T17:30:14.430322-04:00,2026-08-18,PRE_PARTY,8183f3f2-1b59-4b9c-b634-6a863bdf8d84,Walt Disney's Carousel of Progress,REFURBISHMENT,,2026-07-23T21:50:48.516Z,2026-08-18T17:30,94.9,99.1,47,8,0.0,0.0,0.0,1,10.9,14.5
2026-08-18T17:30:14.430322-04:00,2026-08-18,PRE_PARTY,e40ac396-cbac-43f4-8752-764ed60ccceb,Walt Disney World Railroad - Fantasyland,CLOSED,,2026-08-18T21:00:28.448Z,2026-08-18T17:30,94.9,99.1,47,8,0.0,0.0,0.0,1,10.9,14.5
2026-08-18T17:30:14.430322-04:00,2026-08-18,PRE_PARTY,2551a77d-023f-4ab1-9a19-8afec0190f39,Haunted Mansion,OPERATING,20,2026-08-18T21:14:34.008Z,2026-08-18T17:30,94.9,99.1,47,8,0.0,0.0,0.0,1,10.9,14.5
2026-08-18T17:30:14.430322-04:00,2026-08-18,PRE_PARTY,96455de6-f4f1-403c-9391-bf8396979149,The Magic Carpets of Aladdin,OPERATING,5,2026-08-18T20:43:47.112Z,2026-08-18T17:30,94.9,99.1,47,8,0.0,0.0,0.0,1,10.9,14.5
2026-08-18T17:30:14.430322-04:00,2026-08-18,PRE_PARTY,f5aad2d4-a419-4384-bd9a-42f86385c750,"""it's a small world""",OPERATING,5,2026-08-18T20:49:40.960Z,2026-08-18T17:30,94.9,99.1,47,8,0.0,0.0,0.0,1,10.9,14.5
2026-08-18T17:30:14.430322-04:00,2026-08-18,PRE_PARTY,e8f0b426-7645-4ea3-8b41-b94ae7091a41,"Monsters, Inc. Laugh Floor",OPERATING,10,2026-08-18T20:43:46.932Z,2026-08-18T17:30,94.9,99.1,47,8,0.0,0.0,0.0,1,10.9,14.5
2026-08-18T17:30:14.430322-04:00,2026-08-18,PRE_PARTY,de737ffc-306b-4f32-8bbb-34e5d370ec8f,A Pirate's Adventure ~ Treasures of the Seven Seas,OPERATING,,2026-08-18T16:01:42.855Z,2026-08-18T17:30,94.9,99.1,47,8,0.0,0.0,0.0,1,10.9,14.5
2026-08-18T17:30:14.430322-04:00,2026-08-18,PRE_PARTY,5a43d1a7-ad53-4d25-abfe-25625f0da304,TRON Lightcycle / Run,OPERATING,45,2026-08-18T21:15:27.279Z,2026-08-18T17:30,94.9,99.1,47,8,0.0,0.0,0.0,1,10.9,14.5
2026-08-18T17:30:14.430322-04:00,2026-08-18,PRE_PARTY,de3309ca-97d5-4211-bffe-739fed47e92f,Big Thunder Mountain Railroad,OPERATING,30,2026-08-18T21:01:28.997Z,2026-08-18T17:30,94.9,99.1,47,8,0.0,0.0,0.0,1,10.9,14.5
2026-08-18T17:30:14.430322-04:00,2026-08-18,PRE_PARTY,90d79335-c907-4069-a021-d0fe1ec73ae2,Cinderella Castle,OPERATING,,2026-08-18T12:00:00.710Z,2026-08-18T17:30,94.9,99.1,47,8,0.0,0.0,0.0,1,10.9,14.5
2026-08-18T17:30:14.430322-04:00,2026-08-18,PRE_PARTY,352feb94-e52e-45eb-9c92-e4b44c6b1a9d,Pirates of the Caribbean,OPERATING,20,2026-08-18T21:10:29.119Z,2026-08-18T17:30,94.9,99.1,47,8,0.0,0.0,0.0,1,10.9,14.5
2026-08-18T17:30:14.430322-04:00,2026-08-18,PRE_PARTY,888fb4a4-7adf-47a1-8ba2-c258cc64fd75,Main Street Vehicles,CLOSED,,2026-08-18T20:00:27.601Z,2026-08-18T17:30,94.9,99.1,47,8,0.0,0.0,0.0,1,10.9,14.5
2026-08-18T17:30:14.430322-04:00,2026-08-18,PRE_PARTY,6fd1e225-53a0-4a80-a577-4bbc9a471075,Walt Disney's Enchanted Tiki Room,OPERATING,10,2026-08-18T13:01:30.891Z,2026-08-18T17:30,94.9,99.1,47,8,0.0,0.0,0.0,1,10.9,14.5
2026-08-18T17:30:14.430322-04:00,2026-08-18,PRE_PARTY,73cb9445-0695-47a3-87ce-d08ae36b5f3c,Tiana's Bayou Adventure,OPERATING,35,2026-08-18T21:29:28.444Z,2026-08-18T17:30,94.9,99.1,47,8,0.0,0.0,0.0,1,10.9,14.5
2026-08-18T17:30:14.430322-04:00,2026-08-18,PRE_PARTY,3cba0cb4-e2a6-402c-93ee-c11ffcb127ef,Under the Sea - Journey of The Little Mermaid,OPERATING,5,2026-08-18T20:49:40.906Z,2026-08-18T17:30,94.9,99.1,47,8,0.0,0.0,0.0,1,10.9,14.5
2026-08-18T17:30:14.430322-04:00,2026-08-18,PRE_PARTY,0f57cecf-5502-4503-8bc3-ba84d3708ace,Country Bear Musical Jamboree,OPERATING,10,2026-08-18T13:27:23.772Z,2026-08-18T17:30,94.9,99.1,47,8,0.0,0.0,0.0,1,10.9,14.5
2026-08-18T17:30:14.430322-04:00,2026-08-18,PRE_PARTY,890fa430-89c0-4a3f-96c9-11597888005e,Dumbo the Flying Elephant,OPERATING,5,2026-08-18T20:49:40.953Z,2026-08-18T17:30,94.9,99.1,47,8,0.0,0.0,0.0,1,10.9,14.5
2026-08-18T17:30:14.430322-04:00,2026-08-18,PRE_PARTY,f163ddcd-43e1-488d-8276-2381c1db0a39,Tomorrowland Speedway,OPERATING,20,2026-08-18T21:22:27.359Z,2026-08-18T17:30,94.9,99.1,47,8,0.0,0.0,0.0,1,10.9,14.5
2026-08-18T17:30:14.430322-04:00,2026-08-18,PRE_PARTY,9d4d5229-7142-44b6-b4fb-528920969a2c,Seven Dwarfs Mine Train,OPERATING,45,2026-08-18T21:23:32.018Z,2026-08-18T17:30,94.9,99.1,47,8,0.0,0.0,0.0,1,10.9,14.5
2026-08-18T17:30:14.430322-04:00,2026-08-18,PRE_PARTY,e76c93df-31af-49a5-8e2f-752c76c937c9,Enchanted Tales with Belle,OPERATING,10,2026-08-18T20:15:47.557Z,2026-08-18T17:30,94.9,99.1,47,8,0.0,0.0,0.0,1,10.9,14.5
2026-08-18T17:30:14.430322-04:00,2026-08-18,PRE_PARTY,86a41273-5f15-4b54-93b6-829f140e5161,Peter Pan's Flight,OPERATING,45,2026-08-18T21:04:29.748Z,2026-08-18T17:30,94.9,99.1,47,8,0.0,0.0,0.0,1,10.9,14.5
2026-08-18T17:30:14.430322-04:00,2026-08-18,PRE_PARTY,0d94ad60-72f0-4551-83a6-ebaecdd89737,The Many Adventures of Winnie the Pooh,DOWN,,2026-08-18T21:08:43.344Z,2026-08-18T17:30,94.9,99.1,47,8,0.0,0.0,0.0,1,10.9,14.5
2026-08-18T17:30:14.430322-04:00,2026-08-18,PRE_PARTY,924a3b2c-6b4b-49e5-99d3-e9dc3f2e8a48,The Barnstormer,OPERATING,10,2026-08-18T21:08:29.409Z,2026-08-18T17:30,94.9,99.1,47,8,0.0,0.0,0.0,1,10.9,14.5
2026-08-18T17:30:14.430322-04:00,2026-08-18,PRE_PARTY,30fe3c64-af71-4c66-a54b-aa61fd7af177,Swiss Family Treehouse,OPERATING,5,2026-08-18T12:01:29.219Z,2026-08-18T17:30,94.9,99.1,47,8,0.0,0.0,0.0,1,10.9,14.5
2026-08-18T17:30:14.430322-04:00,2026-08-18,PRE_PARTY,796b0a25-c51e-456e-9bb8-50a324e301b3,Jungle Cruise,OPERATING,25,2026-08-18T21:29:28.452Z,2026-08-18T17:30,94.9,99.1,47,8,0.0,0.0,0.0,1,10.9,14.5
2026-08-18T17:30:14.430322-04:00,2026-08-18,PRE_PARTY,0aae716c-af13-4439-b638-d75fb1649df3,Mad Tea Party,OPERATING,5,2026-08-18T20:43:47.059Z,2026-08-18T17:30,94.9,99.1,47,8,0.0,0.0,0.0,1,10.9,14.5
2026-08-18T17:30:14.430322-04:00,2026-08-18,PRE_PARTY,d9d12438-d999-4482-894b-8955fdb20ccf,Astro Orbiter,OPERATING,20,2026-08-18T20:46:34.768Z,2026-08-18T17:30,94.9,99.1,47,8,0.0,0.0,0.0,1,10.9,14.5
2026-08-18T17:30:14.430322-04:00,2026-08-18,PRE_PARTY,b2260923-9315-40fd-9c6b-44dd811dbe64,Space Mountain,OPERATING,30,2026-08-18T21:19:53.521Z,2026-08-18T17:30,94.9,99.1,47,8,0.0,0.0,0.0,1,10.9,14.5
2026-08-18T17:30:14.430322-04:00,2026-08-18,PRE_PARTY,ffcfeaa2-1416-4920-a1ed-543c1a1695c4,Tomorrowland Transit Authority PeopleMover,OPERATING,10,2026-08-18T20:42:29.163Z,2026-08-18T17:30,94.9,99.1,47,8,0.0,0.0,0.0,1,10.9,14.5
2026-08-18T17:45:11.693474-04:00,2026-08-18,PRE_PARTY,273ddb8d-e7b5-4e34-8657-1113f49262a5,Prince Charming Regal Carrousel,OPERATING,5,2026-08-18T18:42:31.415Z,2026-08-18T17:45,94.6,99.5,50,11,0.0,0.0,0.0,0,11.1,15.0
2026-08-18T17:45:11.693474-04:00,2026-08-18,PRE_PARTY,72c7343a-f7fb-4f66-95df-c91016de7338,Buzz Lightyear’s Space Ranger Spin,OPERATING,35,2026-08-18T21:40:28.173Z,2026-08-18T17:45,94.6,99.5,50,11,0.0,0.0,0.0,0,11.1,15.0
2026-08-18T17:45:11.693474-04:00,2026-08-18,PRE_PARTY,f010bc01-b450-4476-a5f3-a5f2813104b2,Casey Jr. Splash 'N' Soak Station,OPERATING,,2026-08-18T12:00:00.690Z,2026-08-18T17:45,94.6,99.5,50,11,0.0,0.0,0.0,0,11.1,15.0
2026-08-18T17:45:11.693474-04:00,2026-08-18,PRE_PARTY,e39b831b-7731-49bb-815b-289b4f49a9fd,"Walt Disney World Railroad - Main Street, U.S.A.",CLOSED,,2026-08-18T21:00:28.477Z,2026-08-18T17:45,94.6,99.5,50,11,0.0,0.0,0.0,0,11.1,15.0
2026-08-18T17:45:11.693474-04:00,2026-08-18,PRE_PARTY,2ebfb38c-5cb5-4de1-86c0-f7af14188022,The Hall of Presidents,OPERATING,,2026-08-18T13:08:14.357Z,2026-08-18T17:45,94.6,99.5,50,11,0.0,0.0,0.0,0,11.1,15.0
2026-08-18T17:45:11.693474-04:00,2026-08-18,PRE_PARTY,7c5e1e02-3a44-4151-9005-44066d5ba1da,Mickey's PhilharMagic,OPERATING,15,2026-08-18T20:49:40.984Z,2026-08-18T17:45,94.6,99.5,50,11,0.0,0.0,0.0,0,11.1,15.0
2026-08-18T17:45:11.693474-04:00,2026-08-18,PRE_PARTY,8183f3f2-1b59-4b9c-b634-6a863bdf8d84,Walt Disney's Carousel of Progress,REFURBISHMENT,,2026-07-23T21:50:48.516Z,2026-08-18T17:45,94.6,99.5,50,11,0.0,0.0,0.0,0,11.1,15.0
2026-08-18T17:45:11.693474-04:00,2026-08-18,PRE_PARTY,e40ac396-cbac-43f4-8752-764ed60ccceb,Walt Disney World Railroad - Fantasyland,CLOSED,,2026-08-18T21:00:28.448Z,2026-08-18T17:45,94.6,99.5,50,11,0.0,0.0,0.0,0,11.1,15.0
2026-08-18T17:45:11.693474-04:00,2026-08-18,PRE_PARTY,2551a77d-023f-4ab1-9a19-8afec0190f39,Haunted Mansion,OPERATING,20,2026-08-18T21:14:34.008Z,2026-08-18T17:45,94.6,99.5,50,11,0.0,0.0,0.0,0,11.1,15.0
2026-08-18T17:45:11.693474-04:00,2026-08-18,PRE_PARTY,96455de6-f4f1-403c-9391-bf8396979149,The Magic Carpets of Aladdin,OPERATING,5,2026-08-18T20:43:47.112Z,2026-08-18T17:45,94.6,99.5,50,11,0.0,0.0,0.0,0,11.1,15.0
2026-08-18T17:45:11.693474-04:00,2026-08-18,PRE_PARTY,f5aad2d4-a419-4384-bd9a-42f86385c750,"""it's a small world""",OPERATING,15,2026-08-18T21:42:29.088Z,2026-08-18T17:45,94.6,99.5,50,11,0.0,0.0,0.0,0,11.1,15.0
2026-08-18T17:45:11.693474-04:00,2026-08-18,PRE_PARTY,e8f0b426-7645-4ea3-8b41-b94ae7091a41,"Monsters, Inc. Laugh Floor",OPERATING,10,2026-08-18T20:43:46.932Z,2026-08-18T17:45,94.6,99.5,50,11,0.0,0.0,0.0,0,11.1,15.0
2026-08-18T17:45:11.693474-04:00,2026-08-18,PRE_PARTY,de737ffc-306b-4f32-8bbb-34e5d370ec8f,A Pirate's Adventure ~ Treasures of the Seven Seas,OPERATING,,2026-08-18T16:01:42.855Z,2026-08-18T17:45,94.6,99.5,50,11,0.0,0.0,0.0,0,11.1,15.0
2026-08-18T17:45:11.693474-04:00,2026-08-18,PRE_PARTY,5a43d1a7-ad53-4d25-abfe-25625f0da304,TRON Lightcycle / Run,OPERATING,45,2026-08-18T21:15:27.279Z,2026-08-18T17:45,94.6,99.5,50,11,0.0,0.0,0.0,0,11.1,15.0
2026-08-18T17:45:11.693474-04:00,2026-08-18,PRE_PARTY,de3309ca-97d5-4211-bffe-739fed47e92f,Big Thunder Mountain Railroad,OPERATING,15,2026-08-18T21:32:29.695Z,2026-08-18T17:45,94.6,99.5,50,11,0.0,0.0,0.0,0,11.1,15.0
2026-08-18T17:45:11.693474-04:00,2026-08-18,PRE_PARTY,352feb94-e52e-45eb-9c92-e4b44c6b1a9d,Pirates of the Caribbean,OPERATING,10,2026-08-18T21:36:27.253Z,2026-08-18T17:45,94.6,99.5,50,11,0.0,0.0,0.0,0,11.1,15.0
2026-08-18T17:45:11.693474-04:00,2026-08-18,PRE_PARTY,90d79335-c907-4069-a021-d0fe1ec73ae2,Cinderella Castle,OPERATING,,2026-08-18T12:00:00.710Z,2026-08-18T17:45,94.6,99.5,50,11,0.0,0.0,0.0,0,11.1,15.0
2026-08-18T17:45:11.693474-04:00,2026-08-18,PRE_PARTY,888fb4a4-7adf-47a1-8ba2-c258cc64fd75,Main Street Vehicles,CLOSED,,2026-08-18T20:00:27.601Z,2026-08-18T17:45,94.6,99.5,50,11,0.0,0.0,0.0,0,11.1,15.0
2026-08-18T17:45:11.693474-04:00,2026-08-18,PRE_PARTY,6fd1e225-53a0-4a80-a577-4bbc9a471075,Walt Disney's Enchanted Tiki Room,OPERATING,10,2026-08-18T13:01:30.891Z,2026-08-18T17:45,94.6,99.5,50,11,0.0,0.0,0.0,0,11.1,15.0
2026-08-18T17:45:11.693474-04:00,2026-08-18,PRE_PARTY,73cb9445-0695-47a3-87ce-d08ae36b5f3c,Tiana's Bayou Adventure,OPERATING,35,2026-08-18T21:29:28.444Z,2026-08-18T17:45,94.6,99.5,50,11,0.0,0.0,0.0,0,11.1,15.0
2026-08-18T17:45:11.693474-04:00,2026-08-18,PRE_PARTY,3cba0cb4-e2a6-402c-93ee-c11ffcb127ef,Under the Sea - Journey of The Little Mermaid,OPERATING,5,2026-08-18T20:49:40.906Z,2026-08-18T17:45,94.6,99.5,50,11,0.0,0.0,0.0,0,11.1,15.0
2026-08-18T17:45:11.693474-04:00,2026-08-18,PRE_PARTY,0f57cecf-5502-4503-8bc3-ba84d3708ace,Country Bear Musical Jamboree,OPERATING,10,2026-08-18T13:27:23.772Z,2026-08-18T17:45,94.6,99.5,50,11,0.0,0.0,0.0,0,11.1,15.0
2026-08-18T17:45:11.693474-04:00,2026-08-18,PRE_PARTY,890fa430-89c0-4a3f-96c9-11597888005e,Dumbo the Flying Elephant,OPERATING,5,2026-08-18T20:49:40.953Z,2026-08-18T17:45,94.6,99.5,50,11,0.0,0.0,0.0,0,11.1,15.0
2026-08-18T17:45:11.693474-04:00,2026-08-18,PRE_PARTY,f163ddcd-43e1-488d-8276-2381c1db0a39,Tomorrowland Speedway,OPERATING,15,2026-08-18T21:36:27.263Z,2026-08-18T17:45,94.6,99.5,50,11,0.0,0.0,0.0,0,11.1,15.0
2026-08-18T17:45:11.693474-04:00,2026-08-18,PRE_PARTY,9d4d5229-7142-44b6-b4fb-528920969a2c,Seven Dwarfs Mine Train,OPERATING,40,2026-08-18T21:36:27.227Z,2026-08-18T17:45,94.6,99.5,50,11,0.0,0.0,0.0,0,11.1,15.0
2026-08-18T17:45:11.693474-04:00,2026-08-18,PRE_PARTY,0d94ad60-72f0-4551-83a6-ebaecdd89737,The Many Adventures of Winnie the Pooh,OPERATING,35,2026-08-18T21:43:16.109Z,2026-08-18T17:45,94.6,99.5,50,11,0.0,0.0,0.0,0,11.1,15.0
2026-08-18T17:45:11.693474-04:00,2026-08-18,PRE_PARTY,30fe3c64-af71-4c66-a54b-aa61fd7af177,Swiss Family Treehouse,OPERATING,5,2026-08-18T12:01:29.219Z,2026-08-18T17:45,94.6,99.5,50,11,0.0,0.0,0.0,0,11.1,15.0
2026-08-18T17:45:11.693474-04:00,2026-08-18,PRE_PARTY,796b0a25-c51e-456e-9bb8-50a324e301b3,Jungle Cruise,OPERATING,35,2026-08-18T21:36:27.245Z,2026-08-18T17:45,94.6,99.5,50,11,0.0,0.0,0.0,0,11.1,15.0
2026-08-18T17:45:11.693474-04:00,2026-08-18,PRE_PARTY,0aae716c-af13-4439-b638-d75fb1649df3,Mad Tea Party,OPERATING,5,2026-08-18T20:43:47.059Z,2026-08-18T17:45,94.6,99.5,50,11,0.0,0.0,0.0,0,11.1,15.0
2026-08-18T17:45:11.693474-04:00,2026-08-18,PRE_PARTY,d9d12438-d999-4482-894b-8955fdb20ccf,Astro Orbiter,OPERATING,20,2026-08-18T20:46:34.768Z,2026-08-18T17:45,94.6,99.5,50,11,0.0,0.0,0.0,0,11.1,15.0
2026-08-18T17:45:11.693474-04:00,2026-08-18,PRE_PARTY,b2260923-9315-40fd-9c6b-44dd811dbe64,Space Mountain,OPERATING,30,2026-08-18T21:19:53.521Z,2026-08-18T17:45,94.6,99.5,50,11,0.0,0.0,0.0,0,11.1,15.0
2026-08-18T17:45:11.693474-04:00,2026-08-18,PRE_PARTY,ffcfeaa2-1416-4920-a1ed-543c1a1695c4,Tomorrowland Transit Authority PeopleMover,OPERATING,10,2026-08-18T20:42:29.163Z,2026-08-18T17:45,94.6,99.5,50,11,0.0,0.0,0.0,0,11.1,15.0
2026-08-18T17:45:11.693474-04:00,2026-08-18,PRE_PARTY,e76c93df-31af-49a5-8e2f-752c76c937c9,Enchanted Tales with Belle,CLOSED,,2026-08-18T21:30:28.522Z,2026-08-18T17:45,94.6,99.5,50,11,0.0,0.0,0.0,0,11.1,15.0
2026-08-18T17:45:11.693474-04:00,2026-08-18,PRE_PARTY,924a3b2c-6b4b-49e5-99d3-e9dc3f2e8a48,The Barnstormer,OPERATING,15,2026-08-18T21:31:29.101Z,2026-08-18T17:45,94.6,99.5,50,11,0.0,0.0,0.0,0,11.1,15.0
2026-08-18T17:45:11.693474-04:00,2026-08-18,PRE_PARTY,86a41273-5f15-4b54-93b6-829f140e5161,Peter Pan's Flight,OPERATING,25,2026-08-18T21:44:27.732Z,2026-08-18T17:45,94.6,99.5,50,11,0.0,0.0,0.0,0,11.1,15.0
2026-08-18T18:00:18.127754-04:00,2026-08-18,TRANSITION,273ddb8d-e7b5-4e34-8657-1113f49262a5,Prince Charming Regal Carrousel,OPERATING,5,2026-08-18T18:42:31.415Z,2026-08-18T18:00,93.9,99.4,52,13,0.0,0.0,0.0,2,10.7,14.8
2026-08-18T18:00:18.127754-04:00,2026-08-18,TRANSITION,86a41273-5f15-4b54-93b6-829f140e5161,Peter Pan's Flight,OPERATING,25,2026-08-18T21:59:29.693Z,2026-08-18T18:00,93.9,99.4,52,13,0.0,0.0,0.0,2,10.7,14.8
2026-08-18T18:00:18.127754-04:00,2026-08-18,TRANSITION,352feb94-e52e-45eb-9c92-e4b44c6b1a9d,Pirates of the Caribbean,OPERATING,15,2026-08-18T21:59:29.701Z,2026-08-18T18:00,93.9,99.4,52,13,0.0,0.0,0.0,2,10.7,14.8
2026-08-18T18:00:18.127754-04:00,2026-08-18,TRANSITION,72c7343a-f7fb-4f66-95df-c91016de7338,Buzz Lightyear’s Space Ranger Spin,OPERATING,40,2026-08-18T21:56:32.478Z,2026-08-18T18:00,93.9,99.4,52,13,0.0,0.0,0.0,2,10.7,14.8
2026-08-18T18:00:18.127754-04:00,2026-08-18,TRANSITION,f010bc01-b450-4476-a5f3-a5f2813104b2,Casey Jr. Splash 'N' Soak Station,OPERATING,,2026-08-18T12:00:00.690Z,2026-08-18T18:00,93.9,99.4,52,13,0.0,0.0,0.0,2,10.7,14.8
2026-08-18T18:00:18.127754-04:00,2026-08-18,TRANSITION,e39b831b-7731-49bb-815b-289b4f49a9fd,"Walt Disney World Railroad - Main Street, U.S.A.",CLOSED,,2026-08-18T21:00:28.477Z,2026-08-18T18:00,93.9,99.4,52,13,0.0,0.0,0.0,2,10.7,14.8
2026-08-18T18:00:18.127754-04:00,2026-08-18,TRANSITION,2ebfb38c-5cb5-4de1-86c0-f7af14188022,The Hall of Presidents,OPERATING,,2026-08-18T13:08:14.357Z,2026-08-18T18:00,93.9,99.4,52,13,0.0,0.0,0.0,2,10.7,14.8
2026-08-18T18:00:18.127754-04:00,2026-08-18,TRANSITION,7c5e1e02-3a44-4151-9005-44066d5ba1da,Mickey's PhilharMagic,OPERATING,15,2026-08-18T20:49:40.984Z,2026-08-18T18:00,93.9,99.4,52,13,0.0,0.0,0.0,2,10.7,14.8
2026-08-18T18:00:18.127754-04:00,2026-08-18,TRANSITION,8183f3f2-1b59-4b9c-b634-6a863bdf8d84,Walt Disney's Carousel of Progress,REFURBISHMENT,,2026-07-23T21:50:48.516Z,2026-08-18T18:00,93.9,99.4,52,13,0.0,0.0,0.0,2,10.7,14.8
2026-08-18T18:00:18.127754-04:00,2026-08-18,TRANSITION,e40ac396-cbac-43f4-8752-764ed60ccceb,Walt Disney World Railroad - Fantasyland,CLOSED,,2026-08-18T21:00:28.448Z,2026-08-18T18:00,93.9,99.4,52,13,0.0,0.0,0.0,2,10.7,14.8
2026-08-18T18:00:18.127754-04:00,2026-08-18,TRANSITION,2551a77d-023f-4ab1-9a19-8afec0190f39,Haunted Mansion,OPERATING,20,2026-08-18T21:14:34.008Z,2026-08-18T18:00,93.9,99.4,52,13,0.0,0.0,0.0,2,10.7,14.8
2026-08-18T18:00:18.127754-04:00,2026-08-18,TRANSITION,96455de6-f4f1-403c-9391-bf8396979149,The Magic Carpets of Aladdin,OPERATING,5,2026-08-18T20:43:47.112Z,2026-08-18T18:00,93.9,99.4,52,13,0.0,0.0,0.0,2,10.7,14.8
2026-08-18T18:00:18.127754-04:00,2026-08-18,TRANSITION,f5aad2d4-a419-4384-bd9a-42f86385c750,"""it's a small world""",OPERATING,10,2026-08-18T21:56:32.487Z,2026-08-18T18:00,93.9,99.4,52,13,0.0,0.0,0.0,2,10.7,14.8
2026-08-18T18:00:18.127754-04:00,2026-08-18,TRANSITION,e8f0b426-7645-4ea3-8b41-b94ae7091a41,"Monsters, Inc. Laugh Floor",OPERATING,10,2026-08-18T20:43:46.932Z,2026-08-18T18:00,93.9,99.4,52,13,0.0,0.0,0.0,2,10.7,14.8
2026-08-18T18:00:18.127754-04:00,2026-08-18,TRANSITION,de737ffc-306b-4f32-8bbb-34e5d370ec8f,A Pirate's Adventure ~ Treasures of the Seven Seas,OPERATING,,2026-08-18T16:01:42.855Z,2026-08-18T18:00,93.9,99.4,52,13,0.0,0.0,0.0,2,10.7,14.8
2026-08-18T18:00:18.127754-04:00,2026-08-18,TRANSITION,5a43d1a7-ad53-4d25-abfe-25625f0da304,TRON Lightcycle / Run,OPERATING,60,2026-08-18T21:47:28.300Z,2026-08-18T18:00,93.9,99.4,52,13,0.0,0.0,0.0,2,10.7,14.8
2026-08-18T18:00:18.127754-04:00,2026-08-18,TRANSITION,de3309ca-97d5-4211-bffe-739fed47e92f,Big Thunder Mountain Railroad,OPERATING,25,2026-08-18T21:49:25.356Z,2026-08-18T18:00,93.9,99.4,52,13,0.0,0.0,0.0,2,10.7,14.8
2026-08-18T18:00:18.127754-04:00,2026-08-18,TRANSITION,90d79335-c907-4069-a021-d0fe1ec73ae2,Cinderella Castle,OPERATING,,2026-08-18T12:00:00.710Z,2026-08-18T18:00,93.9,99.4,52,13,0.0,0.0,0.0,2,10.7,14.8
2026-08-18T18:00:18.127754-04:00,2026-08-18,TRANSITION,888fb4a4-7adf-47a1-8ba2-c258cc64fd75,Main Street Vehicles,CLOSED,,2026-08-18T20:00:27.601Z,2026-08-18T18:00,93.9,99.4,52,13,0.0,0.0,0.0,2,10.7,14.8
2026-08-18T18:00:18.127754-04:00,2026-08-18,TRANSITION,6fd1e225-53a0-4a80-a577-4bbc9a471075,Walt Disney's Enchanted Tiki Room,OPERATING,10,2026-08-18T13:01:30.891Z,2026-08-18T18:00,93.9,99.4,52,13,0.0,0.0,0.0,2,10.7,14.8
2026-08-18T18:00:18.127754-04:00,2026-08-18,TRANSITION,73cb9445-0695-47a3-87ce-d08ae36b5f3c,Tiana's Bayou Adventure,OPERATING,30,2026-08-18T21:59:29.675Z,2026-08-18T18:00,93.9,99.4,52,13,0.0,0.0,0.0,2,10.7,14.8
2026-08-18T18:00:18.127754-04:00,2026-08-18,TRANSITION,3cba0cb4-e2a6-402c-93ee-c11ffcb127ef,Under the Sea - Journey of The Little Mermaid,OPERATING,5,2026-08-18T20:49:40.906Z,2026-08-18T18:00,93.9,99.4,52,13,0.0,0.0,0.0,2,10.7,14.8
2026-08-18T18:00:18.127754-04:00,2026-08-18,TRANSITION,0f57cecf-5502-4503-8bc3-ba84d3708ace,Country Bear Musical Jamboree,OPERATING,10,2026-08-18T13:27:23.772Z,2026-08-18T18:00,93.9,99.4,52,13,0.0,0.0,0.0,2,10.7,14.8
2026-08-18T18:00:18.127754-04:00,2026-08-18,TRANSITION,890fa430-89c0-4a3f-96c9-11597888005e,Dumbo the Flying Elephant,OPERATING,5,2026-08-18T20:49:40.953Z,2026-08-18T18:00,93.9,99.4,52,13,0.0,0.0,0.0,2,10.7,14.8
2026-08-18T18:00:18.127754-04:00,2026-08-18,TRANSITION,f163ddcd-43e1-488d-8276-2381c1db0a39,Tomorrowland Speedway,OPERATING,20,2026-08-18T21:47:28.309Z,2026-08-18T18:00,93.9,99.4,52,13,0.0,0.0,0.0,2,10.7,14.8
2026-08-18T18:00:18.127754-04:00,2026-08-18,TRANSITION,9d4d5229-7142-44b6-b4fb-528920969a2c,Seven Dwarfs Mine Train,OPERATING,30,2026-08-18T21:47:28.281Z,2026-08-18T18:00,93.9,99.4,52,13,0.0,0.0,0.0,2,10.7,14.8
2026-08-18T18:00:18.127754-04:00,2026-08-18,TRANSITION,0d94ad60-72f0-4551-83a6-ebaecdd89737,The Many Adventures of Winnie the Pooh,OPERATING,10,2026-08-18T21:49:25.365Z,2026-08-18T18:00,93.9,99.4,52,13,0.0,0.0,0.0,2,10.7,14.8
2026-08-18T18:00:18.127754-04:00,2026-08-18,TRANSITION,30fe3c64-af71-4c66-a54b-aa61fd7af177,Swiss Family Treehouse,OPERATING,5,2026-08-18T12:01:29.219Z,2026-08-18T18:00,93.9,99.4,52,13,0.0,0.0,0.0,2,10.7,14.8
2026-08-18T18:00:18.127754-04:00,2026-08-18,TRANSITION,796b0a25-c51e-456e-9bb8-50a324e301b3,Jungle Cruise,OPERATING,30,2026-08-18T21:48:26.854Z,2026-08-18T18:00,93.9,99.4,52,13,0.0,0.0,0.0,2,10.7,14.8
2026-08-18T18:00:18.127754-04:00,2026-08-18,TRANSITION,0aae716c-af13-4439-b638-d75fb1649df3,Mad Tea Party,OPERATING,5,2026-08-18T20:43:47.059Z,2026-08-18T18:00,93.9,99.4,52,13,0.0,0.0,0.0,2,10.7,14.8
2026-08-18T18:00:18.127754-04:00,2026-08-18,TRANSITION,d9d12438-d999-4482-894b-8955fdb20ccf,Astro Orbiter,OPERATING,20,2026-08-18T20:46:34.768Z,2026-08-18T18:00,93.9,99.4,52,13,0.0,0.0,0.0,2,10.7,14.8
2026-08-18T18:00:18.127754-04:00,2026-08-18,TRANSITION,b2260923-9315-40fd-9c6b-44dd811dbe64,Space Mountain,OPERATING,30,2026-08-18T21:19:53.521Z,2026-08-18T18:00,93.9,99.4,52,13,0.0,0.0,0.0,2,10.7,14.8
2026-08-18T18:00:18.127754-04:00,2026-08-18,TRANSITION,ffcfeaa2-1416-4920-a1ed-543c1a1695c4,Tomorrowland Transit Authority PeopleMover,OPERATING,10,2026-08-18T20:42:29.163Z,2026-08-18T18:00,93.9,99.4,52,13,0.0,0.0,0.0,2,10.7,14.8
2026-08-18T18:00:18.127754-04:00,2026-08-18,TRANSITION,e76c93df-31af-49a5-8e2f-752c76c937c9,Enchanted Tales with Belle,CLOSED,,2026-08-18T21:30:28.522Z,2026-08-18T18:00,93.9,99.4,52,13,0.0,0.0,0.0,2,10.7,14.8
2026-08-18T18:00:18.127754-04:00,2026-08-18,TRANSITION,924a3b2c-6b4b-49e5-99d3-e9dc3f2e8a48,The Barnstormer,OPERATING,15,2026-08-18T21:31:29.101Z,2026-08-18T18:00,93.9,99.4,52,13,0.0,0.0,0.0,2,10.7,14.8
2026-08-18T18:15:15.570833-04:00,2026-08-18,TRANSITION,352feb94-e52e-45eb-9c92-e4b44c6b1a9d,Pirates of the Caribbean,CLOSED,,2026-08-18T22:00:28.317Z,2026-08-18T18:15,93.5,98.8,53,4,0.0,0.0,0.0,2,11.2,15.9
2026-08-18T18:15:15.570833-04:00,2026-08-18,TRANSITION,86a41273-5f15-4b54-93b6-829f140e5161,Peter Pan's Flight,CLOSED,,2026-08-18T22:00:28.308Z,2026-08-18T18:15,93.5,98.8,53,4,0.0,0.0,0.0,2,11.2,15.9
2026-08-18T18:15:15.570833-04:00,2026-08-18,TRANSITION,273ddb8d-e7b5-4e34-8657-1113f49262a5,Prince Charming Regal Carrousel,CLOSED,,2026-08-18T22:00:28.244Z,2026-08-18T18:15,93.5,98.8,53,4,0.0,0.0,0.0,2,11.2,15.9
2026-08-18T18:15:15.570833-04:00,2026-08-18,TRANSITION,72c7343a-f7fb-4f66-95df-c91016de7338,Buzz Lightyear’s Space Ranger Spin,CLOSED,,2026-08-18T22:00:28.235Z,2026-08-18T18:15,93.5,98.8,53,4,0.0,0.0,0.0,2,11.2,15.9
2026-08-18T18:15:15.570833-04:00,2026-08-18,TRANSITION,f010bc01-b450-4476-a5f3-a5f2813104b2,Casey Jr. Splash 'N' Soak Station,CLOSED,,2026-08-18T22:00:00.895Z,2026-08-18T18:15,93.5,98.8,53,4,0.0,0.0,0.0,2,11.2,15.9
2026-08-18T18:15:15.570833-04:00,2026-08-18,TRANSITION,e39b831b-7731-49bb-815b-289b4f49a9fd,"Walt Disney World Railroad - Main Street, U.S.A.",CLOSED,,2026-08-18T21:00:28.477Z,2026-08-18T18:15,93.5,98.8,53,4,0.0,0.0,0.0,2,11.2,15.9
2026-08-18T18:15:15.570833-04:00,2026-08-18,TRANSITION,2ebfb38c-5cb5-4de1-86c0-f7af14188022,The Hall of Presidents,CLOSED,,2026-08-18T22:00:28.402Z,2026-08-18T18:15,93.5,98.8,53,4,0.0,0.0,0.0,2,11.2,15.9
2026-08-18T18:15:15.570833-04:00,2026-08-18,TRANSITION,7c5e1e02-3a44-4151-9005-44066d5ba1da,Mickey's PhilharMagic,CLOSED,,2026-08-18T22:00:28.300Z,2026-08-18T18:15,93.5,98.8,53,4,0.0,0.0,0.0,2,11.2,15.9
2026-08-18T18:15:15.570833-04:00,2026-08-18,TRANSITION,8183f3f2-1b59-4b9c-b634-6a863bdf8d84,Walt Disney's Carousel of Progress,REFURBISHMENT,,2026-07-23T21:50:48.516Z,2026-08-18T18:15,93.5,98.8,53,4,0.0,0.0,0.0,2,11.2,15.9
2026-08-18T18:15:15.570833-04:00,2026-08-18,TRANSITION,e40ac396-cbac-43f4-8752-764ed60ccceb,Walt Disney World Railroad - Fantasyland,CLOSED,,2026-08-18T21:00:28.448Z,2026-08-18T18:15,93.5,98.8,53,4,0.0,0.0,0.0,2,11.2,15.9
2026-08-18T18:15:15.570833-04:00,2026-08-18,TRANSITION,2551a77d-023f-4ab1-9a19-8afec0190f39,Haunted Mansion,CLOSED,,2026-08-18T22:00:28.345Z,2026-08-18T18:15,93.5,98.8,53,4,0.0,0.0,0.0,2,11.2,15.9
2026-08-18T18:15:15.570833-04:00,2026-08-18,TRANSITION,96455de6-f4f1-403c-9391-bf8396979149,The Magic Carpets of Aladdin,CLOSED,,2026-08-18T22:00:28.355Z,2026-08-18T18:15,93.5,98.8,53,4,0.0,0.0,0.0,2,11.2,15.9
2026-08-18T18:15:15.570833-04:00,2026-08-18,TRANSITION,f5aad2d4-a419-4384-bd9a-42f86385c750,"""it's a small world""",CLOSED,,2026-08-18T22:00:28.262Z,2026-08-18T18:15,93.5,98.8,53,4,0.0,0.0,0.0,2,11.2,15.9
2026-08-18T18:15:15.570833-04:00,2026-08-18,TRANSITION,e8f0b426-7645-4ea3-8b41-b94ae7091a41,"Monsters, Inc. Laugh Floor",CLOSED,,2026-08-18T22:00:28.121Z,2026-08-18T18:15,93.5,98.8,53,4,0.0,0.0,0.0,2,11.2,15.9
2026-08-18T18:15:15.570833-04:00,2026-08-18,TRANSITION,de737ffc-306b-4f32-8bbb-34e5d370ec8f,A Pirate's Adventure ~ Treasures of the Seven Seas,CLOSED,,2026-08-18T22:00:28.172Z,2026-08-18T18:15,93.5,98.8,53,4,0.0,0.0,0.0,2,11.2,15.9
2026-08-18T18:15:15.570833-04:00,2026-08-18,TRANSITION,5a43d1a7-ad53-4d25-abfe-25625f0da304,TRON Lightcycle / Run,CLOSED,,2026-08-18T22:00:28.197Z,2026-08-18T18:15,93.5,98.8,53,4,0.0,0.0,0.0,2,11.2,15.9
2026-08-18T18:15:15.570833-04:00,2026-08-18,TRANSITION,de3309ca-97d5-4211-bffe-739fed47e92f,Big Thunder Mountain Railroad,CLOSED,,2026-08-18T22:00:28.226Z,2026-08-18T18:15,93.5,98.8,53,4,0.0,0.0,0.0,2,11.2,15.9
2026-08-18T18:15:15.570833-04:00,2026-08-18,TRANSITION,90d79335-c907-4069-a021-d0fe1ec73ae2,Cinderella Castle,CLOSED,,2026-08-18T22:00:00.921Z,2026-08-18T18:15,93.5,98.8,53,4,0.0,0.0,0.0,2,11.2,15.9
2026-08-18T18:15:15.570833-04:00,2026-08-18,TRANSITION,888fb4a4-7adf-47a1-8ba2-c258cc64fd75,Main Street Vehicles,CLOSED,,2026-08-18T20:00:27.601Z,2026-08-18T18:15,93.5,98.8,53,4,0.0,0.0,0.0,2,11.2,15.9
2026-08-18T18:15:15.570833-04:00,2026-08-18,TRANSITION,6fd1e225-53a0-4a80-a577-4bbc9a471075,Walt Disney's Enchanted Tiki Room,CLOSED,,2026-08-18T22:00:28.133Z,2026-08-18T18:15,93.5,98.8,53,4,0.0,0.0,0.0,2,11.2,15.9
2026-08-18T18:15:15.570833-04:00,2026-08-18,TRANSITION,73cb9445-0695-47a3-87ce-d08ae36b5f3c,Tiana's Bayou Adventure,CLOSED,,2026-08-18T22:00:28.206Z,2026-08-18T18:15,93.5,98.8,53,4,0.0,0.0,0.0,2,11.2,15.9
2026-08-18T18:15:15.570833-04:00,2026-08-18,TRANSITION,3cba0cb4-e2a6-402c-93ee-c11ffcb127ef,Under the Sea - Journey of The Little Mermaid,CLOSED,,2026-08-18T22:00:28.152Z,2026-08-18T18:15,93.5,98.8,53,4,0.0,0.0,0.0,2,11.2,15.9
2026-08-18T18:15:15.570833-04:00,2026-08-18,TRANSITION,0f57cecf-5502-4503-8bc3-ba84d3708ace,Country Bear Musical Jamboree,CLOSED,,2026-08-18T22:00:28.391Z,2026-08-18T18:15,93.5,98.8,53,4,0.0,0.0,0.0,2,11.2,15.9
2026-08-18T18:15:15.570833-04:00,2026-08-18,TRANSITION,890fa430-89c0-4a3f-96c9-11597888005e,Dumbo the Flying Elephant,CLOSED,,2026-08-18T22:00:28.254Z,2026-08-18T18:15,93.5,98.8,53,4,0.0,0.0,0.0,2,11.2,15.9
2026-08-18T18:15:15.570833-04:00,2026-08-18,TRANSITION,f163ddcd-43e1-488d-8276-2381c1db0a39,Tomorrowland Speedway,CLOSED,,2026-08-18T22:00:28.372Z,2026-08-18T18:15,93.5,98.8,53,4,0.0,0.0,0.0,2,11.2,15.9
2026-08-18T18:15:15.570833-04:00,2026-08-18,TRANSITION,9d4d5229-7142-44b6-b4fb-528920969a2c,Seven Dwarfs Mine Train,CLOSED,,2026-08-18T22:00:28.163Z,2026-08-18T18:15,93.5,98.8,53,4,0.0,0.0,0.0,2,11.2,15.9
2026-08-18T18:15:15.570833-04:00,2026-08-18,TRANSITION,0d94ad60-72f0-4551-83a6-ebaecdd89737,The Many Adventures of Winnie the Pooh,CLOSED,,2026-08-18T22:00:28.364Z,2026-08-18T18:15,93.5,98.8,53,4,0.0,0.0,0.0,2,11.2,15.9
2026-08-18T18:15:15.570833-04:00,2026-08-18,TRANSITION,30fe3c64-af71-4c66-a54b-aa61fd7af177,Swiss Family Treehouse,CLOSED,,2026-08-18T22:00:28.335Z,2026-08-18T18:15,93.5,98.8,53,4,0.0,0.0,0.0,2,11.2,15.9
2026-08-18T18:15:15.570833-04:00,2026-08-18,TRANSITION,796b0a25-c51e-456e-9bb8-50a324e301b3,Jungle Cruise,CLOSED,,2026-08-18T22:00:28.270Z,2026-08-18T18:15,93.5,98.8,53,4,0.0,0.0,0.0,2,11.2,15.9
2026-08-18T18:15:15.570833-04:00,2026-08-18,TRANSITION,0aae716c-af13-4439-b638-d75fb1649df3,Mad Tea Party,CLOSED,,2026-08-18T22:00:28.291Z,2026-08-18T18:15,93.5,98.8,53,4,0.0,0.0,0.0,2,11.2,15.9
2026-08-18T18:15:15.570833-04:00,2026-08-18,TRANSITION,d9d12438-d999-4482-894b-8955fdb20ccf,Astro Orbiter,CLOSED,,2026-08-18T22:00:28.216Z,2026-08-18T18:15,93.5,98.8,53,4,0.0,0.0,0.0,2,11.2,15.9
2026-08-18T18:15:15.570833-04:00,2026-08-18,TRANSITION,b2260923-9315-40fd-9c6b-44dd811dbe64,Space Mountain,CLOSED,,2026-08-18T22:00:28.326Z,2026-08-18T18:15,93.5,98.8,53,4,0.0,0.0,0.0,2,11.2,15.9
2026-08-18T18:15:15.570833-04:00,2026-08-18,TRANSITION,ffcfeaa2-1416-4920-a1ed-543c1a1695c4,Tomorrowland Transit Authority PeopleMover,CLOSED,,2026-08-18T22:00:28.383Z,2026-08-18T18:15,93.5,98.8,53,4,0.0,0.0,0.0,2,11.2,15.9
2026-08-18T18:15:15.570833-04:00,2026-08-18,TRANSITION,e76c93df-31af-49a5-8e2f-752c76c937c9,Enchanted Tales with Belle,CLOSED,,2026-08-18T21:30:28.522Z,2026-08-18T18:15,93.5,98.8,53,4,0.0,0.0,0.0,2,11.2,15.9
2026-08-18T18:15:15.570833-04:00,2026-08-18,TRANSITION,924a3b2c-6b4b-49e5-99d3-e9dc3f2e8a48,The Barnstormer,CLOSED,,2026-08-18T22:00:28.142Z,2026-08-18T18:15,93.5,98.8,53,4,0.0,0.0,0.0,2,11.2,15.9
2026-08-18T18:30:14.531916-04:00,2026-08-18,TRANSITION,352feb94-e52e-45eb-9c92-e4b44c6b1a9d,Pirates of the Caribbean,CLOSED,,2026-08-18T22:26:36.298Z,2026-08-18T18:30,93.1,98.6,54,4,0.0,0.0,0.0,2,11.2,17.2
2026-08-18T18:30:14.531916-04:00,2026-08-18,TRANSITION,86a41273-5f15-4b54-93b6-829f140e5161,Peter Pan's Flight,CLOSED,,2026-08-18T22:26:36.288Z,2026-08-18T18:30,93.1,98.6,54,4,0.0,0.0,0.0,2,11.2,17.2
2026-08-18T18:30:14.531916-04:00,2026-08-18,TRANSITION,273ddb8d-e7b5-4e34-8657-1113f49262a5,Prince Charming Regal Carrousel,CLOSED,,2026-08-18T22:26:42.746Z,2026-08-18T18:30,93.1,98.6,54,4,0.0,0.0,0.0,2,11.2,17.2
2026-08-18T18:30:14.531916-04:00,2026-08-18,TRANSITION,72c7343a-f7fb-4f66-95df-c91016de7338,Buzz Lightyear’s Space Ranger Spin,CLOSED,,2026-08-18T22:18:49.644Z,2026-08-18T18:30,93.1,98.6,54,4,0.0,0.0,0.0,2,11.2,17.2
2026-08-18T18:30:14.531916-04:00,2026-08-18,TRANSITION,f010bc01-b450-4476-a5f3-a5f2813104b2,Casey Jr. Splash 'N' Soak Station,CLOSED,,2026-08-18T22:00:00.895Z,2026-08-18T18:30,93.1,98.6,54,4,0.0,0.0,0.0,2,11.2,17.2
2026-08-18T18:30:14.531916-04:00,2026-08-18,TRANSITION,e39b831b-7731-49bb-815b-289b4f49a9fd,"Walt Disney World Railroad - Main Street, U.S.A.",CLOSED,,2026-08-18T21:00:28.477Z,2026-08-18T18:30,93.1,98.6,54,4,0.0,0.0,0.0,2,11.2,17.2
2026-08-18T18:30:14.531916-04:00,2026-08-18,TRANSITION,2ebfb38c-5cb5-4de1-86c0-f7af14188022,The Hall of Presidents,CLOSED,,2026-08-18T22:00:28.402Z,2026-08-18T18:30,93.1,98.6,54,4,0.0,0.0,0.0,2,11.2,17.2
2026-08-18T18:30:14.531916-04:00,2026-08-18,TRANSITION,7c5e1e02-3a44-4151-9005-44066d5ba1da,Mickey's PhilharMagic,CLOSED,,2026-08-18T22:00:28.300Z,2026-08-18T18:30,93.1,98.6,54,4,0.0,0.0,0.0,2,11.2,17.2
2026-08-18T18:30:14.531916-04:00,2026-08-18,TRANSITION,8183f3f2-1b59-4b9c-b634-6a863bdf8d84,Walt Disney's Carousel of Progress,REFURBISHMENT,,2026-07-23T21:50:48.516Z,2026-08-18T18:30,93.1,98.6,54,4,0.0,0.0,0.0,2,11.2,17.2
2026-08-18T18:30:14.531916-04:00,2026-08-18,TRANSITION,e40ac396-cbac-43f4-8752-764ed60ccceb,Walt Disney World Railroad - Fantasyland,CLOSED,,2026-08-18T21:00:28.448Z,2026-08-18T18:30,93.1,98.6,54,4,0.0,0.0,0.0,2,11.2,17.2
2026-08-18T18:30:14.531916-04:00,2026-08-18,TRANSITION,2551a77d-023f-4ab1-9a19-8afec0190f39,Haunted Mansion,CLOSED,,2026-08-18T22:26:36.307Z,2026-08-18T18:30,93.1,98.6,54,4,0.0,0.0,0.0,2,11.2,17.2
2026-08-18T18:30:14.531916-04:00,2026-08-18,TRANSITION,96455de6-f4f1-403c-9391-bf8396979149,The Magic Carpets of Aladdin,CLOSED,,2026-08-18T22:18:49.696Z,2026-08-18T18:30,93.1,98.6,54,4,0.0,0.0,0.0,2,11.2,17.2
2026-08-18T18:30:14.531916-04:00,2026-08-18,TRANSITION,f5aad2d4-a419-4384-bd9a-42f86385c750,"""it's a small world""",CLOSED,,2026-08-18T22:26:36.254Z,2026-08-18T18:30,93.1,98.6,54,4,0.0,0.0,0.0,2,11.2,17.2
2026-08-18T18:30:14.531916-04:00,2026-08-18,TRANSITION,e8f0b426-7645-4ea3-8b41-b94ae7091a41,"Monsters, Inc. Laugh Floor",CLOSED,,2026-08-18T22:00:28.121Z,2026-08-18T18:30,93.1,98.6,54,4,0.0,0.0,0.0,2,11.2,17.2
2026-08-18T18:30:14.531916-04:00,2026-08-18,TRANSITION,de737ffc-306b-4f32-8bbb-34e5d370ec8f,A Pirate's Adventure ~ Treasures of the Seven Seas,CLOSED,,2026-08-18T22:00:28.172Z,2026-08-18T18:30,93.1,98.6,54,4,0.0,0.0,0.0,2,11.2,17.2
2026-08-18T18:30:14.531916-04:00,2026-08-18,TRANSITION,5a43d1a7-ad53-4d25-abfe-25625f0da304,TRON Lightcycle / Run,CLOSED,,2026-08-18T22:18:49.636Z,2026-08-18T18:30,93.1,98.6,54,4,0.0,0.0,0.0,2,11.2,17.2
2026-08-18T18:30:14.531916-04:00,2026-08-18,TRANSITION,de3309ca-97d5-4211-bffe-739fed47e92f,Big Thunder Mountain Railroad,CLOSED,,2026-08-18T22:00:28.226Z,2026-08-18T18:30,93.1,98.6,54,4,0.0,0.0,0.0,2,11.2,17.2
2026-08-18T18:30:14.531916-04:00,2026-08-18,TRANSITION,90d79335-c907-4069-a021-d0fe1ec73ae2,Cinderella Castle,CLOSED,,2026-08-18T22:00:00.921Z,2026-08-18T18:30,93.1,98.6,54,4,0.0,0.0,0.0,2,11.2,17.2
2026-08-18T18:30:14.531916-04:00,2026-08-18,TRANSITION,888fb4a4-7adf-47a1-8ba2-c258cc64fd75,Main Street Vehicles,CLOSED,,2026-08-18T20:00:27.601Z,2026-08-18T18:30,93.1,98.6,54,4,0.0,0.0,0.0,2,11.2,17.2
2026-08-18T18:30:14.531916-04:00,2026-08-18,TRANSITION,6fd1e225-53a0-4a80-a577-4bbc9a471075,Walt Disney's Enchanted Tiki Room,CLOSED,,2026-08-18T22:00:28.133Z,2026-08-18T18:30,93.1,98.6,54,4,0.0,0.0,0.0,2,11.2,17.2
2026-08-18T18:30:14.531916-04:00,2026-08-18,TRANSITION,73cb9445-0695-47a3-87ce-d08ae36b5f3c,Tiana's Bayou Adventure,CLOSED,,2026-08-18T22:26:36.228Z,2026-08-18T18:30,93.1,98.6,54,4,0.0,0.0,0.0,2,11.2,17.2
2026-08-18T18:30:14.531916-04:00,2026-08-18,TRANSITION,3cba0cb4-e2a6-402c-93ee-c11ffcb127ef,Under the Sea - Journey of The Little Mermaid,CLOSED,,2026-08-18T22:26:36.210Z,2026-08-18T18:30,93.1,98.6,54,4,0.0,0.0,0.0,2,11.2,17.2
2026-08-18T18:30:14.531916-04:00,2026-08-18,TRANSITION,0f57cecf-5502-4503-8bc3-ba84d3708ace,Country Bear Musical Jamboree,CLOSED,,2026-08-18T22:00:28.391Z,2026-08-18T18:30,93.1,98.6,54,4,0.0,0.0,0.0,2,11.2,17.2
2026-08-18T18:30:14.531916-04:00,2026-08-18,TRANSITION,890fa430-89c0-4a3f-96c9-11597888005e,Dumbo the Flying Elephant,CLOSED,,2026-08-18T22:26:36.240Z,2026-08-18T18:30,93.1,98.6,54,4,0.0,0.0,0.0,2,11.2,17.2
2026-08-18T18:30:14.531916-04:00,2026-08-18,TRANSITION,f163ddcd-43e1-488d-8276-2381c1db0a39,Tomorrowland Speedway,CLOSED,,2026-08-18T22:18:49.704Z,2026-08-18T18:30,93.1,98.6,54,4,0.0,0.0,0.0,2,11.2,17.2
2026-08-18T18:30:14.531916-04:00,2026-08-18,TRANSITION,9d4d5229-7142-44b6-b4fb-528920969a2c,Seven Dwarfs Mine Train,CLOSED,,2026-08-18T22:26:36.220Z,2026-08-18T18:30,93.1,98.6,54,4,0.0,0.0,0.0,2,11.2,17.2
2026-08-18T18:30:14.531916-04:00,2026-08-18,TRANSITION,0d94ad60-72f0-4551-83a6-ebaecdd89737,The Many Adventures of Winnie the Pooh,CLOSED,,2026-08-18T22:26:36.316Z,2026-08-18T18:30,93.1,98.6,54,4,0.0,0.0,0.0,2,11.2,17.2
2026-08-18T18:30:14.531916-04:00,2026-08-18,TRANSITION,30fe3c64-af71-4c66-a54b-aa61fd7af177,Swiss Family Treehouse,CLOSED,,2026-08-18T22:26:42.755Z,2026-08-18T18:30,93.1,98.6,54,4,0.0,0.0,0.0,2,11.2,17.2
2026-08-18T18:30:14.531916-04:00,2026-08-18,TRANSITION,796b0a25-c51e-456e-9bb8-50a324e301b3,Jungle Cruise,CLOSED,,2026-08-18T22:26:36.267Z,2026-08-18T18:30,93.1,98.6,54,4,0.0,0.0,0.0,2,11.2,17.2
2026-08-18T18:30:14.531916-04:00,2026-08-18,TRANSITION,0aae716c-af13-4439-b638-d75fb1649df3,Mad Tea Party,CLOSED,,2026-08-18T22:26:36.277Z,2026-08-18T18:30,93.1,98.6,54,4,0.0,0.0,0.0,2,11.2,17.2
2026-08-18T18:30:14.531916-04:00,2026-08-18,TRANSITION,d9d12438-d999-4482-894b-8955fdb20ccf,Astro Orbiter,CLOSED,,2026-08-18T22:23:34.386Z,2026-08-18T18:30,93.1,98.6,54,4,0.0,0.0,0.0,2,11.2,17.2
2026-08-18T18:30:14.531916-04:00,2026-08-18,TRANSITION,b2260923-9315-40fd-9c6b-44dd811dbe64,Space Mountain,CLOSED,,2026-08-18T22:18:49.679Z,2026-08-18T18:30,93.1,98.6,54,4,0.0,0.0,0.0,2,11.2,17.2
2026-08-18T18:30:14.531916-04:00,2026-08-18,TRANSITION,ffcfeaa2-1416-4920-a1ed-543c1a1695c4,Tomorrowland Transit Authority PeopleMover,CLOSED,,2026-08-18T22:23:34.395Z,2026-08-18T18:30,93.1,98.6,54,4,0.0,0.0,0.0,2,11.2,17.2
2026-08-18T18:30:14.531916-04:00,2026-08-18,TRANSITION,e76c93df-31af-49a5-8e2f-752c76c937c9,Enchanted Tales with Belle,CLOSED,,2026-08-18T21:30:28.522Z,2026-08-18T18:30,93.1,98.6,54,4,0.0,0.0,0.0,2,11.2,17.2
2026-08-18T18:30:14.531916-04:00,2026-08-18,TRANSITION,924a3b2c-6b4b-49e5-99d3-e9dc3f2e8a48,The Barnstormer,CLOSED,,2026-08-18T22:26:36.199Z,2026-08-18T18:30,93.1,98.6,54,4,0.0,0.0,0.0,2,11.2,17.2
2026-08-18T18:45:11.882490-04:00,2026-08-18,TRANSITION,352feb94-e52e-45eb-9c92-e4b44c6b1a9d,Pirates of the Caribbean,OPERATING,5,2026-08-18T22:30:28.871Z,2026-08-18T18:45,88.8,92.9,56,5,0.0,0.0,0.0,0,10.6,14.8
2026-08-18T18:45:11.882490-04:00,2026-08-18,TRANSITION,86a41273-5f15-4b54-93b6-829f140e5161,Peter Pan's Flight,OPERATING,20,2026-08-18T22:36:30.918Z,2026-08-18T18:45,88.8,92.9,56,5,0.0,0.0,0.0,0,10.6,14.8
2026-08-18T18:45:11.882490-04:00,2026-08-18,TRANSITION,273ddb8d-e7b5-4e34-8657-1113f49262a5,Prince Charming Regal Carrousel,OPERATING,5,2026-08-18T22:37:29.038Z,2026-08-18T18:45,88.8,92.9,56,5,0.0,0.0,0.0,0,10.6,14.8
2026-08-18T18:45:11.882490-04:00,2026-08-18,TRANSITION,72c7343a-f7fb-4f66-95df-c91016de7338,Buzz Lightyear’s Space Ranger Spin,OPERATING,30,2026-08-18T22:33:26.993Z,2026-08-18T18:45,88.8,92.9,56,5,0.0,0.0,0.0,0,10.6,14.8
2026-08-18T18:45:11.882490-04:00,2026-08-18,TRANSITION,f010bc01-b450-4476-a5f3-a5f2813104b2,Casey Jr. Splash 'N' Soak Station,CLOSED,,2026-08-18T22:00:00.895Z,2026-08-18T18:45,88.8,92.9,56,5,0.0,0.0,0.0,0,10.6,14.8
2026-08-18T18:45:11.882490-04:00,2026-08-18,TRANSITION,e39b831b-7731-49bb-815b-289b4f49a9fd,"Walt Disney World Railroad - Main Street, U.S.A.",CLOSED,,2026-08-18T21:00:28.477Z,2026-08-18T18:45,88.8,92.9,56,5,0.0,0.0,0.0,0,10.6,14.8
2026-08-18T18:45:11.882490-04:00,2026-08-18,TRANSITION,2ebfb38c-5cb5-4de1-86c0-f7af14188022,The Hall of Presidents,CLOSED,,2026-08-18T22:00:28.402Z,2026-08-18T18:45,88.8,92.9,56,5,0.0,0.0,0.0,0,10.6,14.8
2026-08-18T18:45:11.882490-04:00,2026-08-18,TRANSITION,7c5e1e02-3a44-4151-9005-44066d5ba1da,Mickey's PhilharMagic,CLOSED,,2026-08-18T22:00:28.300Z,2026-08-18T18:45,88.8,92.9,56,5,0.0,0.0,0.0,0,10.6,14.8
2026-08-18T18:45:11.882490-04:00,2026-08-18,TRANSITION,8183f3f2-1b59-4b9c-b634-6a863bdf8d84,Walt Disney's Carousel of Progress,REFURBISHMENT,,2026-07-23T21:50:48.516Z,2026-08-18T18:45,88.8,92.9,56,5,0.0,0.0,0.0,0,10.6,14.8
2026-08-18T18:45:11.882490-04:00,2026-08-18,TRANSITION,e40ac396-cbac-43f4-8752-764ed60ccceb,Walt Disney World Railroad - Fantasyland,CLOSED,,2026-08-18T21:00:28.448Z,2026-08-18T18:45,88.8,92.9,56,5,0.0,0.0,0.0,0,10.6,14.8
2026-08-18T18:45:11.882490-04:00,2026-08-18,TRANSITION,2551a77d-023f-4ab1-9a19-8afec0190f39,Haunted Mansion,OPERATING,20,2026-08-18T22:32:28.588Z,2026-08-18T18:45,88.8,92.9,56,5,0.0,0.0,0.0,0,10.6,14.8
2026-08-18T18:45:11.882490-04:00,2026-08-18,TRANSITION,96455de6-f4f1-403c-9391-bf8396979149,The Magic Carpets of Aladdin,OPERATING,5,2026-08-18T22:30:28.908Z,2026-08-18T18:45,88.8,92.9,56,5,0.0,0.0,0.0,0,10.6,14.8
2026-08-18T18:45:11.882490-04:00,2026-08-18,TRANSITION,f5aad2d4-a419-4384-bd9a-42f86385c750,"""it's a small world""",OPERATING,0,2026-08-18T22:37:29.045Z,2026-08-18T18:45,88.8,92.9,56,5,0.0,0.0,0.0,0,10.6,14.8
2026-08-18T18:45:11.882490-04:00,2026-08-18,TRANSITION,e8f0b426-7645-4ea3-8b41-b94ae7091a41,"Monsters, Inc. Laugh Floor",CLOSED,,2026-08-18T22:00:28.121Z,2026-08-18T18:45,88.8,92.9,56,5,0.0,0.0,0.0,0,10.6,14.8
2026-08-18T18:45:11.882490-04:00,2026-08-18,TRANSITION,de737ffc-306b-4f32-8bbb-34e5d370ec8f,A Pirate's Adventure ~ Treasures of the Seven Seas,CLOSED,,2026-08-18T22:00:28.172Z,2026-08-18T18:45,88.8,92.9,56,5,0.0,0.0,0.0,0,10.6,14.8
2026-08-18T18:45:11.882490-04:00,2026-08-18,TRANSITION,5a43d1a7-ad53-4d25-abfe-25625f0da304,TRON Lightcycle / Run,OPERATING,50,2026-08-18T22:39:27.326Z,2026-08-18T18:45,88.8,92.9,56,5,0.0,0.0,0.0,0,10.6,14.8
2026-08-18T18:45:11.882490-04:00,2026-08-18,TRANSITION,de3309ca-97d5-4211-bffe-739fed47e92f,Big Thunder Mountain Railroad,OPERATING,15,2026-08-18T22:39:27.343Z,2026-08-18T18:45,88.8,92.9,56,5,0.0,0.0,0.0,0,10.6,14.8
2026-08-18T18:45:11.882490-04:00,2026-08-18,TRANSITION,90d79335-c907-4069-a021-d0fe1ec73ae2,Cinderella Castle,CLOSED,,2026-08-18T22:00:00.921Z,2026-08-18T18:45,88.8,92.9,56,5,0.0,0.0,0.0,0,10.6,14.8
2026-08-18T18:45:11.882490-04:00,2026-08-18,TRANSITION,888fb4a4-7adf-47a1-8ba2-c258cc64fd75,Main Street Vehicles,CLOSED,,2026-08-18T20:00:27.601Z,2026-08-18T18:45,88.8,92.9,56,5,0.0,0.0,0.0,0,10.6,14.8
2026-08-18T18:45:11.882490-04:00,2026-08-18,TRANSITION,6fd1e225-53a0-4a80-a577-4bbc9a471075,Walt Disney's Enchanted Tiki Room,CLOSED,,2026-08-18T22:00:28.133Z,2026-08-18T18:45,88.8,92.9,56,5,0.0,0.0,0.0,0,10.6,14.8
2026-08-18T18:45:11.882490-04:00,2026-08-18,TRANSITION,73cb9445-0695-47a3-87ce-d08ae36b5f3c,Tiana's Bayou Adventure,OPERATING,25,2026-08-18T22:39:27.335Z,2026-08-18T18:45,88.8,92.9,56,5,0.0,0.0,0.0,0,10.6,14.8
2026-08-18T18:45:11.882490-04:00,2026-08-18,TRANSITION,3cba0cb4-e2a6-402c-93ee-c11ffcb127ef,Under the Sea - Journey of The Little Mermaid,OPERATING,10,2026-08-18T22:34:29.050Z,2026-08-18T18:45,88.8,92.9,56,5,0.0,0.0,0.0,0,10.6,14.8
2026-08-18T18:45:11.882490-04:00,2026-08-18,TRANSITION,0f57cecf-5502-4503-8bc3-ba84d3708ace,Country Bear Musical Jamboree,CLOSED,,2026-08-18T22:00:28.391Z,2026-08-18T18:45,88.8,92.9,56,5,0.0,0.0,0.0,0,10.6,14.8
2026-08-18T18:45:11.882490-04:00,2026-08-18,TRANSITION,890fa430-89c0-4a3f-96c9-11597888005e,Dumbo the Flying Elephant,OPERATING,5,2026-08-18T22:30:28.794Z,2026-08-18T18:45,88.8,92.9,56,5,0.0,0.0,0.0,0,10.6,14.8
2026-08-18T18:45:11.882490-04:00,2026-08-18,TRANSITION,f163ddcd-43e1-488d-8276-2381c1db0a39,Tomorrowland Speedway,OPERATING,15,2026-08-18T22:35:27.652Z,2026-08-18T18:45,88.8,92.9,56,5,0.0,0.0,0.0,0,10.6,14.8
2026-08-18T18:45:11.882490-04:00,2026-08-18,TRANSITION,9d4d5229-7142-44b6-b4fb-528920969a2c,Seven Dwarfs Mine Train,OPERATING,30,2026-08-18T22:35:27.634Z,2026-08-18T18:45,88.8,92.9,56,5,0.0,0.0,0.0,0,10.6,14.8
2026-08-18T18:45:11.882490-04:00,2026-08-18,TRANSITION,0d94ad60-72f0-4551-83a6-ebaecdd89737,The Many Adventures of Winnie the Pooh,OPERATING,20,2026-08-18T22:44:28.881Z,2026-08-18T18:45,88.8,92.9,56,5,0.0,0.0,0.0,0,10.6,14.8
2026-08-18T18:45:11.882490-04:00,2026-08-18,TRANSITION,30fe3c64-af71-4c66-a54b-aa61fd7af177,Swiss Family Treehouse,OPERATING,5,2026-08-18T22:30:28.889Z,2026-08-18T18:45,88.8,92.9,56,5,0.0,0.0,0.0,0,10.6,14.8
2026-08-18T18:45:11.882490-04:00,2026-08-18,TRANSITION,796b0a25-c51e-456e-9bb8-50a324e301b3,Jungle Cruise,OPERATING,25,2026-08-18T22:44:28.874Z,2026-08-18T18:45,88.8,92.9,56,5,0.0,0.0,0.0,0,10.6,14.8
2026-08-18T18:45:11.882490-04:00,2026-08-18,TRANSITION,0aae716c-af13-4439-b638-d75fb1649df3,Mad Tea Party,OPERATING,5,2026-08-18T22:30:28.834Z,2026-08-18T18:45,88.8,92.9,56,5,0.0,0.0,0.0,0,10.6,14.8
2026-08-18T18:45:11.882490-04:00,2026-08-18,TRANSITION,d9d12438-d999-4482-894b-8955fdb20ccf,Astro Orbiter,OPERATING,5,2026-08-18T22:30:28.755Z,2026-08-18T18:45,88.8,92.9,56,5,0.0,0.0,0.0,0,10.6,14.8
2026-08-18T18:45:11.882490-04:00,2026-08-18,TRANSITION,b2260923-9315-40fd-9c6b-44dd811dbe64,Space Mountain,OPERATING,30,2026-08-18T22:30:28.881Z,2026-08-18T18:45,88.8,92.9,56,5,0.0,0.0,0.0,0,10.6,14.8
2026-08-18T18:45:11.882490-04:00,2026-08-18,TRANSITION,ffcfeaa2-1416-4920-a1ed-543c1a1695c4,Tomorrowland Transit Authority PeopleMover,OPERATING,10,2026-08-18T22:30:28.935Z,2026-08-18T18:45,88.8,92.9,56,5,0.0,0.0,0.0,0,10.6,14.8
2026-08-18T18:45:11.882490-04:00,2026-08-18,TRANSITION,e76c93df-31af-49a5-8e2f-752c76c937c9,Enchanted Tales with Belle,CLOSED,,2026-08-18T21:30:28.522Z,2026-08-18T18:45,88.8,92.9,56,5,0.0,0.0,0.0,0,10.6,14.8
2026-08-18T18:45:11.882490-04:00,2026-08-18,TRANSITION,924a3b2c-6b4b-49e5-99d3-e9dc3f2e8a48,The Barnstormer,OPERATING,5,2026-08-18T22:30:28.700Z,2026-08-18T18:45,88.8,92.9,56,5,0.0,0.0,0.0,0,10.6,14.8
2026-08-18T19:00:17.766386-04:00,2026-08-18,PARTY,352feb94-e52e-45eb-9c92-e4b44c6b1a9d,Pirates of the Caribbean,OPERATING,5,2026-08-18T22:30:28.871Z,2026-08-18T19:00,89.5,95.5,58,3,0.0,0.0,0.0,0,8.4,13.6
2026-08-18T19:00:17.766386-04:00,2026-08-18,PARTY,86a41273-5f15-4b54-93b6-829f140e5161,Peter Pan's Flight,OPERATING,20,2026-08-18T22:56:29.017Z,2026-08-18T19:00,89.5,95.5,58,3,0.0,0.0,0.0,0,8.4,13.6
2026-08-18T19:00:17.766386-04:00,2026-08-18,PARTY,273ddb8d-e7b5-4e34-8657-1113f49262a5,Prince Charming Regal Carrousel,OPERATING,0,2026-08-18T22:46:29.419Z,2026-08-18T19:00,89.5,95.5,58,3,0.0,0.0,0.0,0,8.4,13.6
2026-08-18T19:00:17.766386-04:00,2026-08-18,PARTY,72c7343a-f7fb-4f66-95df-c91016de7338,Buzz Lightyear’s Space Ranger Spin,OPERATING,15,2026-08-18T22:59:30.094Z,2026-08-18T19:00,89.5,95.5,58,3,0.0,0.0,0.0,0,8.4,13.6
2026-08-18T19:00:17.766386-04:00,2026-08-18,PARTY,f010bc01-b450-4476-a5f3-a5f2813104b2,Casey Jr. Splash 'N' Soak Station,CLOSED,,2026-08-18T22:00:00.895Z,2026-08-18T19:00,89.5,95.5,58,3,0.0,0.0,0.0,0,8.4,13.6
2026-08-18T19:00:17.766386-04:00,2026-08-18,PARTY,e39b831b-7731-49bb-815b-289b4f49a9fd,"Walt Disney World Railroad - Main Street, U.S.A.",CLOSED,,2026-08-18T21:00:28.477Z,2026-08-18T19:00,89.5,95.5,58,3,0.0,0.0,0.0,0,8.4,13.6
2026-08-18T19:00:17.766386-04:00,2026-08-18,PARTY,2ebfb38c-5cb5-4de1-86c0-f7af14188022,The Hall of Presidents,CLOSED,,2026-08-18T22:00:28.402Z,2026-08-18T19:00,89.5,95.5,58,3,0.0,0.0,0.0,0,8.4,13.6
2026-08-18T19:00:17.766386-04:00,2026-08-18,PARTY,7c5e1e02-3a44-4151-9005-44066d5ba1da,Mickey's PhilharMagic,CLOSED,,2026-08-18T22:00:28.300Z,2026-08-18T19:00,89.5,95.5,58,3,0.0,0.0,0.0,0,8.4,13.6
2026-08-18T19:00:17.766386-04:00,2026-08-18,PARTY,8183f3f2-1b59-4b9c-b634-6a863bdf8d84,Walt Disney's Carousel of Progress,REFURBISHMENT,,2026-07-23T21:50:48.516Z,2026-08-18T19:00,89.5,95.5,58,3,0.0,0.0,0.0,0,8.4,13.6
2026-08-18T19:00:17.766386-04:00,2026-08-18,PARTY,e40ac396-cbac-43f4-8752-764ed60ccceb,Walt Disney World Railroad - Fantasyland,CLOSED,,2026-08-18T21:00:28.448Z,2026-08-18T19:00,89.5,95.5,58,3,0.0,0.0,0.0,0,8.4,13.6
2026-08-18T19:00:17.766386-04:00,2026-08-18,PARTY,2551a77d-023f-4ab1-9a19-8afec0190f39,Haunted Mansion,OPERATING,20,2026-08-18T22:32:28.588Z,2026-08-18T19:00,89.5,95.5,58,3,0.0,0.0,0.0,0,8.4,13.6
2026-08-18T19:00:17.766386-04:00,2026-08-18,PARTY,96455de6-f4f1-403c-9391-bf8396979149,The Magic Carpets of Aladdin,OPERATING,5,2026-08-18T22:30:28.908Z,2026-08-18T19:00,89.5,95.5,58,3,0.0,0.0,0.0,0,8.4,13.6
2026-08-18T19:00:17.766386-04:00,2026-08-18,PARTY,f5aad2d4-a419-4384-bd9a-42f86385c750,"""it's a small world""",OPERATING,5,2026-08-18T22:45:27.922Z,2026-08-18T19:00,89.5,95.5,58,3,0.0,0.0,0.0,0,8.4,13.6
2026-08-18T19:00:17.766386-04:00,2026-08-18,PARTY,e8f0b426-7645-4ea3-8b41-b94ae7091a41,"Monsters, Inc. Laugh Floor",CLOSED,,2026-08-18T22:00:28.121Z,2026-08-18T19:00,89.5,95.5,58,3,0.0,0.0,0.0,0,8.4,13.6
2026-08-18T19:00:17.766386-04:00,2026-08-18,PARTY,de737ffc-306b-4f32-8bbb-34e5d370ec8f,A Pirate's Adventure ~ Treasures of the Seven Seas,CLOSED,,2026-08-18T22:00:28.172Z,2026-08-18T19:00,89.5,95.5,58,3,0.0,0.0,0.0,0,8.4,13.6
2026-08-18T19:00:17.766386-04:00,2026-08-18,PARTY,5a43d1a7-ad53-4d25-abfe-25625f0da304,TRON Lightcycle / Run,OPERATING,40,2026-08-18T22:54:31.083Z,2026-08-18T19:00,89.5,95.5,58,3,0.0,0.0,0.0,0,8.4,13.6
2026-08-18T19:00:17.766386-04:00,2026-08-18,PARTY,de3309ca-97d5-4211-bffe-739fed47e92f,Big Thunder Mountain Railroad,OPERATING,15,2026-08-18T22:39:27.343Z,2026-08-18T19:00,89.5,95.5,58,3,0.0,0.0,0.0,0,8.4,13.6
2026-08-18T19:00:17.766386-04:00,2026-08-18,PARTY,90d79335-c907-4069-a021-d0fe1ec73ae2,Cinderella Castle,CLOSED,,2026-08-18T22:00:00.921Z,2026-08-18T19:00,89.5,95.5,58,3,0.0,0.0,0.0,0,8.4,13.6
2026-08-18T19:00:17.766386-04:00,2026-08-18,PARTY,888fb4a4-7adf-47a1-8ba2-c258cc64fd75,Main Street Vehicles,CLOSED,,2026-08-18T20:00:27.601Z,2026-08-18T19:00,89.5,95.5,58,3,0.0,0.0,0.0,0,8.4,13.6
2026-08-18T19:00:17.766386-04:00,2026-08-18,PARTY,6fd1e225-53a0-4a80-a577-4bbc9a471075,Walt Disney's Enchanted Tiki Room,CLOSED,,2026-08-18T22:00:28.133Z,2026-08-18T19:00,89.5,95.5,58,3,0.0,0.0,0.0,0,8.4,13.6
2026-08-18T19:00:17.766386-04:00,2026-08-18,PARTY,73cb9445-0695-47a3-87ce-d08ae36b5f3c,Tiana's Bayou Adventure,OPERATING,15,2026-08-18T22:52:31.075Z,2026-08-18T19:00,89.5,95.5,58,3,0.0,0.0,0.0,0,8.4,13.6
2026-08-18T19:00:17.766386-04:00,2026-08-18,PARTY,3cba0cb4-e2a6-402c-93ee-c11ffcb127ef,Under the Sea - Journey of The Little Mermaid,OPERATING,5,2026-08-18T22:48:32.401Z,2026-08-18T19:00,89.5,95.5,58,3,0.0,0.0,0.0,0,8.4,13.6
2026-08-18T19:00:17.766386-04:00,2026-08-18,PARTY,0f57cecf-5502-4503-8bc3-ba84d3708ace,Country Bear Musical Jamboree,CLOSED,,2026-08-18T22:00:28.391Z,2026-08-18T19:00,89.5,95.5,58,3,0.0,0.0,0.0,0,8.4,13.6
2026-08-18T19:00:17.766386-04:00,2026-08-18,PARTY,890fa430-89c0-4a3f-96c9-11597888005e,Dumbo the Flying Elephant,OPERATING,5,2026-08-18T22:30:28.794Z,2026-08-18T19:00,89.5,95.5,58,3,0.0,0.0,0.0,0,8.4,13.6
2026-08-18T19:00:17.766386-04:00,2026-08-18,PARTY,f163ddcd-43e1-488d-8276-2381c1db0a39,Tomorrowland Speedway,OPERATING,5,2026-08-18T22:54:31.099Z,2026-08-18T19:00,89.5,95.5,58,3,0.0,0.0,0.0,0,8.4,13.6
2026-08-18T19:00:17.766386-04:00,2026-08-18,PARTY,9d4d5229-7142-44b6-b4fb-528920969a2c,Seven Dwarfs Mine Train,OPERATING,30,2026-08-18T22:59:30.078Z,2026-08-18T19:00,89.5,95.5,58,3,0.0,0.0,0.0,0,8.4,13.6
2026-08-18T19:00:17.766386-04:00,2026-08-18,PARTY,0d94ad60-72f0-4551-83a6-ebaecdd89737,The Many Adventures of Winnie the Pooh,OPERATING,25,2026-08-18T22:45:27.936Z,2026-08-18T19:00,89.5,95.5,58,3,0.0,0.0,0.0,0,8.4,13.6
2026-08-18T19:00:17.766386-04:00,2026-08-18,PARTY,30fe3c64-af71-4c66-a54b-aa61fd7af177,Swiss Family Treehouse,OPERATING,5,2026-08-18T22:30:28.889Z,2026-08-18T19:00,89.5,95.5,58,3,0.0,0.0,0.0,0,8.4,13.6
2026-08-18T19:00:17.766386-04:00,2026-08-18,PARTY,796b0a25-c51e-456e-9bb8-50a324e301b3,Jungle Cruise,OPERATING,20,2026-08-18T22:59:30.103Z,2026-08-18T19:00,89.5,95.5,58,3,0.0,0.0,0.0,0,8.4,13.6
2026-08-18T19:00:17.766386-04:00,2026-08-18,PARTY,0aae716c-af13-4439-b638-d75fb1649df3,Mad Tea Party,OPERATING,5,2026-08-18T22:30:28.834Z,2026-08-18T19:00,89.5,95.5,58,3,0.0,0.0,0.0,0,8.4,13.6
2026-08-18T19:00:17.766386-04:00,2026-08-18,PARTY,d9d12438-d999-4482-894b-8955fdb20ccf,Astro Orbiter,OPERATING,5,2026-08-18T22:30:28.755Z,2026-08-18T19:00,89.5,95.5,58,3,0.0,0.0,0.0,0,8.4,13.6
2026-08-18T19:00:17.766386-04:00,2026-08-18,PARTY,b2260923-9315-40fd-9c6b-44dd811dbe64,Space Mountain,OPERATING,10,2026-08-18T22:58:28.829Z,2026-08-18T19:00,89.5,95.5,58,3,0.0,0.0,0.0,0,8.4,13.6
2026-08-18T19:00:17.766386-04:00,2026-08-18,PARTY,ffcfeaa2-1416-4920-a1ed-543c1a1695c4,Tomorrowland Transit Authority PeopleMover,OPERATING,10,2026-08-18T22:30:28.935Z,2026-08-18T19:00,89.5,95.5,58,3,0.0,0.0,0.0,0,8.4,13.6
2026-08-18T19:00:17.766386-04:00,2026-08-18,PARTY,e76c93df-31af-49a5-8e2f-752c76c937c9,Enchanted Tales with Belle,CLOSED,,2026-08-18T21:30:28.522Z,2026-08-18T19:00,89.5,95.5,58,3,0.0,0.0,0.0,0,8.4,13.6
2026-08-18T19:00:17.766386-04:00,2026-08-18,PARTY,924a3b2c-6b4b-49e5-99d3-e9dc3f2e8a48,The Barnstormer,OPERATING,15,2026-08-18T22:47:35.247Z,2026-08-18T19:00,89.5,95.5,58,3,0.0,0.0,0.0,0,8.4,13.6
2026-08-18T19:15:16.671176-04:00,2026-08-18,PARTY,352feb94-e52e-45eb-9c92-e4b44c6b1a9d,Pirates of the Caribbean,OPERATING,5,2026-08-18T22:30:28.871Z,2026-08-18T19:15,89.6,96.4,59,3,0.0,0.0,0.0,1,7.1,13.6
2026-08-18T19:15:16.671176-04:00,2026-08-18,PARTY,86a41273-5f15-4b54-93b6-829f140e5161,Peter Pan's Flight,OPERATING,15,2026-08-18T23:08:37.087Z,2026-08-18T19:15,89.6,96.4,59,3,0.0,0.0,0.0,1,7.1,13.6
2026-08-18T19:15:16.671176-04:00,2026-08-18,PARTY,273ddb8d-e7b5-4e34-8657-1113f49262a5,Prince Charming Regal Carrousel,OPERATING,0,2026-08-18T22:46:29.419Z,2026-08-18T19:15,89.6,96.4,59,3,0.0,0.0,0.0,1,7.1,13.6
2026-08-18T19:15:16.671176-04:00,2026-08-18,PARTY,72c7343a-f7fb-4f66-95df-c91016de7338,Buzz Lightyear’s Space Ranger Spin,OPERATING,10,2026-08-18T23:05:28.331Z,2026-08-18T19:15,89.6,96.4,59,3,0.0,0.0,0.0,1,7.1,13.6
2026-08-18T19:15:16.671176-04:00,2026-08-18,PARTY,f010bc01-b450-4476-a5f3-a5f2813104b2,Casey Jr. Splash 'N' Soak Station,CLOSED,,2026-08-18T22:00:00.895Z,2026-08-18T19:15,89.6,96.4,59,3,0.0,0.0,0.0,1,7.1,13.6
2026-08-18T19:15:16.671176-04:00,2026-08-18,PARTY,e39b831b-7731-49bb-815b-289b4f49a9fd,"Walt Disney World Railroad - Main Street, U.S.A.",CLOSED,,2026-08-18T21:00:28.477Z,2026-08-18T19:15,89.6,96.4,59,3,0.0,0.0,0.0,1,7.1,13.6
2026-08-18T19:15:16.671176-04:00,2026-08-18,PARTY,2ebfb38c-5cb5-4de1-86c0-f7af14188022,The Hall of Presidents,CLOSED,,2026-08-18T22:00:28.402Z,2026-08-18T19:15,89.6,96.4,59,3,0.0,0.0,0.0,1,7.1,13.6
2026-08-18T19:15:16.671176-04:00,2026-08-18,PARTY,7c5e1e02-3a44-4151-9005-44066d5ba1da,Mickey's PhilharMagic,CLOSED,,2026-08-18T22:00:28.300Z,2026-08-18T19:15,89.6,96.4,59,3,0.0,0.0,0.0,1,7.1,13.6
2026-08-18T19:15:16.671176-04:00,2026-08-18,PARTY,8183f3f2-1b59-4b9c-b634-6a863bdf8d84,Walt Disney's Carousel of Progress,REFURBISHMENT,,2026-07-23T21:50:48.516Z,2026-08-18T19:15,89.6,96.4,59,3,0.0,0.0,0.0,1,7.1,13.6
2026-08-18T19:15:16.671176-04:00,2026-08-18,PARTY,e40ac396-cbac-43f4-8752-764ed60ccceb,Walt Disney World Railroad - Fantasyland,CLOSED,,2026-08-18T21:00:28.448Z,2026-08-18T19:15,89.6,96.4,59,3,0.0,0.0,0.0,1,7.1,13.6
2026-08-18T19:15:16.671176-04:00,2026-08-18,PARTY,2551a77d-023f-4ab1-9a19-8afec0190f39,Haunted Mansion,OPERATING,20,2026-08-18T22:32:28.588Z,2026-08-18T19:15,89.6,96.4,59,3,0.0,0.0,0.0,1,7.1,13.6
2026-08-18T19:15:16.671176-04:00,2026-08-18,PARTY,96455de6-f4f1-403c-9391-bf8396979149,The Magic Carpets of Aladdin,OPERATING,5,2026-08-18T22:30:28.908Z,2026-08-18T19:15,89.6,96.4,59,3,0.0,0.0,0.0,1,7.1,13.6
2026-08-18T19:15:16.671176-04:00,2026-08-18,PARTY,f5aad2d4-a419-4384-bd9a-42f86385c750,"""it's a small world""",OPERATING,5,2026-08-18T22:45:27.922Z,2026-08-18T19:15,89.6,96.4,59,3,0.0,0.0,0.0,1,7.1,13.6
2026-08-18T19:15:16.671176-04:00,2026-08-18,PARTY,e8f0b426-7645-4ea3-8b41-b94ae7091a41,"Monsters, Inc. Laugh Floor",CLOSED,,2026-08-18T22:00:28.121Z,2026-08-18T19:15,89.6,96.4,59,3,0.0,0.0,0.0,1,7.1,13.6
2026-08-18T19:15:16.671176-04:00,2026-08-18,PARTY,de737ffc-306b-4f32-8bbb-34e5d370ec8f,A Pirate's Adventure ~ Treasures of the Seven Seas,CLOSED,,2026-08-18T22:00:28.172Z,2026-08-18T19:15,89.6,96.4,59,3,0.0,0.0,0.0,1,7.1,13.6
2026-08-18T19:15:16.671176-04:00,2026-08-18,PARTY,5a43d1a7-ad53-4d25-abfe-25625f0da304,TRON Lightcycle / Run,OPERATING,30,2026-08-18T23:08:37.077Z,2026-08-18T19:15,89.6,96.4,59,3,0.0,0.0,0.0,1,7.1,13.6
2026-08-18T19:15:16.671176-04:00,2026-08-18,PARTY,de3309ca-97d5-4211-bffe-739fed47e92f,Big Thunder Mountain Railroad,OPERATING,15,2026-08-18T22:39:27.343Z,2026-08-18T19:15,89.6,96.4,59,3,0.0,0.0,0.0,1,7.1,13.6
2026-08-18T19:15:16.671176-04:00,2026-08-18,PARTY,90d79335-c907-4069-a021-d0fe1ec73ae2,Cinderella Castle,CLOSED,,2026-08-18T22:00:00.921Z,2026-08-18T19:15,89.6,96.4,59,3,0.0,0.0,0.0,1,7.1,13.6
2026-08-18T19:15:16.671176-04:00,2026-08-18,PARTY,888fb4a4-7adf-47a1-8ba2-c258cc64fd75,Main Street Vehicles,CLOSED,,2026-08-18T20:00:27.601Z,2026-08-18T19:15,89.6,96.4,59,3,0.0,0.0,0.0,1,7.1,13.6
2026-08-18T19:15:16.671176-04:00,2026-08-18,PARTY,6fd1e225-53a0-4a80-a577-4bbc9a471075,Walt Disney's Enchanted Tiki Room,CLOSED,,2026-08-18T22:00:28.133Z,2026-08-18T19:15,89.6,96.4,59,3,0.0,0.0,0.0,1,7.1,13.6
2026-08-18T19:15:16.671176-04:00,2026-08-18,PARTY,73cb9445-0695-47a3-87ce-d08ae36b5f3c,Tiana's Bayou Adventure,OPERATING,15,2026-08-18T22:52:31.075Z,2026-08-18T19:15,89.6,96.4,59,3,0.0,0.0,0.0,1,7.1,13.6
2026-08-18T19:15:16.671176-04:00,2026-08-18,PARTY,3cba0cb4-e2a6-402c-93ee-c11ffcb127ef,Under the Sea - Journey of The Little Mermaid,OPERATING,5,2026-08-18T22:48:32.401Z,2026-08-18T19:15,89.6,96.4,59,3,0.0,0.0,0.0,1,7.1,13.6
2026-08-18T19:15:16.671176-04:00,2026-08-18,PARTY,0f57cecf-5502-4503-8bc3-ba84d3708ace,Country Bear Musical Jamboree,CLOSED,,2026-08-18T22:00:28.391Z,2026-08-18T19:15,89.6,96.4,59,3,0.0,0.0,0.0,1,7.1,13.6
2026-08-18T19:15:16.671176-04:00,2026-08-18,PARTY,890fa430-89c0-4a3f-96c9-11597888005e,Dumbo the Flying Elephant,OPERATING,5,2026-08-18T22:30:28.794Z,2026-08-18T19:15,89.6,96.4,59,3,0.0,0.0,0.0,1,7.1,13.6
2026-08-18T19:15:16.671176-04:00,2026-08-18,PARTY,f163ddcd-43e1-488d-8276-2381c1db0a39,Tomorrowland Speedway,OPERATING,5,2026-08-18T22:54:31.099Z,2026-08-18T19:15,89.6,96.4,59,3,0.0,0.0,0.0,1,7.1,13.6
2026-08-18T19:15:16.671176-04:00,2026-08-18,PARTY,9d4d5229-7142-44b6-b4fb-528920969a2c,Seven Dwarfs Mine Train,OPERATING,25,2026-08-18T23:02:27.201Z,2026-08-18T19:15,89.6,96.4,59,3,0.0,0.0,0.0,1,7.1,13.6
2026-08-18T19:15:16.671176-04:00,2026-08-18,PARTY,0d94ad60-72f0-4551-83a6-ebaecdd89737,The Many Adventures of Winnie the Pooh,OPERATING,20,2026-08-18T23:06:28.975Z,2026-08-18T19:15,89.6,96.4,59,3,0.0,0.0,0.0,1,7.1,13.6
2026-08-18T19:15:16.671176-04:00,2026-08-18,PARTY,30fe3c64-af71-4c66-a54b-aa61fd7af177,Swiss Family Treehouse,OPERATING,5,2026-08-18T22:30:28.889Z,2026-08-18T19:15,89.6,96.4,59,3,0.0,0.0,0.0,1,7.1,13.6
2026-08-18T19:15:16.671176-04:00,2026-08-18,PARTY,796b0a25-c51e-456e-9bb8-50a324e301b3,Jungle Cruise,OPERATING,15,2026-08-18T23:04:31.431Z,2026-08-18T19:15,89.6,96.4,59,3,0.0,0.0,0.0,1,7.1,13.6
2026-08-18T19:15:16.671176-04:00,2026-08-18,PARTY,0aae716c-af13-4439-b638-d75fb1649df3,Mad Tea Party,OPERATING,5,2026-08-18T22:30:28.834Z,2026-08-18T19:15,89.6,96.4,59,3,0.0,0.0,0.0,1,7.1,13.6
2026-08-18T19:15:16.671176-04:00,2026-08-18,PARTY,d9d12438-d999-4482-894b-8955fdb20ccf,Astro Orbiter,OPERATING,5,2026-08-18T22:30:28.755Z,2026-08-18T19:15,89.6,96.4,59,3,0.0,0.0,0.0,1,7.1,13.6
2026-08-18T19:15:16.671176-04:00,2026-08-18,PARTY,b2260923-9315-40fd-9c6b-44dd811dbe64,Space Mountain,OPERATING,15,2026-08-18T23:07:30.362Z,2026-08-18T19:15,89.6,96.4,59,3,0.0,0.0,0.0,1,7.1,13.6
2026-08-18T19:15:16.671176-04:00,2026-08-18,PARTY,ffcfeaa2-1416-4920-a1ed-543c1a1695c4,Tomorrowland Transit Authority PeopleMover,OPERATING,5,2026-08-18T23:09:30.115Z,2026-08-18T19:15,89.6,96.4,59,3,0.0,0.0,0.0,1,7.1,13.6
2026-08-18T19:15:16.671176-04:00,2026-08-18,PARTY,e76c93df-31af-49a5-8e2f-752c76c937c9,Enchanted Tales with Belle,CLOSED,,2026-08-18T21:30:28.522Z,2026-08-18T19:15,89.6,96.4,59,3,0.0,0.0,0.0,1,7.1,13.6
2026-08-18T19:15:16.671176-04:00,2026-08-18,PARTY,924a3b2c-6b4b-49e5-99d3-e9dc3f2e8a48,The Barnstormer,OPERATING,15,2026-08-18T22:47:35.247Z,2026-08-18T19:15,89.6,96.4,59,3,0.0,0.0,0.0,1,7.1,13.6
2026-08-18T19:30:16.467877-04:00,2026-08-18,PARTY,352feb94-e52e-45eb-9c92-e4b44c6b1a9d,Pirates of the Caribbean,OPERATING,5,2026-08-18T22:30:28.871Z,2026-08-18T19:30,89.6,96.2,58,3,0.0,0.0,0.0,2,7.0,14.3
2026-08-18T19:30:16.467877-04:00,2026-08-18,PARTY,86a41273-5f15-4b54-93b6-829f140e5161,Peter Pan's Flight,OPERATING,20,2026-08-18T23:29:29.019Z,2026-08-18T19:30,89.6,96.2,58,3,0.0,0.0,0.0,2,7.0,14.3
2026-08-18T19:30:16.467877-04:00,2026-08-18,PARTY,273ddb8d-e7b5-4e34-8657-1113f49262a5,Prince Charming Regal Carrousel,OPERATING,5,2026-08-18T23:21:29.330Z,2026-08-18T19:30,89.6,96.2,58,3,0.0,0.0,0.0,2,7.0,14.3
2026-08-18T19:30:16.467877-04:00,2026-08-18,PARTY,72c7343a-f7fb-4f66-95df-c91016de7338,Buzz Lightyear’s Space Ranger Spin,OPERATING,25,2026-08-18T23:26:30.309Z,2026-08-18T19:30,89.6,96.2,58,3,0.0,0.0,0.0,2,7.0,14.3
2026-08-18T19:30:16.467877-04:00,2026-08-18,PARTY,f010bc01-b450-4476-a5f3-a5f2813104b2,Casey Jr. Splash 'N' Soak Station,CLOSED,,2026-08-18T22:00:00.895Z,2026-08-18T19:30,89.6,96.2,58,3,0.0,0.0,0.0,2,7.0,14.3
2026-08-18T19:30:16.467877-04:00,2026-08-18,PARTY,e39b831b-7731-49bb-815b-289b4f49a9fd,"Walt Disney World Railroad - Main Street, U.S.A.",CLOSED,,2026-08-18T21:00:28.477Z,2026-08-18T19:30,89.6,96.2,58,3,0.0,0.0,0.0,2,7.0,14.3
2026-08-18T19:30:16.467877-04:00,2026-08-18,PARTY,2ebfb38c-5cb5-4de1-86c0-f7af14188022,The Hall of Presidents,CLOSED,,2026-08-18T22:00:28.402Z,2026-08-18T19:30,89.6,96.2,58,3,0.0,0.0,0.0,2,7.0,14.3
2026-08-18T19:30:16.467877-04:00,2026-08-18,PARTY,7c5e1e02-3a44-4151-9005-44066d5ba1da,Mickey's PhilharMagic,CLOSED,,2026-08-18T22:00:28.300Z,2026-08-18T19:30,89.6,96.2,58,3,0.0,0.0,0.0,2,7.0,14.3
2026-08-18T19:30:16.467877-04:00,2026-08-18,PARTY,8183f3f2-1b59-4b9c-b634-6a863bdf8d84,Walt Disney's Carousel of Progress,REFURBISHMENT,,2026-07-23T21:50:48.516Z,2026-08-18T19:30,89.6,96.2,58,3,0.0,0.0,0.0,2,7.0,14.3
2026-08-18T19:30:16.467877-04:00,2026-08-18,PARTY,e40ac396-cbac-43f4-8752-764ed60ccceb,Walt Disney World Railroad - Fantasyland,CLOSED,,2026-08-18T21:00:28.448Z,2026-08-18T19:30,89.6,96.2,58,3,0.0,0.0,0.0,2,7.0,14.3
2026-08-18T19:30:16.467877-04:00,2026-08-18,PARTY,2551a77d-023f-4ab1-9a19-8afec0190f39,Haunted Mansion,OPERATING,15,2026-08-18T23:18:27.898Z,2026-08-18T19:30,89.6,96.2,58,3,0.0,0.0,0.0,2,7.0,14.3
2026-08-18T19:30:16.467877-04:00,2026-08-18,PARTY,96455de6-f4f1-403c-9391-bf8396979149,The Magic Carpets of Aladdin,OPERATING,5,2026-08-18T22:30:28.908Z,2026-08-18T19:30,89.6,96.2,58,3,0.0,0.0,0.0,2,7.0,14.3
2026-08-18T19:30:16.467877-04:00,2026-08-18,PARTY,f5aad2d4-a419-4384-bd9a-42f86385c750,"""it's a small world""",OPERATING,5,2026-08-18T23:26:30.317Z,2026-08-18T19:30,89.6,96.2,58,3,0.0,0.0,0.0,2,7.0,14.3
2026-08-18T19:30:16.467877-04:00,2026-08-18,PARTY,e8f0b426-7645-4ea3-8b41-b94ae7091a41,"Monsters, Inc. Laugh Floor",CLOSED,,2026-08-18T22:00:28.121Z,2026-08-18T19:30,89.6,96.2,58,3,0.0,0.0,0.0,2,7.0,14.3
2026-08-18T19:30:16.467877-04:00,2026-08-18,PARTY,de737ffc-306b-4f32-8bbb-34e5d370ec8f,A Pirate's Adventure ~ Treasures of the Seven Seas,CLOSED,,2026-08-18T22:00:28.172Z,2026-08-18T19:30,89.6,96.2,58,3,0.0,0.0,0.0,2,7.0,14.3
2026-08-18T19:30:16.467877-04:00,2026-08-18,PARTY,5a43d1a7-ad53-4d25-abfe-25625f0da304,TRON Lightcycle / Run,OPERATING,30,2026-08-18T23:08:37.077Z,2026-08-18T19:30,89.6,96.2,58,3,0.0,0.0,0.0,2,7.0,14.3
2026-08-18T19:30:16.467877-04:00,2026-08-18,PARTY,de3309ca-97d5-4211-bffe-739fed47e92f,Big Thunder Mountain Railroad,OPERATING,15,2026-08-18T22:39:27.343Z,2026-08-18T19:30,89.6,96.2,58,3,0.0,0.0,0.0,2,7.0,14.3
2026-08-18T19:30:16.467877-04:00,2026-08-18,PARTY,90d79335-c907-4069-a021-d0fe1ec73ae2,Cinderella Castle,CLOSED,,2026-08-18T22:00:00.921Z,2026-08-18T19:30,89.6,96.2,58,3,0.0,0.0,0.0,2,7.0,14.3
2026-08-18T19:30:16.467877-04:00,2026-08-18,PARTY,888fb4a4-7adf-47a1-8ba2-c258cc64fd75,Main Street Vehicles,CLOSED,,2026-08-18T20:00:27.601Z,2026-08-18T19:30,89.6,96.2,58,3,0.0,0.0,0.0,2,7.0,14.3
2026-08-18T19:30:16.467877-04:00,2026-08-18,PARTY,6fd1e225-53a0-4a80-a577-4bbc9a471075,Walt Disney's Enchanted Tiki Room,CLOSED,,2026-08-18T22:00:28.133Z,2026-08-18T19:30,89.6,96.2,58,3,0.0,0.0,0.0,2,7.0,14.3
2026-08-18T19:30:16.467877-04:00,2026-08-18,PARTY,73cb9445-0695-47a3-87ce-d08ae36b5f3c,Tiana's Bayou Adventure,OPERATING,15,2026-08-18T22:52:31.075Z,2026-08-18T19:30,89.6,96.2,58,3,0.0,0.0,0.0,2,7.0,14.3
2026-08-18T19:30:16.467877-04:00,2026-08-18,PARTY,3cba0cb4-e2a6-402c-93ee-c11ffcb127ef,Under the Sea - Journey of The Little Mermaid,OPERATING,5,2026-08-18T22:48:32.401Z,2026-08-18T19:30,89.6,96.2,58,3,0.0,0.0,0.0,2,7.0,14.3
2026-08-18T19:30:16.467877-04:00,2026-08-18,PARTY,0f57cecf-5502-4503-8bc3-ba84d3708ace,Country Bear Musical Jamboree,CLOSED,,2026-08-18T22:00:28.391Z,2026-08-18T19:30,89.6,96.2,58,3,0.0,0.0,0.0,2,7.0,14.3
2026-08-18T19:30:16.467877-04:00,2026-08-18,PARTY,890fa430-89c0-4a3f-96c9-11597888005e,Dumbo the Flying Elephant,OPERATING,5,2026-08-18T22:30:28.794Z,2026-08-18T19:30,89.6,96.2,58,3,0.0,0.0,0.0,2,7.0,14.3
2026-08-18T19:30:16.467877-04:00,2026-08-18,PARTY,f163ddcd-43e1-488d-8276-2381c1db0a39,Tomorrowland Speedway,OPERATING,5,2026-08-18T22:54:31.099Z,2026-08-18T19:30,89.6,96.2,58,3,0.0,0.0,0.0,2,7.0,14.3
2026-08-18T19:30:16.467877-04:00,2026-08-18,PARTY,9d4d5229-7142-44b6-b4fb-528920969a2c,Seven Dwarfs Mine Train,OPERATING,25,2026-08-18T23:26:30.281Z,2026-08-18T19:30,89.6,96.2,58,3,0.0,0.0,0.0,2,7.0,14.3
2026-08-18T19:30:16.467877-04:00,2026-08-18,PARTY,0d94ad60-72f0-4551-83a6-ebaecdd89737,The Many Adventures of Winnie the Pooh,OPERATING,10,2026-08-18T23:19:25.787Z,2026-08-18T19:30,89.6,96.2,58,3,0.0,0.0,0.0,2,7.0,14.3
2026-08-18T19:30:16.467877-04:00,2026-08-18,PARTY,30fe3c64-af71-4c66-a54b-aa61fd7af177,Swiss Family Treehouse,OPERATING,5,2026-08-18T22:30:28.889Z,2026-08-18T19:30,89.6,96.2,58,3,0.0,0.0,0.0,2,7.0,14.3
2026-08-18T19:30:16.467877-04:00,2026-08-18,PARTY,796b0a25-c51e-456e-9bb8-50a324e301b3,Jungle Cruise,OPERATING,5,2026-08-18T23:23:28.015Z,2026-08-18T19:30,89.6,96.2,58,3,0.0,0.0,0.0,2,7.0,14.3
2026-08-18T19:30:16.467877-04:00,2026-08-18,PARTY,0aae716c-af13-4439-b638-d75fb1649df3,Mad Tea Party,OPERATING,5,2026-08-18T22:30:28.834Z,2026-08-18T19:30,89.6,96.2,58,3,0.0,0.0,0.0,2,7.0,14.3
2026-08-18T19:30:16.467877-04:00,2026-08-18,PARTY,d9d12438-d999-4482-894b-8955fdb20ccf,Astro Orbiter,OPERATING,5,2026-08-18T22:30:28.755Z,2026-08-18T19:30,89.6,96.2,58,3,0.0,0.0,0.0,2,7.0,14.3
2026-08-18T19:30:16.467877-04:00,2026-08-18,PARTY,b2260923-9315-40fd-9c6b-44dd811dbe64,Space Mountain,OPERATING,25,2026-08-18T23:15:30.223Z,2026-08-18T19:30,89.6,96.2,58,3,0.0,0.0,0.0,2,7.0,14.3
2026-08-18T19:30:16.467877-04:00,2026-08-18,PARTY,ffcfeaa2-1416-4920-a1ed-543c1a1695c4,Tomorrowland Transit Authority PeopleMover,OPERATING,5,2026-08-18T23:09:30.115Z,2026-08-18T19:30,89.6,96.2,58,3,0.0,0.0,0.0,2,7.0,14.3
2026-08-18T19:30:16.467877-04:00,2026-08-18,PARTY,e76c93df-31af-49a5-8e2f-752c76c937c9,Enchanted Tales with Belle,CLOSED,,2026-08-18T21:30:28.522Z,2026-08-18T19:30,89.6,96.2,58,3,0.0,0.0,0.0,2,7.0,14.3
2026-08-18T19:30:16.467877-04:00,2026-08-18,PARTY,924a3b2c-6b4b-49e5-99d3-e9dc3f2e8a48,The Barnstormer,OPERATING,15,2026-08-18T22:47:35.247Z,2026-08-18T19:30,89.6,96.2,58,3,0.0,0.0,0.0,2,7.0,14.3
2026-08-18T19:45:12.807320-04:00,2026-08-18,PARTY,352feb94-e52e-45eb-9c92-e4b44c6b1a9d,Pirates of the Caribbean,OPERATING,5,2026-08-18T22:30:28.871Z,2026-08-18T19:45,90.5,98.1,59,4,0.0,0.0,0.0,1,6.4,11.4
2026-08-18T19:45:12.807320-04:00,2026-08-18,PARTY,86a41273-5f15-4b54-93b6-829f140e5161,Peter Pan's Flight,OPERATING,20,2026-08-18T23:38:28.667Z,2026-08-18T19:45,90.5,98.1,59,4,0.0,0.0,0.0,1,6.4,11.4
2026-08-18T19:45:12.807320-04:00,2026-08-18,PARTY,273ddb8d-e7b5-4e34-8657-1113f49262a5,Prince Charming Regal Carrousel,OPERATING,5,2026-08-18T23:21:29.330Z,2026-08-18T19:45,90.5,98.1,59,4,0.0,0.0,0.0,1,6.4,11.4
2026-08-18T19:45:12.807320-04:00,2026-08-18,PARTY,72c7343a-f7fb-4f66-95df-c91016de7338,Buzz Lightyear’s Space Ranger Spin,OPERATING,15,2026-08-18T23:40:29.101Z,2026-08-18T19:45,90.5,98.1,59,4,0.0,0.0,0.0,1,6.4,11.4
2026-08-18T19:45:12.807320-04:00,2026-08-18,PARTY,f010bc01-b450-4476-a5f3-a5f2813104b2,Casey Jr. Splash 'N' Soak Station,CLOSED,,2026-08-18T22:00:00.895Z,2026-08-18T19:45,90.5,98.1,59,4,0.0,0.0,0.0,1,6.4,11.4
2026-08-18T19:45:12.807320-04:00,2026-08-18,PARTY,e39b831b-7731-49bb-815b-289b4f49a9fd,"Walt Disney World Railroad - Main Street, U.S.A.",CLOSED,,2026-08-18T21:00:28.477Z,2026-08-18T19:45,90.5,98.1,59,4,0.0,0.0,0.0,1,6.4,11.4
2026-08-18T19:45:12.807320-04:00,2026-08-18,PARTY,2ebfb38c-5cb5-4de1-86c0-f7af14188022,The Hall of Presidents,CLOSED,,2026-08-18T22:00:28.402Z,2026-08-18T19:45,90.5,98.1,59,4,0.0,0.0,0.0,1,6.4,11.4
2026-08-18T19:45:12.807320-04:00,2026-08-18,PARTY,7c5e1e02-3a44-4151-9005-44066d5ba1da,Mickey's PhilharMagic,CLOSED,,2026-08-18T22:00:28.300Z,2026-08-18T19:45,90.5,98.1,59,4,0.0,0.0,0.0,1,6.4,11.4
2026-08-18T19:45:12.807320-04:00,2026-08-18,PARTY,8183f3f2-1b59-4b9c-b634-6a863bdf8d84,Walt Disney's Carousel of Progress,REFURBISHMENT,,2026-07-23T21:50:48.516Z,2026-08-18T19:45,90.5,98.1,59,4,0.0,0.0,0.0,1,6.4,11.4
2026-08-18T19:45:12.807320-04:00,2026-08-18,PARTY,e40ac396-cbac-43f4-8752-764ed60ccceb,Walt Disney World Railroad - Fantasyland,CLOSED,,2026-08-18T21:00:28.448Z,2026-08-18T19:45,90.5,98.1,59,4,0.0,0.0,0.0,1,6.4,11.4
2026-08-18T19:45:12.807320-04:00,2026-08-18,PARTY,2551a77d-023f-4ab1-9a19-8afec0190f39,Haunted Mansion,OPERATING,25,2026-08-18T23:32:30.597Z,2026-08-18T19:45,90.5,98.1,59,4,0.0,0.0,0.0,1,6.4,11.4
2026-08-18T19:45:12.807320-04:00,2026-08-18,PARTY,96455de6-f4f1-403c-9391-bf8396979149,The Magic Carpets of Aladdin,OPERATING,5,2026-08-18T22:30:28.908Z,2026-08-18T19:45,90.5,98.1,59,4,0.0,0.0,0.0,1,6.4,11.4
2026-08-18T19:45:12.807320-04:00,2026-08-18,PARTY,f5aad2d4-a419-4384-bd9a-42f86385c750,"""it's a small world""",OPERATING,0,2026-08-18T23:38:28.656Z,2026-08-18T19:45,90.5,98.1,59,4,0.0,0.0,0.0,1,6.4,11.4
2026-08-18T19:45:12.807320-04:00,2026-08-18,PARTY,e8f0b426-7645-4ea3-8b41-b94ae7091a41,"Monsters, Inc. Laugh Floor",CLOSED,,2026-08-18T22:00:28.121Z,2026-08-18T19:45,90.5,98.1,59,4,0.0,0.0,0.0,1,6.4,11.4
2026-08-18T19:45:12.807320-04:00,2026-08-18,PARTY,de737ffc-306b-4f32-8bbb-34e5d370ec8f,A Pirate's Adventure ~ Treasures of the Seven Seas,CLOSED,,2026-08-18T22:00:28.172Z,2026-08-18T19:45,90.5,98.1,59,4,0.0,0.0,0.0,1,6.4,11.4
2026-08-18T19:45:12.807320-04:00,2026-08-18,PARTY,5a43d1a7-ad53-4d25-abfe-25625f0da304,TRON Lightcycle / Run,OPERATING,25,2026-08-18T23:41:30.191Z,2026-08-18T19:45,90.5,98.1,59,4,0.0,0.0,0.0,1,6.4,11.4
2026-08-18T19:45:12.807320-04:00,2026-08-18,PARTY,de3309ca-97d5-4211-bffe-739fed47e92f,Big Thunder Mountain Railroad,OPERATING,15,2026-08-18T22:39:27.343Z,2026-08-18T19:45,90.5,98.1,59,4,0.0,0.0,0.0,1,6.4,11.4
2026-08-18T19:45:12.807320-04:00,2026-08-18,PARTY,90d79335-c907-4069-a021-d0fe1ec73ae2,Cinderella Castle,CLOSED,,2026-08-18T22:00:00.921Z,2026-08-18T19:45,90.5,98.1,59,4,0.0,0.0,0.0,1,6.4,11.4
2026-08-18T19:45:12.807320-04:00,2026-08-18,PARTY,888fb4a4-7adf-47a1-8ba2-c258cc64fd75,Main Street Vehicles,CLOSED,,2026-08-18T20:00:27.601Z,2026-08-18T19:45,90.5,98.1,59,4,0.0,0.0,0.0,1,6.4,11.4
2026-08-18T19:45:12.807320-04:00,2026-08-18,PARTY,6fd1e225-53a0-4a80-a577-4bbc9a471075,Walt Disney's Enchanted Tiki Room,CLOSED,,2026-08-18T22:00:28.133Z,2026-08-18T19:45,90.5,98.1,59,4,0.0,0.0,0.0,1,6.4,11.4
2026-08-18T19:45:12.807320-04:00,2026-08-18,PARTY,73cb9445-0695-47a3-87ce-d08ae36b5f3c,Tiana's Bayou Adventure,OPERATING,25,2026-08-18T23:30:28.040Z,2026-08-18T19:45,90.5,98.1,59,4,0.0,0.0,0.0,1,6.4,11.4
2026-08-18T19:45:12.807320-04:00,2026-08-18,PARTY,3cba0cb4-e2a6-402c-93ee-c11ffcb127ef,Under the Sea - Journey of The Little Mermaid,OPERATING,5,2026-08-18T22:48:32.401Z,2026-08-18T19:45,90.5,98.1,59,4,0.0,0.0,0.0,1,6.4,11.4
2026-08-18T19:45:12.807320-04:00,2026-08-18,PARTY,0f57cecf-5502-4503-8bc3-ba84d3708ace,Country Bear Musical Jamboree,CLOSED,,2026-08-18T22:00:28.391Z,2026-08-18T19:45,90.5,98.1,59,4,0.0,0.0,0.0,1,6.4,11.4
2026-08-18T19:45:12.807320-04:00,2026-08-18,PARTY,890fa430-89c0-4a3f-96c9-11597888005e,Dumbo the Flying Elephant,OPERATING,5,2026-08-18T22:30:28.794Z,2026-08-18T19:45,90.5,98.1,59,4,0.0,0.0,0.0,1,6.4,11.4
2026-08-18T19:45:12.807320-04:00,2026-08-18,PARTY,f163ddcd-43e1-488d-8276-2381c1db0a39,Tomorrowland Speedway,OPERATING,5,2026-08-18T22:54:31.099Z,2026-08-18T19:45,90.5,98.1,59,4,0.0,0.0,0.0,1,6.4,11.4
2026-08-18T19:45:12.807320-04:00,2026-08-18,PARTY,9d4d5229-7142-44b6-b4fb-528920969a2c,Seven Dwarfs Mine Train,OPERATING,25,2026-08-18T23:26:30.281Z,2026-08-18T19:45,90.5,98.1,59,4,0.0,0.0,0.0,1,6.4,11.4
2026-08-18T19:45:12.807320-04:00,2026-08-18,PARTY,0d94ad60-72f0-4551-83a6-ebaecdd89737,The Many Adventures of Winnie the Pooh,OPERATING,20,2026-08-18T23:40:29.113Z,2026-08-18T19:45,90.5,98.1,59,4,0.0,0.0,0.0,1,6.4,11.4
2026-08-18T19:45:12.807320-04:00,2026-08-18,PARTY,30fe3c64-af71-4c66-a54b-aa61fd7af177,Swiss Family Treehouse,OPERATING,5,2026-08-18T22:30:28.889Z,2026-08-18T19:45,90.5,98.1,59,4,0.0,0.0,0.0,1,6.4,11.4
2026-08-18T19:45:12.807320-04:00,2026-08-18,PARTY,796b0a25-c51e-456e-9bb8-50a324e301b3,Jungle Cruise,OPERATING,10,2026-08-18T23:32:30.588Z,2026-08-18T19:45,90.5,98.1,59,4,0.0,0.0,0.0,1,6.4,11.4
2026-08-18T19:45:12.807320-04:00,2026-08-18,PARTY,0aae716c-af13-4439-b638-d75fb1649df3,Mad Tea Party,OPERATING,5,2026-08-18T22:30:28.834Z,2026-08-18T19:45,90.5,98.1,59,4,0.0,0.0,0.0,1,6.4,11.4
2026-08-18T19:45:12.807320-04:00,2026-08-18,PARTY,d9d12438-d999-4482-894b-8955fdb20ccf,Astro Orbiter,OPERATING,5,2026-08-18T22:30:28.755Z,2026-08-18T19:45,90.5,98.1,59,4,0.0,0.0,0.0,1,6.4,11.4
2026-08-18T19:45:12.807320-04:00,2026-08-18,PARTY,b2260923-9315-40fd-9c6b-44dd811dbe64,Space Mountain,OPERATING,20,2026-08-18T23:39:29.365Z,2026-08-18T19:45,90.5,98.1,59,4,0.0,0.0,0.0,1,6.4,11.4
2026-08-18T19:45:12.807320-04:00,2026-08-18,PARTY,ffcfeaa2-1416-4920-a1ed-543c1a1695c4,Tomorrowland Transit Authority PeopleMover,OPERATING,5,2026-08-18T23:09:30.115Z,2026-08-18T19:45,90.5,98.1,59,4,0.0,0.0,0.0,1,6.4,11.4
2026-08-18T19:45:12.807320-04:00,2026-08-18,PARTY,e76c93df-31af-49a5-8e2f-752c76c937c9,Enchanted Tales with Belle,CLOSED,,2026-08-18T21:30:28.522Z,2026-08-18T19:45,90.5,98.1,59,4,0.0,0.0,0.0,1,6.4,11.4
2026-08-18T19:45:12.807320-04:00,2026-08-18,PARTY,924a3b2c-6b4b-49e5-99d3-e9dc3f2e8a48,The Barnstormer,OPERATING,5,2026-08-18T23:43:30.106Z,2026-08-18T19:45,90.5,98.1,59,4,0.0,0.0,0.0,1,6.4,11.4
2026-08-18T20:00:16.408248-04:00,2026-08-18,PARTY,352feb94-e52e-45eb-9c92-e4b44c6b1a9d,Pirates of the Caribbean,OPERATING,5,2026-08-18T22:30:28.871Z,2026-08-18T20:00,89.5,97.3,60,2,0.0,0.0,0.0,0,5.4,12.1
2026-08-18T20:00:16.408248-04:00,2026-08-18,PARTY,86a41273-5f15-4b54-93b6-829f140e5161,Peter Pan's Flight,OPERATING,20,2026-08-18T23:58:29.896Z,2026-08-18T20:00,89.5,97.3,60,2,0.0,0.0,0.0,0,5.4,12.1
2026-08-18T20:00:16.408248-04:00,2026-08-18,PARTY,273ddb8d-e7b5-4e34-8657-1113f49262a5,Prince Charming Regal Carrousel,OPERATING,5,2026-08-18T23:21:29.330Z,2026-08-18T20:00,89.5,97.3,60,2,0.0,0.0,0.0,0,5.4,12.1
2026-08-18T20:00:16.408248-04:00,2026-08-18,PARTY,72c7343a-f7fb-4f66-95df-c91016de7338,Buzz Lightyear’s Space Ranger Spin,OPERATING,15,2026-08-18T23:51:31.210Z,2026-08-18T20:00,89.5,97.3,60,2,0.0,0.0,0.0,0,5.4,12.1
2026-08-18T20:00:16.408248-04:00,2026-08-18,PARTY,f010bc01-b450-4476-a5f3-a5f2813104b2,Casey Jr. Splash 'N' Soak Station,CLOSED,,2026-08-18T22:00:00.895Z,2026-08-18T20:00,89.5,97.3,60,2,0.0,0.0,0.0,0,5.4,12.1
2026-08-18T20:00:16.408248-04:00,2026-08-18,PARTY,e39b831b-7731-49bb-815b-289b4f49a9fd,"Walt Disney World Railroad - Main Street, U.S.A.",CLOSED,,2026-08-18T21:00:28.477Z,2026-08-18T20:00,89.5,97.3,60,2,0.0,0.0,0.0,0,5.4,12.1
2026-08-18T20:00:16.408248-04:00,2026-08-18,PARTY,2ebfb38c-5cb5-4de1-86c0-f7af14188022,The Hall of Presidents,CLOSED,,2026-08-18T22:00:28.402Z,2026-08-18T20:00,89.5,97.3,60,2,0.0,0.0,0.0,0,5.4,12.1
2026-08-18T20:00:16.408248-04:00,2026-08-18,PARTY,7c5e1e02-3a44-4151-9005-44066d5ba1da,Mickey's PhilharMagic,CLOSED,,2026-08-18T22:00:28.300Z,2026-08-18T20:00,89.5,97.3,60,2,0.0,0.0,0.0,0,5.4,12.1
2026-08-18T20:00:16.408248-04:00,2026-08-18,PARTY,8183f3f2-1b59-4b9c-b634-6a863bdf8d84,Walt Disney's Carousel of Progress,REFURBISHMENT,,2026-07-23T21:50:48.516Z,2026-08-18T20:00,89.5,97.3,60,2,0.0,0.0,0.0,0,5.4,12.1
2026-08-18T20:00:16.408248-04:00,2026-08-18,PARTY,e40ac396-cbac-43f4-8752-764ed60ccceb,Walt Disney World Railroad - Fantasyland,CLOSED,,2026-08-18T21:00:28.448Z,2026-08-18T20:00,89.5,97.3,60,2,0.0,0.0,0.0,0,5.4,12.1
2026-08-18T20:00:16.408248-04:00,2026-08-18,PARTY,2551a77d-023f-4ab1-9a19-8afec0190f39,Haunted Mansion,OPERATING,13,2026-08-18T23:52:27.646Z,2026-08-18T20:00,89.5,97.3,60,2,0.0,0.0,0.0,0,5.4,12.1
2026-08-18T20:00:16.408248-04:00,2026-08-18,PARTY,96455de6-f4f1-403c-9391-bf8396979149,The Magic Carpets of Aladdin,OPERATING,5,2026-08-18T22:30:28.908Z,2026-08-18T20:00,89.5,97.3,60,2,0.0,0.0,0.0,0,5.4,12.1
2026-08-18T20:00:16.408248-04:00,2026-08-18,PARTY,f5aad2d4-a419-4384-bd9a-42f86385c750,"""it's a small world""",OPERATING,5,2026-08-18T23:54:29.668Z,2026-08-18T20:00,89.5,97.3,60,2,0.0,0.0,0.0,0,5.4,12.1
2026-08-18T20:00:16.408248-04:00,2026-08-18,PARTY,e8f0b426-7645-4ea3-8b41-b94ae7091a41,"Monsters, Inc. Laugh Floor",CLOSED,,2026-08-18T22:00:28.121Z,2026-08-18T20:00,89.5,97.3,60,2,0.0,0.0,0.0,0,5.4,12.1
2026-08-18T20:00:16.408248-04:00,2026-08-18,PARTY,de737ffc-306b-4f32-8bbb-34e5d370ec8f,A Pirate's Adventure ~ Treasures of the Seven Seas,CLOSED,,2026-08-18T22:00:28.172Z,2026-08-18T20:00,89.5,97.3,60,2,0.0,0.0,0.0,0,5.4,12.1
2026-08-18T20:00:16.408248-04:00,2026-08-18,PARTY,5a43d1a7-ad53-4d25-abfe-25625f0da304,TRON Lightcycle / Run,OPERATING,35,2026-08-18T23:57:29.090Z,2026-08-18T20:00,89.5,97.3,60,2,0.0,0.0,0.0,0,5.4,12.1
2026-08-18T20:00:16.408248-04:00,2026-08-18,PARTY,de3309ca-97d5-4211-bffe-739fed47e92f,Big Thunder Mountain Railroad,OPERATING,15,2026-08-18T22:39:27.343Z,2026-08-18T20:00,89.5,97.3,60,2,0.0,0.0,0.0,0,5.4,12.1
2026-08-18T20:00:16.408248-04:00,2026-08-18,PARTY,90d79335-c907-4069-a021-d0fe1ec73ae2,Cinderella Castle,CLOSED,,2026-08-18T22:00:00.921Z,2026-08-18T20:00,89.5,97.3,60,2,0.0,0.0,0.0,0,5.4,12.1
2026-08-18T20:00:16.408248-04:00,2026-08-18,PARTY,888fb4a4-7adf-47a1-8ba2-c258cc64fd75,Main Street Vehicles,CLOSED,,2026-08-18T20:00:27.601Z,2026-08-18T20:00,89.5,97.3,60,2,0.0,0.0,0.0,0,5.4,12.1
2026-08-18T20:00:16.408248-04:00,2026-08-18,PARTY,6fd1e225-53a0-4a80-a577-4bbc9a471075,Walt Disney's Enchanted Tiki Room,CLOSED,,2026-08-18T22:00:28.133Z,2026-08-18T20:00,89.5,97.3,60,2,0.0,0.0,0.0,0,5.4,12.1
2026-08-18T20:00:16.408248-04:00,2026-08-18,PARTY,73cb9445-0695-47a3-87ce-d08ae36b5f3c,Tiana's Bayou Adventure,OPERATING,20,2026-08-18T23:48:29.870Z,2026-08-18T20:00,89.5,97.3,60,2,0.0,0.0,0.0,0,5.4,12.1
2026-08-18T20:00:16.408248-04:00,2026-08-18,PARTY,3cba0cb4-e2a6-402c-93ee-c11ffcb127ef,Under the Sea - Journey of The Little Mermaid,OPERATING,5,2026-08-18T22:48:32.401Z,2026-08-18T20:00,89.5,97.3,60,2,0.0,0.0,0.0,0,5.4,12.1
2026-08-18T20:00:16.408248-04:00,2026-08-18,PARTY,0f57cecf-5502-4503-8bc3-ba84d3708ace,Country Bear Musical Jamboree,CLOSED,,2026-08-18T22:00:28.391Z,2026-08-18T20:00,89.5,97.3,60,2,0.0,0.0,0.0,0,5.4,12.1
2026-08-18T20:00:16.408248-04:00,2026-08-18,PARTY,890fa430-89c0-4a3f-96c9-11597888005e,Dumbo the Flying Elephant,OPERATING,5,2026-08-18T22:30:28.794Z,2026-08-18T20:00,89.5,97.3,60,2,0.0,0.0,0.0,0,5.4,12.1
2026-08-18T20:00:16.408248-04:00,2026-08-18,PARTY,f163ddcd-43e1-488d-8276-2381c1db0a39,Tomorrowland Speedway,OPERATING,5,2026-08-18T22:54:31.099Z,2026-08-18T20:00,89.5,97.3,60,2,0.0,0.0,0.0,0,5.4,12.1
2026-08-18T20:00:16.408248-04:00,2026-08-18,PARTY,9d4d5229-7142-44b6-b4fb-528920969a2c,Seven Dwarfs Mine Train,OPERATING,45,2026-08-18T23:58:30.681Z,2026-08-18T20:00,89.5,97.3,60,2,0.0,0.0,0.0,0,5.4,12.1
2026-08-18T20:00:16.408248-04:00,2026-08-18,PARTY,0d94ad60-72f0-4551-83a6-ebaecdd89737,The Many Adventures of Winnie the Pooh,OPERATING,15,2026-08-18T23:54:29.683Z,2026-08-18T20:00,89.5,97.3,60,2,0.0,0.0,0.0,0,5.4,12.1
2026-08-18T20:00:16.408248-04:00,2026-08-18,PARTY,30fe3c64-af71-4c66-a54b-aa61fd7af177,Swiss Family Treehouse,OPERATING,5,2026-08-18T22:30:28.889Z,2026-08-18T20:00,89.5,97.3,60,2,0.0,0.0,0.0,0,5.4,12.1
2026-08-18T20:00:16.408248-04:00,2026-08-18,PARTY,796b0a25-c51e-456e-9bb8-50a324e301b3,Jungle Cruise,OPERATING,5,2026-08-18T23:45:35.174Z,2026-08-18T20:00,89.5,97.3,60,2,0.0,0.0,0.0,0,5.4,12.1
2026-08-18T20:00:16.408248-04:00,2026-08-18,PARTY,0aae716c-af13-4439-b638-d75fb1649df3,Mad Tea Party,OPERATING,5,2026-08-18T22:30:28.834Z,2026-08-18T20:00,89.5,97.3,60,2,0.0,0.0,0.0,0,5.4,12.1
2026-08-18T20:00:16.408248-04:00,2026-08-18,PARTY,d9d12438-d999-4482-894b-8955fdb20ccf,Astro Orbiter,OPERATING,5,2026-08-18T22:30:28.755Z,2026-08-18T20:00,89.5,97.3,60,2,0.0,0.0,0.0,0,5.4,12.1
2026-08-18T20:00:16.408248-04:00,2026-08-18,PARTY,b2260923-9315-40fd-9c6b-44dd811dbe64,Space Mountain,OPERATING,10,2026-08-18T23:56:28.107Z,2026-08-18T20:00,89.5,97.3,60,2,0.0,0.0,0.0,0,5.4,12.1
2026-08-18T20:00:16.408248-04:00,2026-08-18,PARTY,ffcfeaa2-1416-4920-a1ed-543c1a1695c4,Tomorrowland Transit Authority PeopleMover,OPERATING,5,2026-08-18T23:09:30.115Z,2026-08-18T20:00,89.5,97.3,60,2,0.0,0.0,0.0,0,5.4,12.1
2026-08-18T20:00:16.408248-04:00,2026-08-18,PARTY,e76c93df-31af-49a5-8e2f-752c76c937c9,Enchanted Tales with Belle,CLOSED,,2026-08-18T21:30:28.522Z,2026-08-18T20:00,89.5,97.3,60,2,0.0,0.0,0.0,0,5.4,12.1
2026-08-18T20:00:16.408248-04:00,2026-08-18,PARTY,924a3b2c-6b4b-49e5-99d3-e9dc3f2e8a48,The Barnstormer,OPERATING,5,2026-08-18T23:43:30.106Z,2026-08-18T20:00,89.5,97.3,60,2,0.0,0.0,0.0,0,5.4,12.1
2026-08-18T20:15:11.692213-04:00,2026-08-18,PARTY,352feb94-e52e-45eb-9c92-e4b44c6b1a9d,Pirates of the Caribbean,OPERATING,5,2026-08-18T22:30:28.871Z,2026-08-18T20:15,89.0,97.0,62,2,0.0,0.0,0.0,0,5.7,15.0
2026-08-18T20:15:11.692213-04:00,2026-08-18,PARTY,86a41273-5f15-4b54-93b6-829f140e5161,Peter Pan's Flight,OPERATING,15,2026-08-19T00:07:32.139Z,2026-08-18T20:15,89.0,97.0,62,2,0.0,0.0,0.0,0,5.7,15.0
2026-08-18T20:15:11.692213-04:00,2026-08-18,PARTY,273ddb8d-e7b5-4e34-8657-1113f49262a5,Prince Charming Regal Carrousel,OPERATING,5,2026-08-19T00:09:29.239Z,2026-08-18T20:15,89.0,97.0,62,2,0.0,0.0,0.0,0,5.7,15.0
2026-08-18T20:15:11.692213-04:00,2026-08-18,PARTY,72c7343a-f7fb-4f66-95df-c91016de7338,Buzz Lightyear’s Space Ranger Spin,OPERATING,10,2026-08-19T00:13:28.213Z,2026-08-18T20:15,89.0,97.0,62,2,0.0,0.0,0.0,0,5.7,15.0
2026-08-18T20:15:11.692213-04:00,2026-08-18,PARTY,f010bc01-b450-4476-a5f3-a5f2813104b2,Casey Jr. Splash 'N' Soak Station,CLOSED,,2026-08-18T22:00:00.895Z,2026-08-18T20:15,89.0,97.0,62,2,0.0,0.0,0.0,0,5.7,15.0
2026-08-18T20:15:11.692213-04:00,2026-08-18,PARTY,e39b831b-7731-49bb-815b-289b4f49a9fd,"Walt Disney World Railroad - Main Street, U.S.A.",CLOSED,,2026-08-18T21:00:28.477Z,2026-08-18T20:15,89.0,97.0,62,2,0.0,0.0,0.0,0,5.7,15.0
2026-08-18T20:15:11.692213-04:00,2026-08-18,PARTY,2ebfb38c-5cb5-4de1-86c0-f7af14188022,The Hall of Presidents,CLOSED,,2026-08-18T22:00:28.402Z,2026-08-18T20:15,89.0,97.0,62,2,0.0,0.0,0.0,0,5.7,15.0
2026-08-18T20:15:11.692213-04:00,2026-08-18,PARTY,7c5e1e02-3a44-4151-9005-44066d5ba1da,Mickey's PhilharMagic,CLOSED,,2026-08-18T22:00:28.300Z,2026-08-18T20:15,89.0,97.0,62,2,0.0,0.0,0.0,0,5.7,15.0
2026-08-18T20:15:11.692213-04:00,2026-08-18,PARTY,8183f3f2-1b59-4b9c-b634-6a863bdf8d84,Walt Disney's Carousel of Progress,REFURBISHMENT,,2026-07-23T21:50:48.516Z,2026-08-18T20:15,89.0,97.0,62,2,0.0,0.0,0.0,0,5.7,15.0
2026-08-18T20:15:11.692213-04:00,2026-08-18,PARTY,e40ac396-cbac-43f4-8752-764ed60ccceb,Walt Disney World Railroad - Fantasyland,CLOSED,,2026-08-18T21:00:28.448Z,2026-08-18T20:15,89.0,97.0,62,2,0.0,0.0,0.0,0,5.7,15.0
2026-08-18T20:15:11.692213-04:00,2026-08-18,PARTY,2551a77d-023f-4ab1-9a19-8afec0190f39,Haunted Mansion,OPERATING,15,2026-08-19T00:09:29.247Z,2026-08-18T20:15,89.0,97.0,62,2,0.0,0.0,0.0,0,5.7,15.0
2026-08-18T20:15:11.692213-04:00,2026-08-18,PARTY,96455de6-f4f1-403c-9391-bf8396979149,The Magic Carpets of Aladdin,OPERATING,5,2026-08-18T22:30:28.908Z,2026-08-18T20:15,89.0,97.0,62,2,0.0,0.0,0.0,0,5.7,15.0
2026-08-18T20:15:11.692213-04:00,2026-08-18,PARTY,f5aad2d4-a419-4384-bd9a-42f86385c750,"""it's a small world""",OPERATING,0,2026-08-19T00:08:30.425Z,2026-08-18T20:15,89.0,97.0,62,2,0.0,0.0,0.0,0,5.7,15.0
2026-08-18T20:15:11.692213-04:00,2026-08-18,PARTY,e8f0b426-7645-4ea3-8b41-b94ae7091a41,"Monsters, Inc. Laugh Floor",CLOSED,,2026-08-18T22:00:28.121Z,2026-08-18T20:15,89.0,97.0,62,2,0.0,0.0,0.0,0,5.7,15.0
2026-08-18T20:15:11.692213-04:00,2026-08-18,PARTY,de737ffc-306b-4f32-8bbb-34e5d370ec8f,A Pirate's Adventure ~ Treasures of the Seven Seas,CLOSED,,2026-08-18T22:00:28.172Z,2026-08-18T20:15,89.0,97.0,62,2,0.0,0.0,0.0,0,5.7,15.0
2026-08-18T20:15:11.692213-04:00,2026-08-18,PARTY,5a43d1a7-ad53-4d25-abfe-25625f0da304,TRON Lightcycle / Run,OPERATING,50,2026-08-19T00:08:30.411Z,2026-08-18T20:15,89.0,97.0,62,2,0.0,0.0,0.0,0,5.7,15.0
2026-08-18T20:15:11.692213-04:00,2026-08-18,PARTY,de3309ca-97d5-4211-bffe-739fed47e92f,Big Thunder Mountain Railroad,OPERATING,15,2026-08-18T22:39:27.343Z,2026-08-18T20:15,89.0,97.0,62,2,0.0,0.0,0.0,0,5.7,15.0
2026-08-18T20:15:11.692213-04:00,2026-08-18,PARTY,90d79335-c907-4069-a021-d0fe1ec73ae2,Cinderella Castle,CLOSED,,2026-08-18T22:00:00.921Z,2026-08-18T20:15,89.0,97.0,62,2,0.0,0.0,0.0,0,5.7,15.0
2026-08-18T20:15:11.692213-04:00,2026-08-18,PARTY,888fb4a4-7adf-47a1-8ba2-c258cc64fd75,Main Street Vehicles,CLOSED,,2026-08-18T20:00:27.601Z,2026-08-18T20:15,89.0,97.0,62,2,0.0,0.0,0.0,0,5.7,15.0
2026-08-18T20:15:11.692213-04:00,2026-08-18,PARTY,6fd1e225-53a0-4a80-a577-4bbc9a471075,Walt Disney's Enchanted Tiki Room,CLOSED,,2026-08-18T22:00:28.133Z,2026-08-18T20:15,89.0,97.0,62,2,0.0,0.0,0.0,0,5.7,15.0
2026-08-18T20:15:11.692213-04:00,2026-08-18,PARTY,73cb9445-0695-47a3-87ce-d08ae36b5f3c,Tiana's Bayou Adventure,OPERATING,5,2026-08-19T00:09:29.230Z,2026-08-18T20:15,89.0,97.0,62,2,0.0,0.0,0.0,0,5.7,15.0
2026-08-18T20:15:11.692213-04:00,2026-08-18,PARTY,3cba0cb4-e2a6-402c-93ee-c11ffcb127ef,Under the Sea - Journey of The Little Mermaid,OPERATING,5,2026-08-18T22:48:32.401Z,2026-08-18T20:15,89.0,97.0,62,2,0.0,0.0,0.0,0,5.7,15.0
2026-08-18T20:15:11.692213-04:00,2026-08-18,PARTY,0f57cecf-5502-4503-8bc3-ba84d3708ace,Country Bear Musical Jamboree,CLOSED,,2026-08-18T22:00:28.391Z,2026-08-18T20:15,89.0,97.0,62,2,0.0,0.0,0.0,0,5.7,15.0
2026-08-18T20:15:11.692213-04:00,2026-08-18,PARTY,890fa430-89c0-4a3f-96c9-11597888005e,Dumbo the Flying Elephant,OPERATING,5,2026-08-18T22:30:28.794Z,2026-08-18T20:15,89.0,97.0,62,2,0.0,0.0,0.0,0,5.7,15.0
2026-08-18T20:15:11.692213-04:00,2026-08-18,PARTY,f163ddcd-43e1-488d-8276-2381c1db0a39,Tomorrowland Speedway,OPERATING,5,2026-08-18T22:54:31.099Z,2026-08-18T20:15,89.0,97.0,62,2,0.0,0.0,0.0,0,5.7,15.0
2026-08-18T20:15:11.692213-04:00,2026-08-18,PARTY,9d4d5229-7142-44b6-b4fb-528920969a2c,Seven Dwarfs Mine Train,OPERATING,25,2026-08-19T00:07:31.829Z,2026-08-18T20:15,89.0,97.0,62,2,0.0,0.0,0.0,0,5.7,15.0
2026-08-18T20:15:11.692213-04:00,2026-08-18,PARTY,0d94ad60-72f0-4551-83a6-ebaecdd89737,The Many Adventures of Winnie the Pooh,OPERATING,10,2026-08-19T00:02:29.213Z,2026-08-18T20:15,89.0,97.0,62,2,0.0,0.0,0.0,0,5.7,15.0
2026-08-18T20:15:11.692213-04:00,2026-08-18,PARTY,30fe3c64-af71-4c66-a54b-aa61fd7af177,Swiss Family Treehouse,OPERATING,5,2026-08-18T22:30:28.889Z,2026-08-18T20:15,89.0,97.0,62,2,0.0,0.0,0.0,0,5.7,15.0
2026-08-18T20:15:11.692213-04:00,2026-08-18,PARTY,796b0a25-c51e-456e-9bb8-50a324e301b3,Jungle Cruise,OPERATING,5,2026-08-19T00:12:35.564Z,2026-08-18T20:15,89.0,97.0,62,2,0.0,0.0,0.0,0,5.7,15.0
2026-08-18T20:15:11.692213-04:00,2026-08-18,PARTY,0aae716c-af13-4439-b638-d75fb1649df3,Mad Tea Party,OPERATING,5,2026-08-18T22:30:28.834Z,2026-08-18T20:15,89.0,97.0,62,2,0.0,0.0,0.0,0,5.7,15.0
2026-08-18T20:15:11.692213-04:00,2026-08-18,PARTY,d9d12438-d999-4482-894b-8955fdb20ccf,Astro Orbiter,OPERATING,5,2026-08-18T22:30:28.755Z,2026-08-18T20:15,89.0,97.0,62,2,0.0,0.0,0.0,0,5.7,15.0
2026-08-18T20:15:11.692213-04:00,2026-08-18,PARTY,b2260923-9315-40fd-9c6b-44dd811dbe64,Space Mountain,OPERATING,5,2026-08-19T00:14:31.116Z,2026-08-18T20:15,89.0,97.0,62,2,0.0,0.0,0.0,0,5.7,15.0
2026-08-18T20:15:11.692213-04:00,2026-08-18,PARTY,ffcfeaa2-1416-4920-a1ed-543c1a1695c4,Tomorrowland Transit Authority PeopleMover,OPERATING,5,2026-08-18T23:09:30.115Z,2026-08-18T20:15,89.0,97.0,62,2,0.0,0.0,0.0,0,5.7,15.0
2026-08-18T20:15:11.692213-04:00,2026-08-18,PARTY,e76c93df-31af-49a5-8e2f-752c76c937c9,Enchanted Tales with Belle,CLOSED,,2026-08-18T21:30:28.522Z,2026-08-18T20:15,89.0,97.0,62,2,0.0,0.0,0.0,0,5.7,15.0
2026-08-18T20:15:11.692213-04:00,2026-08-18,PARTY,924a3b2c-6b4b-49e5-99d3-e9dc3f2e8a48,The Barnstormer,OPERATING,5,2026-08-18T23:43:30.106Z,2026-08-18T20:15,89.0,97.0,62,2,0.0,0.0,0.0,0,5.7,15.0
2026-08-18T20:30:16.318949-04:00,2026-08-18,PARTY,352feb94-e52e-45eb-9c92-e4b44c6b1a9d,Pirates of the Caribbean,OPERATING,5,2026-08-18T22:30:28.871Z,2026-08-18T20:30,88.3,95.7,64,2,0.0,0.0,0.0,0,7.5,18.1
2026-08-18T20:30:16.318949-04:00,2026-08-18,PARTY,86a41273-5f15-4b54-93b6-829f140e5161,Peter Pan's Flight,OPERATING,15,2026-08-19T00:29:28.868Z,2026-08-18T20:30,88.3,95.7,64,2,0.0,0.0,0.0,0,7.5,18.1
2026-08-18T20:30:16.318949-04:00,2026-08-18,PARTY,273ddb8d-e7b5-4e34-8657-1113f49262a5,Prince Charming Regal Carrousel,OPERATING,5,2026-08-19T00:09:29.239Z,2026-08-18T20:30,88.3,95.7,64,2,0.0,0.0,0.0,0,7.5,18.1
2026-08-18T20:30:16.318949-04:00,2026-08-18,PARTY,72c7343a-f7fb-4f66-95df-c91016de7338,Buzz Lightyear’s Space Ranger Spin,OPERATING,10,2026-08-19T00:13:28.213Z,2026-08-18T20:30,88.3,95.7,64,2,0.0,0.0,0.0,0,7.5,18.1
2026-08-18T20:30:16.318949-04:00,2026-08-18,PARTY,f010bc01-b450-4476-a5f3-a5f2813104b2,Casey Jr. Splash 'N' Soak Station,CLOSED,,2026-08-18T22:00:00.895Z,2026-08-18T20:30,88.3,95.7,64,2,0.0,0.0,0.0,0,7.5,18.1
2026-08-18T20:30:16.318949-04:00,2026-08-18,PARTY,e39b831b-7731-49bb-815b-289b4f49a9fd,"Walt Disney World Railroad - Main Street, U.S.A.",CLOSED,,2026-08-18T21:00:28.477Z,2026-08-18T20:30,88.3,95.7,64,2,0.0,0.0,0.0,0,7.5,18.1
2026-08-18T20:30:16.318949-04:00,2026-08-18,PARTY,2ebfb38c-5cb5-4de1-86c0-f7af14188022,The Hall of Presidents,CLOSED,,2026-08-18T22:00:28.402Z,2026-08-18T20:30,88.3,95.7,64,2,0.0,0.0,0.0,0,7.5,18.1
2026-08-18T20:30:16.318949-04:00,2026-08-18,PARTY,7c5e1e02-3a44-4151-9005-44066d5ba1da,Mickey's PhilharMagic,CLOSED,,2026-08-18T22:00:28.300Z,2026-08-18T20:30,88.3,95.7,64,2,0.0,0.0,0.0,0,7.5,18.1
2026-08-18T20:30:16.318949-04:00,2026-08-18,PARTY,8183f3f2-1b59-4b9c-b634-6a863bdf8d84,Walt Disney's Carousel of Progress,REFURBISHMENT,,2026-07-23T21:50:48.516Z,2026-08-18T20:30,88.3,95.7,64,2,0.0,0.0,0.0,0,7.5,18.1
2026-08-18T20:30:16.318949-04:00,2026-08-18,PARTY,e40ac396-cbac-43f4-8752-764ed60ccceb,Walt Disney World Railroad - Fantasyland,CLOSED,,2026-08-18T21:00:28.448Z,2026-08-18T20:30,88.3,95.7,64,2,0.0,0.0,0.0,0,7.5,18.1
2026-08-18T20:30:16.318949-04:00,2026-08-18,PARTY,2551a77d-023f-4ab1-9a19-8afec0190f39,Haunted Mansion,OPERATING,15,2026-08-19T00:09:29.247Z,2026-08-18T20:30,88.3,95.7,64,2,0.0,0.0,0.0,0,7.5,18.1
2026-08-18T20:30:16.318949-04:00,2026-08-18,PARTY,96455de6-f4f1-403c-9391-bf8396979149,The Magic Carpets of Aladdin,OPERATING,5,2026-08-18T22:30:28.908Z,2026-08-18T20:30,88.3,95.7,64,2,0.0,0.0,0.0,0,7.5,18.1
2026-08-18T20:30:16.318949-04:00,2026-08-18,PARTY,f5aad2d4-a419-4384-bd9a-42f86385c750,"""it's a small world""",OPERATING,5,2026-08-19T00:19:38.447Z,2026-08-18T20:30,88.3,95.7,64,2,0.0,0.0,0.0,0,7.5,18.1
2026-08-18T20:30:16.318949-04:00,2026-08-18,PARTY,e8f0b426-7645-4ea3-8b41-b94ae7091a41,"Monsters, Inc. Laugh Floor",CLOSED,,2026-08-18T22:00:28.121Z,2026-08-18T20:30,88.3,95.7,64,2,0.0,0.0,0.0,0,7.5,18.1
2026-08-18T20:30:16.318949-04:00,2026-08-18,PARTY,de737ffc-306b-4f32-8bbb-34e5d370ec8f,A Pirate's Adventure ~ Treasures of the Seven Seas,CLOSED,,2026-08-18T22:00:28.172Z,2026-08-18T20:30,88.3,95.7,64,2,0.0,0.0,0.0,0,7.5,18.1
2026-08-18T20:30:16.318949-04:00,2026-08-18,PARTY,5a43d1a7-ad53-4d25-abfe-25625f0da304,TRON Lightcycle / Run,OPERATING,50,2026-08-19T00:08:30.411Z,2026-08-18T20:30,88.3,95.7,64,2,0.0,0.0,0.0,0,7.5,18.1
2026-08-18T20:30:16.318949-04:00,2026-08-18,PARTY,de3309ca-97d5-4211-bffe-739fed47e92f,Big Thunder Mountain Railroad,OPERATING,10,2026-08-19T00:16:51.645Z,2026-08-18T20:30,88.3,95.7,64,2,0.0,0.0,0.0,0,7.5,18.1
2026-08-18T20:30:16.318949-04:00,2026-08-18,PARTY,90d79335-c907-4069-a021-d0fe1ec73ae2,Cinderella Castle,CLOSED,,2026-08-18T22:00:00.921Z,2026-08-18T20:30,88.3,95.7,64,2,0.0,0.0,0.0,0,7.5,18.1
2026-08-18T20:30:16.318949-04:00,2026-08-18,PARTY,888fb4a4-7adf-47a1-8ba2-c258cc64fd75,Main Street Vehicles,CLOSED,,2026-08-18T20:00:27.601Z,2026-08-18T20:30,88.3,95.7,64,2,0.0,0.0,0.0,0,7.5,18.1
2026-08-18T20:30:16.318949-04:00,2026-08-18,PARTY,6fd1e225-53a0-4a80-a577-4bbc9a471075,Walt Disney's Enchanted Tiki Room,CLOSED,,2026-08-18T22:00:28.133Z,2026-08-18T20:30,88.3,95.7,64,2,0.0,0.0,0.0,0,7.5,18.1
2026-08-18T20:30:16.318949-04:00,2026-08-18,PARTY,73cb9445-0695-47a3-87ce-d08ae36b5f3c,Tiana's Bayou Adventure,OPERATING,5,2026-08-19T00:09:29.230Z,2026-08-18T20:30,88.3,95.7,64,2,0.0,0.0,0.0,0,7.5,18.1
2026-08-18T20:30:16.318949-04:00,2026-08-18,PARTY,3cba0cb4-e2a6-402c-93ee-c11ffcb127ef,Under the Sea - Journey of The Little Mermaid,OPERATING,5,2026-08-18T22:48:32.401Z,2026-08-18T20:30,88.3,95.7,64,2,0.0,0.0,0.0,0,7.5,18.1
2026-08-18T20:30:16.318949-04:00,2026-08-18,PARTY,0f57cecf-5502-4503-8bc3-ba84d3708ace,Country Bear Musical Jamboree,CLOSED,,2026-08-18T22:00:28.391Z,2026-08-18T20:30,88.3,95.7,64,2,0.0,0.0,0.0,0,7.5,18.1
2026-08-18T20:30:16.318949-04:00,2026-08-18,PARTY,890fa430-89c0-4a3f-96c9-11597888005e,Dumbo the Flying Elephant,OPERATING,5,2026-08-18T22:30:28.794Z,2026-08-18T20:30,88.3,95.7,64,2,0.0,0.0,0.0,0,7.5,18.1
2026-08-18T20:30:16.318949-04:00,2026-08-18,PARTY,f163ddcd-43e1-488d-8276-2381c1db0a39,Tomorrowland Speedway,OPERATING,5,2026-08-18T22:54:31.099Z,2026-08-18T20:30,88.3,95.7,64,2,0.0,0.0,0.0,0,7.5,18.1
2026-08-18T20:30:16.318949-04:00,2026-08-18,PARTY,9d4d5229-7142-44b6-b4fb-528920969a2c,Seven Dwarfs Mine Train,OPERATING,25,2026-08-19T00:07:31.829Z,2026-08-18T20:30,88.3,95.7,64,2,0.0,0.0,0.0,0,7.5,18.1
2026-08-18T20:30:16.318949-04:00,2026-08-18,PARTY,0d94ad60-72f0-4551-83a6-ebaecdd89737,The Many Adventures of Winnie the Pooh,OPERATING,5,2026-08-19T00:26:28.812Z,2026-08-18T20:30,88.3,95.7,64,2,0.0,0.0,0.0,0,7.5,18.1
2026-08-18T20:30:16.318949-04:00,2026-08-18,PARTY,30fe3c64-af71-4c66-a54b-aa61fd7af177,Swiss Family Treehouse,OPERATING,5,2026-08-18T22:30:28.889Z,2026-08-18T20:30,88.3,95.7,64,2,0.0,0.0,0.0,0,7.5,18.1
2026-08-18T20:30:16.318949-04:00,2026-08-18,PARTY,796b0a25-c51e-456e-9bb8-50a324e301b3,Jungle Cruise,OPERATING,5,2026-08-19T00:12:35.564Z,2026-08-18T20:30,88.3,95.7,64,2,0.0,0.0,0.0,0,7.5,18.1
2026-08-18T20:30:16.318949-04:00,2026-08-18,PARTY,0aae716c-af13-4439-b638-d75fb1649df3,Mad Tea Party,OPERATING,5,2026-08-19T00:18:29.644Z,2026-08-18T20:30,88.3,95.7,64,2,0.0,0.0,0.0,0,7.5,18.1
2026-08-18T20:30:16.318949-04:00,2026-08-18,PARTY,d9d12438-d999-4482-894b-8955fdb20ccf,Astro Orbiter,OPERATING,5,2026-08-18T22:30:28.755Z,2026-08-18T20:30,88.3,95.7,64,2,0.0,0.0,0.0,0,7.5,18.1
2026-08-18T20:30:16.318949-04:00,2026-08-18,PARTY,b2260923-9315-40fd-9c6b-44dd811dbe64,Space Mountain,OPERATING,10,2026-08-19T00:21:31.988Z,2026-08-18T20:30,88.3,95.7,64,2,0.0,0.0,0.0,0,7.5,18.1
2026-08-18T20:30:16.318949-04:00,2026-08-18,PARTY,ffcfeaa2-1416-4920-a1ed-543c1a1695c4,Tomorrowland Transit Authority PeopleMover,OPERATING,5,2026-08-18T23:09:30.115Z,2026-08-18T20:30,88.3,95.7,64,2,0.0,0.0,0.0,0,7.5,18.1
2026-08-18T20:30:16.318949-04:00,2026-08-18,PARTY,e76c93df-31af-49a5-8e2f-752c76c937c9,Enchanted Tales with Belle,CLOSED,,2026-08-18T21:30:28.522Z,2026-08-18T20:30,88.3,95.7,64,2,0.0,0.0,0.0,0,7.5,18.1
2026-08-18T20:30:16.318949-04:00,2026-08-18,PARTY,924a3b2c-6b4b-49e5-99d3-e9dc3f2e8a48,The Barnstormer,OPERATING,5,2026-08-18T23:43:30.106Z,2026-08-18T20:30,88.3,95.7,64,2,0.0,0.0,0.0,0,7.5,18.1
2026-08-18T20:45:13.735109-04:00,2026-08-18,PARTY,352feb94-e52e-45eb-9c92-e4b44c6b1a9d,Pirates of the Caribbean,OPERATING,5,2026-08-18T22:30:28.871Z,2026-08-18T20:45,87.1,95.0,67,3,0.0,0.0,0.0,0,6.5,14.3
2026-08-18T20:45:13.735109-04:00,2026-08-18,PARTY,86a41273-5f15-4b54-93b6-829f140e5161,Peter Pan's Flight,OPERATING,20,2026-08-19T00:36:30.285Z,2026-08-18T20:45,87.1,95.0,67,3,0.0,0.0,0.0,0,6.5,14.3
2026-08-18T20:45:13.735109-04:00,2026-08-18,PARTY,273ddb8d-e7b5-4e34-8657-1113f49262a5,Prince Charming Regal Carrousel,OPERATING,5,2026-08-19T00:09:29.239Z,2026-08-18T20:45,87.1,95.0,67,3,0.0,0.0,0.0,0,6.5,14.3
2026-08-18T20:45:13.735109-04:00,2026-08-18,PARTY,72c7343a-f7fb-4f66-95df-c91016de7338,Buzz Lightyear’s Space Ranger Spin,OPERATING,10,2026-08-19T00:13:28.213Z,2026-08-18T20:45,87.1,95.0,67,3,0.0,0.0,0.0,0,6.5,14.3
2026-08-18T20:45:13.735109-04:00,2026-08-18,PARTY,f010bc01-b450-4476-a5f3-a5f2813104b2,Casey Jr. Splash 'N' Soak Station,CLOSED,,2026-08-18T22:00:00.895Z,2026-08-18T20:45,87.1,95.0,67,3,0.0,0.0,0.0,0,6.5,14.3
2026-08-18T20:45:13.735109-04:00,2026-08-18,PARTY,e39b831b-7731-49bb-815b-289b4f49a9fd,"Walt Disney World Railroad - Main Street, U.S.A.",CLOSED,,2026-08-18T21:00:28.477Z,2026-08-18T20:45,87.1,95.0,67,3,0.0,0.0,0.0,0,6.5,14.3
2026-08-18T20:45:13.735109-04:00,2026-08-18,PARTY,2ebfb38c-5cb5-4de1-86c0-f7af14188022,The Hall of Presidents,CLOSED,,2026-08-18T22:00:28.402Z,2026-08-18T20:45,87.1,95.0,67,3,0.0,0.0,0.0,0,6.5,14.3
2026-08-18T20:45:13.735109-04:00,2026-08-18,PARTY,7c5e1e02-3a44-4151-9005-44066d5ba1da,Mickey's PhilharMagic,CLOSED,,2026-08-18T22:00:28.300Z,2026-08-18T20:45,87.1,95.0,67,3,0.0,0.0,0.0,0,6.5,14.3
2026-08-18T20:45:13.735109-04:00,2026-08-18,PARTY,8183f3f2-1b59-4b9c-b634-6a863bdf8d84,Walt Disney's Carousel of Progress,REFURBISHMENT,,2026-07-23T21:50:48.516Z,2026-08-18T20:45,87.1,95.0,67,3,0.0,0.0,0.0,0,6.5,14.3
2026-08-18T20:45:13.735109-04:00,2026-08-18,PARTY,e40ac396-cbac-43f4-8752-764ed60ccceb,Walt Disney World Railroad - Fantasyland,CLOSED,,2026-08-18T21:00:28.448Z,2026-08-18T20:45,87.1,95.0,67,3,0.0,0.0,0.0,0,6.5,14.3
2026-08-18T20:45:13.735109-04:00,2026-08-18,PARTY,2551a77d-023f-4ab1-9a19-8afec0190f39,Haunted Mansion,OPERATING,20,2026-08-19T00:42:33.518Z,2026-08-18T20:45,87.1,95.0,67,3,0.0,0.0,0.0,0,6.5,14.3
2026-08-18T20:45:13.735109-04:00,2026-08-18,PARTY,96455de6-f4f1-403c-9391-bf8396979149,The Magic Carpets of Aladdin,OPERATING,5,2026-08-18T22:30:28.908Z,2026-08-18T20:45,87.1,95.0,67,3,0.0,0.0,0.0,0,6.5,14.3
2026-08-18T20:45:13.735109-04:00,2026-08-18,PARTY,f5aad2d4-a419-4384-bd9a-42f86385c750,"""it's a small world""",OPERATING,0,2026-08-19T00:36:30.277Z,2026-08-18T20:45,87.1,95.0,67,3,0.0,0.0,0.0,0,6.5,14.3
2026-08-18T20:45:13.735109-04:00,2026-08-18,PARTY,e8f0b426-7645-4ea3-8b41-b94ae7091a41,"Monsters, Inc. Laugh Floor",CLOSED,,2026-08-18T22:00:28.121Z,2026-08-18T20:45,87.1,95.0,67,3,0.0,0.0,0.0,0,6.5,14.3
2026-08-18T20:45:13.735109-04:00,2026-08-18,PARTY,de737ffc-306b-4f32-8bbb-34e5d370ec8f,A Pirate's Adventure ~ Treasures of the Seven Seas,CLOSED,,2026-08-18T22:00:28.172Z,2026-08-18T20:45,87.1,95.0,67,3,0.0,0.0,0.0,0,6.5,14.3
2026-08-18T20:45:13.735109-04:00,2026-08-18,PARTY,5a43d1a7-ad53-4d25-abfe-25625f0da304,TRON Lightcycle / Run,OPERATING,50,2026-08-19T00:08:30.411Z,2026-08-18T20:45,87.1,95.0,67,3,0.0,0.0,0.0,0,6.5,14.3
2026-08-18T20:45:13.735109-04:00,2026-08-18,PARTY,de3309ca-97d5-4211-bffe-739fed47e92f,Big Thunder Mountain Railroad,OPERATING,15,2026-08-19T00:35:31.630Z,2026-08-18T20:45,87.1,95.0,67,3,0.0,0.0,0.0,0,6.5,14.3
2026-08-18T20:45:13.735109-04:00,2026-08-18,PARTY,90d79335-c907-4069-a021-d0fe1ec73ae2,Cinderella Castle,CLOSED,,2026-08-18T22:00:00.921Z,2026-08-18T20:45,87.1,95.0,67,3,0.0,0.0,0.0,0,6.5,14.3
2026-08-18T20:45:13.735109-04:00,2026-08-18,PARTY,888fb4a4-7adf-47a1-8ba2-c258cc64fd75,Main Street Vehicles,CLOSED,,2026-08-18T20:00:27.601Z,2026-08-18T20:45,87.1,95.0,67,3,0.0,0.0,0.0,0,6.5,14.3
2026-08-18T20:45:13.735109-04:00,2026-08-18,PARTY,6fd1e225-53a0-4a80-a577-4bbc9a471075,Walt Disney's Enchanted Tiki Room,CLOSED,,2026-08-18T22:00:28.133Z,2026-08-18T20:45,87.1,95.0,67,3,0.0,0.0,0.0,0,6.5,14.3
2026-08-18T20:45:13.735109-04:00,2026-08-18,PARTY,73cb9445-0695-47a3-87ce-d08ae36b5f3c,Tiana's Bayou Adventure,OPERATING,25,2026-08-19T00:44:30.493Z,2026-08-18T20:45,87.1,95.0,67,3,0.0,0.0,0.0,0,6.5,14.3
2026-08-18T20:45:13.735109-04:00,2026-08-18,PARTY,3cba0cb4-e2a6-402c-93ee-c11ffcb127ef,Under the Sea - Journey of The Little Mermaid,OPERATING,5,2026-08-18T22:48:32.401Z,2026-08-18T20:45,87.1,95.0,67,3,0.0,0.0,0.0,0,6.5,14.3
2026-08-18T20:45:13.735109-04:00,2026-08-18,PARTY,0f57cecf-5502-4503-8bc3-ba84d3708ace,Country Bear Musical Jamboree,CLOSED,,2026-08-18T22:00:28.391Z,2026-08-18T20:45,87.1,95.0,67,3,0.0,0.0,0.0,0,6.5,14.3
2026-08-18T20:45:13.735109-04:00,2026-08-18,PARTY,890fa430-89c0-4a3f-96c9-11597888005e,Dumbo the Flying Elephant,OPERATING,5,2026-08-18T22:30:28.794Z,2026-08-18T20:45,87.1,95.0,67,3,0.0,0.0,0.0,0,6.5,14.3
2026-08-18T20:45:13.735109-04:00,2026-08-18,PARTY,f163ddcd-43e1-488d-8276-2381c1db0a39,Tomorrowland Speedway,OPERATING,5,2026-08-18T22:54:31.099Z,2026-08-18T20:45,87.1,95.0,67,3,0.0,0.0,0.0,0,6.5,14.3
2026-08-18T20:45:13.735109-04:00,2026-08-18,PARTY,9d4d5229-7142-44b6-b4fb-528920969a2c,Seven Dwarfs Mine Train,OPERATING,35,2026-08-19T00:34:30.558Z,2026-08-18T20:45,87.1,95.0,67,3,0.0,0.0,0.0,0,6.5,14.3
2026-08-18T20:45:13.735109-04:00,2026-08-18,PARTY,0d94ad60-72f0-4551-83a6-ebaecdd89737,The Many Adventures of Winnie the Pooh,OPERATING,5,2026-08-19T00:44:30.510Z,2026-08-18T20:45,87.1,95.0,67,3,0.0,0.0,0.0,0,6.5,14.3
2026-08-18T20:45:13.735109-04:00,2026-08-18,PARTY,30fe3c64-af71-4c66-a54b-aa61fd7af177,Swiss Family Treehouse,OPERATING,5,2026-08-18T22:30:28.889Z,2026-08-18T20:45,87.1,95.0,67,3,0.0,0.0,0.0,0,6.5,14.3
2026-08-18T20:45:13.735109-04:00,2026-08-18,PARTY,796b0a25-c51e-456e-9bb8-50a324e301b3,Jungle Cruise,OPERATING,5,2026-08-19T00:12:35.564Z,2026-08-18T20:45,87.1,95.0,67,3,0.0,0.0,0.0,0,6.5,14.3
2026-08-18T20:45:13.735109-04:00,2026-08-18,PARTY,0aae716c-af13-4439-b638-d75fb1649df3,Mad Tea Party,OPERATING,5,2026-08-19T00:18:29.644Z,2026-08-18T20:45,87.1,95.0,67,3,0.0,0.0,0.0,0,6.5,14.3
2026-08-18T20:45:13.735109-04:00,2026-08-18,PARTY,d9d12438-d999-4482-894b-8955fdb20ccf,Astro Orbiter,DOWN,,2026-08-19T00:36:30.267Z,2026-08-18T20:45,87.1,95.0,67,3,0.0,0.0,0.0,0,6.5,14.3
2026-08-18T20:45:13.735109-04:00,2026-08-18,PARTY,b2260923-9315-40fd-9c6b-44dd811dbe64,Space Mountain,OPERATING,20,2026-08-19T00:44:30.500Z,2026-08-18T20:45,87.1,95.0,67,3,0.0,0.0,0.0,0,6.5,14.3
2026-08-18T20:45:13.735109-04:00,2026-08-18,PARTY,ffcfeaa2-1416-4920-a1ed-543c1a1695c4,Tomorrowland Transit Authority PeopleMover,OPERATING,5,2026-08-18T23:09:30.115Z,2026-08-18T20:45,87.1,95.0,67,3,0.0,0.0,0.0,0,6.5,14.3
2026-08-18T20:45:13.735109-04:00,2026-08-18,PARTY,e76c93df-31af-49a5-8e2f-752c76c937c9,Enchanted Tales with Belle,CLOSED,,2026-08-18T21:30:28.522Z,2026-08-18T20:45,87.1,95.0,67,3,0.0,0.0,0.0,0,6.5,14.3
2026-08-18T20:45:13.735109-04:00,2026-08-18,PARTY,924a3b2c-6b4b-49e5-99d3-e9dc3f2e8a48,The Barnstormer,OPERATING,5,2026-08-18T23:43:30.106Z,2026-08-18T20:45,87.1,95.0,67,3,0.0,0.0,0.0,0,6.5,14.3
2026-08-18T21:00:17.636086-04:00,2026-08-18,PARTY,352feb94-e52e-45eb-9c92-e4b44c6b1a9d,Pirates of the Caribbean,OPERATING,5,2026-08-18T22:30:28.871Z,2026-08-18T21:00,86.6,93.5,65,3,0.0,0.0,0.0,0,7.3,15.7
2026-08-18T21:00:17.636086-04:00,2026-08-18,PARTY,86a41273-5f15-4b54-93b6-829f140e5161,Peter Pan's Flight,OPERATING,20,2026-08-19T00:50:29.903Z,2026-08-18T21:00,86.6,93.5,65,3,0.0,0.0,0.0,0,7.3,15.7
2026-08-18T21:00:17.636086-04:00,2026-08-18,PARTY,273ddb8d-e7b5-4e34-8657-1113f49262a5,Prince Charming Regal Carrousel,OPERATING,5,2026-08-19T00:09:29.239Z,2026-08-18T21:00,86.6,93.5,65,3,0.0,0.0,0.0,0,7.3,15.7
2026-08-18T21:00:17.636086-04:00,2026-08-18,PARTY,72c7343a-f7fb-4f66-95df-c91016de7338,Buzz Lightyear’s Space Ranger Spin,DOWN,,2026-08-19T00:47:31.500Z,2026-08-18T21:00,86.6,93.5,65,3,0.0,0.0,0.0,0,7.3,15.7
2026-08-18T21:00:17.636086-04:00,2026-08-18,PARTY,f010bc01-b450-4476-a5f3-a5f2813104b2,Casey Jr. Splash 'N' Soak Station,CLOSED,,2026-08-18T22:00:00.895Z,2026-08-18T21:00,86.6,93.5,65,3,0.0,0.0,0.0,0,7.3,15.7
2026-08-18T21:00:17.636086-04:00,2026-08-18,PARTY,e39b831b-7731-49bb-815b-289b4f49a9fd,"Walt Disney World Railroad - Main Street, U.S.A.",CLOSED,,2026-08-18T21:00:28.477Z,2026-08-18T21:00,86.6,93.5,65,3,0.0,0.0,0.0,0,7.3,15.7
2026-08-18T21:00:17.636086-04:00,2026-08-18,PARTY,2ebfb38c-5cb5-4de1-86c0-f7af14188022,The Hall of Presidents,CLOSED,,2026-08-18T22:00:28.402Z,2026-08-18T21:00,86.6,93.5,65,3,0.0,0.0,0.0,0,7.3,15.7
2026-08-18T21:00:17.636086-04:00,2026-08-18,PARTY,7c5e1e02-3a44-4151-9005-44066d5ba1da,Mickey's PhilharMagic,CLOSED,,2026-08-18T22:00:28.300Z,2026-08-18T21:00,86.6,93.5,65,3,0.0,0.0,0.0,0,7.3,15.7
2026-08-18T21:00:17.636086-04:00,2026-08-18,PARTY,8183f3f2-1b59-4b9c-b634-6a863bdf8d84,Walt Disney's Carousel of Progress,REFURBISHMENT,,2026-07-23T21:50:48.516Z,2026-08-18T21:00,86.6,93.5,65,3,0.0,0.0,0.0,0,7.3,15.7
2026-08-18T21:00:17.636086-04:00,2026-08-18,PARTY,e40ac396-cbac-43f4-8752-764ed60ccceb,Walt Disney World Railroad - Fantasyland,CLOSED,,2026-08-18T21:00:28.448Z,2026-08-18T21:00,86.6,93.5,65,3,0.0,0.0,0.0,0,7.3,15.7
2026-08-18T21:00:17.636086-04:00,2026-08-18,PARTY,2551a77d-023f-4ab1-9a19-8afec0190f39,Haunted Mansion,OPERATING,20,2026-08-19T00:42:33.518Z,2026-08-18T21:00,86.6,93.5,65,3,0.0,0.0,0.0,0,7.3,15.7
2026-08-18T21:00:17.636086-04:00,2026-08-18,PARTY,96455de6-f4f1-403c-9391-bf8396979149,The Magic Carpets of Aladdin,OPERATING,5,2026-08-18T22:30:28.908Z,2026-08-18T21:00,86.6,93.5,65,3,0.0,0.0,0.0,0,7.3,15.7
2026-08-18T21:00:17.636086-04:00,2026-08-18,PARTY,f5aad2d4-a419-4384-bd9a-42f86385c750,"""it's a small world""",OPERATING,0,2026-08-19T00:50:29.881Z,2026-08-18T21:00,86.6,93.5,65,3,0.0,0.0,0.0,0,7.3,15.7
2026-08-18T21:00:17.636086-04:00,2026-08-18,PARTY,e8f0b426-7645-4ea3-8b41-b94ae7091a41,"Monsters, Inc. Laugh Floor",CLOSED,,2026-08-18T22:00:28.121Z,2026-08-18T21:00,86.6,93.5,65,3,0.0,0.0,0.0,0,7.3,15.7
2026-08-18T21:00:17.636086-04:00,2026-08-18,PARTY,de737ffc-306b-4f32-8bbb-34e5d370ec8f,A Pirate's Adventure ~ Treasures of the Seven Seas,CLOSED,,2026-08-18T22:00:28.172Z,2026-08-18T21:00,86.6,93.5,65,3,0.0,0.0,0.0,0,7.3,15.7
2026-08-18T21:00:17.636086-04:00,2026-08-18,PARTY,5a43d1a7-ad53-4d25-abfe-25625f0da304,TRON Lightcycle / Run,OPERATING,30,2026-08-19T00:50:29.850Z,2026-08-18T21:00,86.6,93.5,65,3,0.0,0.0,0.0,0,7.3,15.7
2026-08-18T21:00:17.636086-04:00,2026-08-18,PARTY,de3309ca-97d5-4211-bffe-739fed47e92f,Big Thunder Mountain Railroad,OPERATING,15,2026-08-19T00:35:31.630Z,2026-08-18T21:00,86.6,93.5,65,3,0.0,0.0,0.0,0,7.3,15.7
2026-08-18T21:00:17.636086-04:00,2026-08-18,PARTY,90d79335-c907-4069-a021-d0fe1ec73ae2,Cinderella Castle,CLOSED,,2026-08-18T22:00:00.921Z,2026-08-18T21:00,86.6,93.5,65,3,0.0,0.0,0.0,0,7.3,15.7
2026-08-18T21:00:17.636086-04:00,2026-08-18,PARTY,888fb4a4-7adf-47a1-8ba2-c258cc64fd75,Main Street Vehicles,CLOSED,,2026-08-18T20:00:27.601Z,2026-08-18T21:00,86.6,93.5,65,3,0.0,0.0,0.0,0,7.3,15.7
2026-08-18T21:00:17.636086-04:00,2026-08-18,PARTY,6fd1e225-53a0-4a80-a577-4bbc9a471075,Walt Disney's Enchanted Tiki Room,CLOSED,,2026-08-18T22:00:28.133Z,2026-08-18T21:00,86.6,93.5,65,3,0.0,0.0,0.0,0,7.3,15.7
2026-08-18T21:00:17.636086-04:00,2026-08-18,PARTY,73cb9445-0695-47a3-87ce-d08ae36b5f3c,Tiana's Bayou Adventure,DOWN,,2026-08-19T00:58:30.471Z,2026-08-18T21:00,86.6,93.5,65,3,0.0,0.0,0.0,0,7.3,15.7
2026-08-18T21:00:17.636086-04:00,2026-08-18,PARTY,3cba0cb4-e2a6-402c-93ee-c11ffcb127ef,Under the Sea - Journey of The Little Mermaid,OPERATING,5,2026-08-18T22:48:32.401Z,2026-08-18T21:00,86.6,93.5,65,3,0.0,0.0,0.0,0,7.3,15.7
2026-08-18T21:00:17.636086-04:00,2026-08-18,PARTY,0f57cecf-5502-4503-8bc3-ba84d3708ace,Country Bear Musical Jamboree,CLOSED,,2026-08-18T22:00:28.391Z,2026-08-18T21:00,86.6,93.5,65,3,0.0,0.0,0.0,0,7.3,15.7
2026-08-18T21:00:17.636086-04:00,2026-08-18,PARTY,890fa430-89c0-4a3f-96c9-11597888005e,Dumbo the Flying Elephant,OPERATING,5,2026-08-18T22:30:28.794Z,2026-08-18T21:00,86.6,93.5,65,3,0.0,0.0,0.0,0,7.3,15.7
2026-08-18T21:00:17.636086-04:00,2026-08-18,PARTY,f163ddcd-43e1-488d-8276-2381c1db0a39,Tomorrowland Speedway,OPERATING,10,2026-08-19T00:49:30.341Z,2026-08-18T21:00,86.6,93.5,65,3,0.0,0.0,0.0,0,7.3,15.7
2026-08-18T21:00:17.636086-04:00,2026-08-18,PARTY,9d4d5229-7142-44b6-b4fb-528920969a2c,Seven Dwarfs Mine Train,OPERATING,30,2026-08-19T00:57:30.764Z,2026-08-18T21:00,86.6,93.5,65,3,0.0,0.0,0.0,0,7.3,15.7
2026-08-18T21:00:17.636086-04:00,2026-08-18,PARTY,0d94ad60-72f0-4551-83a6-ebaecdd89737,The Many Adventures of Winnie the Pooh,OPERATING,15,2026-08-19T00:54:31.496Z,2026-08-18T21:00,86.6,93.5,65,3,0.0,0.0,0.0,0,7.3,15.7
2026-08-18T21:00:17.636086-04:00,2026-08-18,PARTY,30fe3c64-af71-4c66-a54b-aa61fd7af177,Swiss Family Treehouse,OPERATING,5,2026-08-18T22:30:28.889Z,2026-08-18T21:00,86.6,93.5,65,3,0.0,0.0,0.0,0,7.3,15.7
2026-08-18T21:00:17.636086-04:00,2026-08-18,PARTY,796b0a25-c51e-456e-9bb8-50a324e301b3,Jungle Cruise,OPERATING,5,2026-08-19T00:50:29.893Z,2026-08-18T21:00,86.6,93.5,65,3,0.0,0.0,0.0,0,7.3,15.7
2026-08-18T21:00:17.636086-04:00,2026-08-18,PARTY,0aae716c-af13-4439-b638-d75fb1649df3,Mad Tea Party,OPERATING,5,2026-08-19T00:57:30.794Z,2026-08-18T21:00,86.6,93.5,65,3,0.0,0.0,0.0,0,7.3,15.7
2026-08-18T21:00:17.636086-04:00,2026-08-18,PARTY,d9d12438-d999-4482-894b-8955fdb20ccf,Astro Orbiter,DOWN,,2026-08-19T00:36:30.267Z,2026-08-18T21:00,86.6,93.5,65,3,0.0,0.0,0.0,0,7.3,15.7
2026-08-18T21:00:17.636086-04:00,2026-08-18,PARTY,b2260923-9315-40fd-9c6b-44dd811dbe64,Space Mountain,OPERATING,20,2026-08-19T00:46:30.806Z,2026-08-18T21:00,86.6,93.5,65,3,0.0,0.0,0.0,0,7.3,15.7
2026-08-18T21:00:17.636086-04:00,2026-08-18,PARTY,ffcfeaa2-1416-4920-a1ed-543c1a1695c4,Tomorrowland Transit Authority PeopleMover,OPERATING,5,2026-08-18T23:09:30.115Z,2026-08-18T21:00,86.6,93.5,65,3,0.0,0.0,0.0,0,7.3,15.7
2026-08-18T21:00:17.636086-04:00,2026-08-18,PARTY,e76c93df-31af-49a5-8e2f-752c76c937c9,Enchanted Tales with Belle,CLOSED,,2026-08-18T21:30:28.522Z,2026-08-18T21:00,86.6,93.5,65,3,0.0,0.0,0.0,0,7.3,15.7
2026-08-18T21:00:17.636086-04:00,2026-08-18,PARTY,924a3b2c-6b4b-49e5-99d3-e9dc3f2e8a48,The Barnstormer,OPERATING,5,2026-08-18T23:43:30.106Z,2026-08-18T21:00,86.6,93.5,65,3,0.0,0.0,0.0,0,7.3,15.7
2026-08-18T21:15:14.342950-04:00,2026-08-18,PARTY,352feb94-e52e-45eb-9c92-e4b44c6b1a9d,Pirates of the Caribbean,OPERATING,5,2026-08-18T22:30:28.871Z,2026-08-18T21:15,86.4,92.7,69,3,0.0,0.0,0.0,0,10.8,23.0
2026-08-18T21:15:14.342950-04:00,2026-08-18,PARTY,86a41273-5f15-4b54-93b6-829f140e5161,Peter Pan's Flight,OPERATING,15,2026-08-19T01:08:30.177Z,2026-08-18T21:15,86.4,92.7,69,3,0.0,0.0,0.0,0,10.8,23.0
2026-08-18T21:15:14.342950-04:00,2026-08-18,PARTY,273ddb8d-e7b5-4e34-8657-1113f49262a5,Prince Charming Regal Carrousel,OPERATING,5,2026-08-19T00:09:29.239Z,2026-08-18T21:15,86.4,92.7,69,3,0.0,0.0,0.0,0,10.8,23.0
2026-08-18T21:15:14.342950-04:00,2026-08-18,PARTY,72c7343a-f7fb-4f66-95df-c91016de7338,Buzz Lightyear’s Space Ranger Spin,DOWN,,2026-08-19T00:47:31.500Z,2026-08-18T21:15,86.4,92.7,69,3,0.0,0.0,0.0,0,10.8,23.0
2026-08-18T21:15:14.342950-04:00,2026-08-18,PARTY,f010bc01-b450-4476-a5f3-a5f2813104b2,Casey Jr. Splash 'N' Soak Station,CLOSED,,2026-08-18T22:00:00.895Z,2026-08-18T21:15,86.4,92.7,69,3,0.0,0.0,0.0,0,10.8,23.0
2026-08-18T21:15:14.342950-04:00,2026-08-18,PARTY,e39b831b-7731-49bb-815b-289b4f49a9fd,"Walt Disney World Railroad - Main Street, U.S.A.",CLOSED,,2026-08-18T21:00:28.477Z,2026-08-18T21:15,86.4,92.7,69,3,0.0,0.0,0.0,0,10.8,23.0
2026-08-18T21:15:14.342950-04:00,2026-08-18,PARTY,2ebfb38c-5cb5-4de1-86c0-f7af14188022,The Hall of Presidents,CLOSED,,2026-08-18T22:00:28.402Z,2026-08-18T21:15,86.4,92.7,69,3,0.0,0.0,0.0,0,10.8,23.0
2026-08-18T21:15:14.342950-04:00,2026-08-18,PARTY,7c5e1e02-3a44-4151-9005-44066d5ba1da,Mickey's PhilharMagic,CLOSED,,2026-08-18T22:00:28.300Z,2026-08-18T21:15,86.4,92.7,69,3,0.0,0.0,0.0,0,10.8,23.0
2026-08-18T21:15:14.342950-04:00,2026-08-18,PARTY,8183f3f2-1b59-4b9c-b634-6a863bdf8d84,Walt Disney's Carousel of Progress,REFURBISHMENT,,2026-07-23T21:50:48.516Z,2026-08-18T21:15,86.4,92.7,69,3,0.0,0.0,0.0,0,10.8,23.0
2026-08-18T21:15:14.342950-04:00,2026-08-18,PARTY,e40ac396-cbac-43f4-8752-764ed60ccceb,Walt Disney World Railroad - Fantasyland,CLOSED,,2026-08-18T21:00:28.448Z,2026-08-18T21:15,86.4,92.7,69,3,0.0,0.0,0.0,0,10.8,23.0
2026-08-18T21:15:14.342950-04:00,2026-08-18,PARTY,2551a77d-023f-4ab1-9a19-8afec0190f39,Haunted Mansion,OPERATING,20,2026-08-19T00:42:33.518Z,2026-08-18T21:15,86.4,92.7,69,3,0.0,0.0,0.0,0,10.8,23.0
2026-08-18T21:15:14.342950-04:00,2026-08-18,PARTY,96455de6-f4f1-403c-9391-bf8396979149,The Magic Carpets of Aladdin,OPERATING,5,2026-08-18T22:30:28.908Z,2026-08-18T21:15,86.4,92.7,69,3,0.0,0.0,0.0,0,10.8,23.0
2026-08-18T21:15:14.342950-04:00,2026-08-18,PARTY,f5aad2d4-a419-4384-bd9a-42f86385c750,"""it's a small world""",OPERATING,5,2026-08-19T01:05:28.992Z,2026-08-18T21:15,86.4,92.7,69,3,0.0,0.0,0.0,0,10.8,23.0
2026-08-18T21:15:14.342950-04:00,2026-08-18,PARTY,e8f0b426-7645-4ea3-8b41-b94ae7091a41,"Monsters, Inc. Laugh Floor",CLOSED,,2026-08-18T22:00:28.121Z,2026-08-18T21:15,86.4,92.7,69,3,0.0,0.0,0.0,0,10.8,23.0
2026-08-18T21:15:14.342950-04:00,2026-08-18,PARTY,de737ffc-306b-4f32-8bbb-34e5d370ec8f,A Pirate's Adventure ~ Treasures of the Seven Seas,CLOSED,,2026-08-18T22:00:28.172Z,2026-08-18T21:15,86.4,92.7,69,3,0.0,0.0,0.0,0,10.8,23.0
2026-08-18T21:15:14.342950-04:00,2026-08-18,PARTY,5a43d1a7-ad53-4d25-abfe-25625f0da304,TRON Lightcycle / Run,OPERATING,30,2026-08-19T00:50:29.850Z,2026-08-18T21:15,86.4,92.7,69,3,0.0,0.0,0.0,0,10.8,23.0
2026-08-18T21:15:14.342950-04:00,2026-08-18,PARTY,de3309ca-97d5-4211-bffe-739fed47e92f,Big Thunder Mountain Railroad,OPERATING,15,2026-08-19T00:35:31.630Z,2026-08-18T21:15,86.4,92.7,69,3,0.0,0.0,0.0,0,10.8,23.0
2026-08-18T21:15:14.342950-04:00,2026-08-18,PARTY,90d79335-c907-4069-a021-d0fe1ec73ae2,Cinderella Castle,CLOSED,,2026-08-18T22:00:00.921Z,2026-08-18T21:15,86.4,92.7,69,3,0.0,0.0,0.0,0,10.8,23.0
2026-08-18T21:15:14.342950-04:00,2026-08-18,PARTY,888fb4a4-7adf-47a1-8ba2-c258cc64fd75,Main Street Vehicles,CLOSED,,2026-08-18T20:00:27.601Z,2026-08-18T21:15,86.4,92.7,69,3,0.0,0.0,0.0,0,10.8,23.0
2026-08-18T21:15:14.342950-04:00,2026-08-18,PARTY,6fd1e225-53a0-4a80-a577-4bbc9a471075,Walt Disney's Enchanted Tiki Room,CLOSED,,2026-08-18T22:00:28.133Z,2026-08-18T21:15,86.4,92.7,69,3,0.0,0.0,0.0,0,10.8,23.0
2026-08-18T21:15:14.342950-04:00,2026-08-18,PARTY,73cb9445-0695-47a3-87ce-d08ae36b5f3c,Tiana's Bayou Adventure,OPERATING,15,2026-08-19T01:10:30.844Z,2026-08-18T21:15,86.4,92.7,69,3,0.0,0.0,0.0,0,10.8,23.0
2026-08-18T21:15:14.342950-04:00,2026-08-18,PARTY,3cba0cb4-e2a6-402c-93ee-c11ffcb127ef,Under the Sea - Journey of The Little Mermaid,OPERATING,5,2026-08-18T22:48:32.401Z,2026-08-18T21:15,86.4,92.7,69,3,0.0,0.0,0.0,0,10.8,23.0
2026-08-18T21:15:14.342950-04:00,2026-08-18,PARTY,0f57cecf-5502-4503-8bc3-ba84d3708ace,Country Bear Musical Jamboree,CLOSED,,2026-08-18T22:00:28.391Z,2026-08-18T21:15,86.4,92.7,69,3,0.0,0.0,0.0,0,10.8,23.0
2026-08-18T21:15:14.342950-04:00,2026-08-18,PARTY,890fa430-89c0-4a3f-96c9-11597888005e,Dumbo the Flying Elephant,OPERATING,5,2026-08-18T22:30:28.794Z,2026-08-18T21:15,86.4,92.7,69,3,0.0,0.0,0.0,0,10.8,23.0
2026-08-18T21:15:14.342950-04:00,2026-08-18,PARTY,f163ddcd-43e1-488d-8276-2381c1db0a39,Tomorrowland Speedway,OPERATING,10,2026-08-19T01:07:29.161Z,2026-08-18T21:15,86.4,92.7,69,3,0.0,0.0,0.0,0,10.8,23.0
2026-08-18T21:15:14.342950-04:00,2026-08-18,PARTY,9d4d5229-7142-44b6-b4fb-528920969a2c,Seven Dwarfs Mine Train,OPERATING,30,2026-08-19T00:57:30.764Z,2026-08-18T21:15,86.4,92.7,69,3,0.0,0.0,0.0,0,10.8,23.0
2026-08-18T21:15:14.342950-04:00,2026-08-18,PARTY,0d94ad60-72f0-4551-83a6-ebaecdd89737,The Many Adventures of Winnie the Pooh,OPERATING,15,2026-08-19T00:54:31.496Z,2026-08-18T21:15,86.4,92.7,69,3,0.0,0.0,0.0,0,10.8,23.0
2026-08-18T21:15:14.342950-04:00,2026-08-18,PARTY,30fe3c64-af71-4c66-a54b-aa61fd7af177,Swiss Family Treehouse,OPERATING,5,2026-08-18T22:30:28.889Z,2026-08-18T21:15,86.4,92.7,69,3,0.0,0.0,0.0,0,10.8,23.0
2026-08-18T21:15:14.342950-04:00,2026-08-18,PARTY,796b0a25-c51e-456e-9bb8-50a324e301b3,Jungle Cruise,OPERATING,10,2026-08-19T01:11:28.811Z,2026-08-18T21:15,86.4,92.7,69,3,0.0,0.0,0.0,0,10.8,23.0
2026-08-18T21:15:14.342950-04:00,2026-08-18,PARTY,0aae716c-af13-4439-b638-d75fb1649df3,Mad Tea Party,OPERATING,10,2026-08-19T01:04:31.319Z,2026-08-18T21:15,86.4,92.7,69,3,0.0,0.0,0.0,0,10.8,23.0
2026-08-18T21:15:14.342950-04:00,2026-08-18,PARTY,d9d12438-d999-4482-894b-8955fdb20ccf,Astro Orbiter,OPERATING,5,2026-08-19T01:08:30.166Z,2026-08-18T21:15,86.4,92.7,69,3,0.0,0.0,0.0,0,10.8,23.0
2026-08-18T21:15:14.342950-04:00,2026-08-18,PARTY,b2260923-9315-40fd-9c6b-44dd811dbe64,Space Mountain,OPERATING,20,2026-08-19T00:46:30.806Z,2026-08-18T21:15,86.4,92.7,69,3,0.0,0.0,0.0,0,10.8,23.0
2026-08-18T21:15:14.342950-04:00,2026-08-18,PARTY,ffcfeaa2-1416-4920-a1ed-543c1a1695c4,Tomorrowland Transit Authority PeopleMover,OPERATING,5,2026-08-18T23:09:30.115Z,2026-08-18T21:15,86.4,92.7,69,3,0.0,0.0,0.0,0,10.8,23.0
2026-08-18T21:15:14.342950-04:00,2026-08-18,PARTY,e76c93df-31af-49a5-8e2f-752c76c937c9,Enchanted Tales with Belle,CLOSED,,2026-08-18T21:30:28.522Z,2026-08-18T21:15,86.4,92.7,69,3,0.0,0.0,0.0,0,10.8,23.0
2026-08-18T21:15:14.342950-04:00,2026-08-18,PARTY,924a3b2c-6b4b-49e5-99d3-e9dc3f2e8a48,The Barnstormer,OPERATING,5,2026-08-18T23:43:30.106Z,2026-08-18T21:15,86.4,92.7,69,3,0.0,0.0,0.0,0,10.8,23.0
2026-08-18T21:30:16.838930-04:00,2026-08-18,PARTY,352feb94-e52e-45eb-9c92-e4b44c6b1a9d,Pirates of the Caribbean,OPERATING,5,2026-08-18T22:30:28.871Z,2026-08-18T21:30,85.8,93.8,73,4,0.0,0.0,0.0,0,8.5,15.7
2026-08-18T21:30:16.838930-04:00,2026-08-18,PARTY,86a41273-5f15-4b54-93b6-829f140e5161,Peter Pan's Flight,OPERATING,20,2026-08-19T01:22:35.585Z,2026-08-18T21:30,85.8,93.8,73,4,0.0,0.0,0.0,0,8.5,15.7
2026-08-18T21:30:16.838930-04:00,2026-08-18,PARTY,273ddb8d-e7b5-4e34-8657-1113f49262a5,Prince Charming Regal Carrousel,OPERATING,5,2026-08-19T00:09:29.239Z,2026-08-18T21:30,85.8,93.8,73,4,0.0,0.0,0.0,0,8.5,15.7
2026-08-18T21:30:16.838930-04:00,2026-08-18,PARTY,72c7343a-f7fb-4f66-95df-c91016de7338,Buzz Lightyear’s Space Ranger Spin,OPERATING,5,2026-08-19T01:17:31.034Z,2026-08-18T21:30,85.8,93.8,73,4,0.0,0.0,0.0,0,8.5,15.7
2026-08-18T21:30:16.838930-04:00,2026-08-18,PARTY,f010bc01-b450-4476-a5f3-a5f2813104b2,Casey Jr. Splash 'N' Soak Station,CLOSED,,2026-08-18T22:00:00.895Z,2026-08-18T21:30,85.8,93.8,73,4,0.0,0.0,0.0,0,8.5,15.7
2026-08-18T21:30:16.838930-04:00,2026-08-18,PARTY,e39b831b-7731-49bb-815b-289b4f49a9fd,"Walt Disney World Railroad - Main Street, U.S.A.",CLOSED,,2026-08-18T21:00:28.477Z,2026-08-18T21:30,85.8,93.8,73,4,0.0,0.0,0.0,0,8.5,15.7
2026-08-18T21:30:16.838930-04:00,2026-08-18,PARTY,2ebfb38c-5cb5-4de1-86c0-f7af14188022,The Hall of Presidents,CLOSED,,2026-08-18T22:00:28.402Z,2026-08-18T21:30,85.8,93.8,73,4,0.0,0.0,0.0,0,8.5,15.7
2026-08-18T21:30:16.838930-04:00,2026-08-18,PARTY,7c5e1e02-3a44-4151-9005-44066d5ba1da,Mickey's PhilharMagic,CLOSED,,2026-08-18T22:00:28.300Z,2026-08-18T21:30,85.8,93.8,73,4,0.0,0.0,0.0,0,8.5,15.7
2026-08-18T21:30:16.838930-04:00,2026-08-18,PARTY,8183f3f2-1b59-4b9c-b634-6a863bdf8d84,Walt Disney's Carousel of Progress,REFURBISHMENT,,2026-07-23T21:50:48.516Z,2026-08-18T21:30,85.8,93.8,73,4,0.0,0.0,0.0,0,8.5,15.7
2026-08-18T21:30:16.838930-04:00,2026-08-18,PARTY,e40ac396-cbac-43f4-8752-764ed60ccceb,Walt Disney World Railroad - Fantasyland,CLOSED,,2026-08-18T21:00:28.448Z,2026-08-18T21:30,85.8,93.8,73,4,0.0,0.0,0.0,0,8.5,15.7
2026-08-18T21:30:16.838930-04:00,2026-08-18,PARTY,2551a77d-023f-4ab1-9a19-8afec0190f39,Haunted Mansion,OPERATING,15,2026-08-19T01:18:30.731Z,2026-08-18T21:30,85.8,93.8,73,4,0.0,0.0,0.0,0,8.5,15.7
2026-08-18T21:30:16.838930-04:00,2026-08-18,PARTY,96455de6-f4f1-403c-9391-bf8396979149,The Magic Carpets of Aladdin,OPERATING,5,2026-08-18T22:30:28.908Z,2026-08-18T21:30,85.8,93.8,73,4,0.0,0.0,0.0,0,8.5,15.7
2026-08-18T21:30:16.838930-04:00,2026-08-18,PARTY,f5aad2d4-a419-4384-bd9a-42f86385c750,"""it's a small world""",OPERATING,5,2026-08-19T01:05:28.992Z,2026-08-18T21:30,85.8,93.8,73,4,0.0,0.0,0.0,0,8.5,15.7
2026-08-18T21:30:16.838930-04:00,2026-08-18,PARTY,e8f0b426-7645-4ea3-8b41-b94ae7091a41,"Monsters, Inc. Laugh Floor",CLOSED,,2026-08-18T22:00:28.121Z,2026-08-18T21:30,85.8,93.8,73,4,0.0,0.0,0.0,0,8.5,15.7
2026-08-18T21:30:16.838930-04:00,2026-08-18,PARTY,de737ffc-306b-4f32-8bbb-34e5d370ec8f,A Pirate's Adventure ~ Treasures of the Seven Seas,CLOSED,,2026-08-18T22:00:28.172Z,2026-08-18T21:30,85.8,93.8,73,4,0.0,0.0,0.0,0,8.5,15.7
2026-08-18T21:30:16.838930-04:00,2026-08-18,PARTY,5a43d1a7-ad53-4d25-abfe-25625f0da304,TRON Lightcycle / Run,OPERATING,45,2026-08-19T01:23:29.342Z,2026-08-18T21:30,85.8,93.8,73,4,0.0,0.0,0.0,0,8.5,15.7
2026-08-18T21:30:16.838930-04:00,2026-08-18,PARTY,de3309ca-97d5-4211-bffe-739fed47e92f,Big Thunder Mountain Railroad,OPERATING,10,2026-08-19T01:14:31.060Z,2026-08-18T21:30,85.8,93.8,73,4,0.0,0.0,0.0,0,8.5,15.7
2026-08-18T21:30:16.838930-04:00,2026-08-18,PARTY,90d79335-c907-4069-a021-d0fe1ec73ae2,Cinderella Castle,CLOSED,,2026-08-18T22:00:00.921Z,2026-08-18T21:30,85.8,93.8,73,4,0.0,0.0,0.0,0,8.5,15.7
2026-08-18T21:30:16.838930-04:00,2026-08-18,PARTY,888fb4a4-7adf-47a1-8ba2-c258cc64fd75,Main Street Vehicles,CLOSED,,2026-08-18T20:00:27.601Z,2026-08-18T21:30,85.8,93.8,73,4,0.0,0.0,0.0,0,8.5,15.7
2026-08-18T21:30:16.838930-04:00,2026-08-18,PARTY,6fd1e225-53a0-4a80-a577-4bbc9a471075,Walt Disney's Enchanted Tiki Room,CLOSED,,2026-08-18T22:00:28.133Z,2026-08-18T21:30,85.8,93.8,73,4,0.0,0.0,0.0,0,8.5,15.7
2026-08-18T21:30:16.838930-04:00,2026-08-18,PARTY,73cb9445-0695-47a3-87ce-d08ae36b5f3c,Tiana's Bayou Adventure,OPERATING,40,2026-08-19T01:26:28.955Z,2026-08-18T21:30,85.8,93.8,73,4,0.0,0.0,0.0,0,8.5,15.7
2026-08-18T21:30:16.838930-04:00,2026-08-18,PARTY,3cba0cb4-e2a6-402c-93ee-c11ffcb127ef,Under the Sea - Journey of The Little Mermaid,OPERATING,5,2026-08-18T22:48:32.401Z,2026-08-18T21:30,85.8,93.8,73,4,0.0,0.0,0.0,0,8.5,15.7
2026-08-18T21:30:16.838930-04:00,2026-08-18,PARTY,0f57cecf-5502-4503-8bc3-ba84d3708ace,Country Bear Musical Jamboree,CLOSED,,2026-08-18T22:00:28.391Z,2026-08-18T21:30,85.8,93.8,73,4,0.0,0.0,0.0,0,8.5,15.7
2026-08-18T21:30:16.838930-04:00,2026-08-18,PARTY,890fa430-89c0-4a3f-96c9-11597888005e,Dumbo the Flying Elephant,OPERATING,5,2026-08-18T22:30:28.794Z,2026-08-18T21:30,85.8,93.8,73,4,0.0,0.0,0.0,0,8.5,15.7
2026-08-18T21:30:16.838930-04:00,2026-08-18,PARTY,f163ddcd-43e1-488d-8276-2381c1db0a39,Tomorrowland Speedway,OPERATING,5,2026-08-19T01:14:31.086Z,2026-08-18T21:30,85.8,93.8,73,4,0.0,0.0,0.0,0,8.5,15.7
2026-08-18T21:30:16.838930-04:00,2026-08-18,PARTY,9d4d5229-7142-44b6-b4fb-528920969a2c,Seven Dwarfs Mine Train,OPERATING,25,2026-08-19T01:29:31.743Z,2026-08-18T21:30,85.8,93.8,73,4,0.0,0.0,0.0,0,8.5,15.7
2026-08-18T21:30:16.838930-04:00,2026-08-18,PARTY,0d94ad60-72f0-4551-83a6-ebaecdd89737,The Many Adventures of Winnie the Pooh,OPERATING,10,2026-08-19T01:17:31.049Z,2026-08-18T21:30,85.8,93.8,73,4,0.0,0.0,0.0,0,8.5,15.7
2026-08-18T21:30:16.838930-04:00,2026-08-18,PARTY,30fe3c64-af71-4c66-a54b-aa61fd7af177,Swiss Family Treehouse,OPERATING,5,2026-08-18T22:30:28.889Z,2026-08-18T21:30,85.8,93.8,73,4,0.0,0.0,0.0,0,8.5,15.7
2026-08-18T21:30:16.838930-04:00,2026-08-18,PARTY,796b0a25-c51e-456e-9bb8-50a324e301b3,Jungle Cruise,OPERATING,15,2026-08-19T01:29:31.751Z,2026-08-18T21:30,85.8,93.8,73,4,0.0,0.0,0.0,0,8.5,15.7
2026-08-18T21:30:16.838930-04:00,2026-08-18,PARTY,0aae716c-af13-4439-b638-d75fb1649df3,Mad Tea Party,DOWN,,2026-08-19T01:26:28.962Z,2026-08-18T21:30,85.8,93.8,73,4,0.0,0.0,0.0,0,8.5,15.7
2026-08-18T21:30:16.838930-04:00,2026-08-18,PARTY,d9d12438-d999-4482-894b-8955fdb20ccf,Astro Orbiter,OPERATING,5,2026-08-19T01:08:30.166Z,2026-08-18T21:30,85.8,93.8,73,4,0.0,0.0,0.0,0,8.5,15.7
2026-08-18T21:30:16.838930-04:00,2026-08-18,PARTY,b2260923-9315-40fd-9c6b-44dd811dbe64,Space Mountain,OPERATING,10,2026-08-19T01:24:32.271Z,2026-08-18T21:30,85.8,93.8,73,4,0.0,0.0,0.0,0,8.5,15.7
2026-08-18T21:30:16.838930-04:00,2026-08-18,PARTY,ffcfeaa2-1416-4920-a1ed-543c1a1695c4,Tomorrowland Transit Authority PeopleMover,OPERATING,5,2026-08-18T23:09:30.115Z,2026-08-18T21:30,85.8,93.8,73,4,0.0,0.0,0.0,0,8.5,15.7
2026-08-18T21:30:16.838930-04:00,2026-08-18,PARTY,e76c93df-31af-49a5-8e2f-752c76c937c9,Enchanted Tales with Belle,CLOSED,,2026-08-18T21:30:28.522Z,2026-08-18T21:30,85.8,93.8,73,4,0.0,0.0,0.0,0,8.5,15.7
2026-08-18T21:30:16.838930-04:00,2026-08-18,PARTY,924a3b2c-6b4b-49e5-99d3-e9dc3f2e8a48,The Barnstormer,OPERATING,5,2026-08-18T23:43:30.106Z,2026-08-18T21:30,85.8,93.8,73,4,0.0,0.0,0.0,0,8.5,15.7
2026-08-18T21:45:11.757698-04:00,2026-08-18,PARTY,352feb94-e52e-45eb-9c92-e4b44c6b1a9d,Pirates of the Caribbean,OPERATING,5,2026-08-18T22:30:28.871Z,2026-08-18T21:45,85.0,92.4,77,4,0.0,0.0,0.0,0,11.2,25.7
2026-08-18T21:45:11.757698-04:00,2026-08-18,PARTY,86a41273-5f15-4b54-93b6-829f140e5161,Peter Pan's Flight,OPERATING,15,2026-08-19T01:33:32.888Z,2026-08-18T21:45,85.0,92.4,77,4,0.0,0.0,0.0,0,11.2,25.7
2026-08-18T21:45:11.757698-04:00,2026-08-18,PARTY,273ddb8d-e7b5-4e34-8657-1113f49262a5,Prince Charming Regal Carrousel,OPERATING,5,2026-08-19T00:09:29.239Z,2026-08-18T21:45,85.0,92.4,77,4,0.0,0.0,0.0,0,11.2,25.7
2026-08-18T21:45:11.757698-04:00,2026-08-18,PARTY,72c7343a-f7fb-4f66-95df-c91016de7338,Buzz Lightyear’s Space Ranger Spin,OPERATING,5,2026-08-19T01:42:29.826Z,2026-08-18T21:45,85.0,92.4,77,4,0.0,0.0,0.0,0,11.2,25.7
2026-08-18T21:45:11.757698-04:00,2026-08-18,PARTY,f010bc01-b450-4476-a5f3-a5f2813104b2,Casey Jr. Splash 'N' Soak Station,CLOSED,,2026-08-18T22:00:00.895Z,2026-08-18T21:45,85.0,92.4,77,4,0.0,0.0,0.0,0,11.2,25.7
2026-08-18T21:45:11.757698-04:00,2026-08-18,PARTY,e39b831b-7731-49bb-815b-289b4f49a9fd,"Walt Disney World Railroad - Main Street, U.S.A.",CLOSED,,2026-08-18T21:00:28.477Z,2026-08-18T21:45,85.0,92.4,77,4,0.0,0.0,0.0,0,11.2,25.7
2026-08-18T21:45:11.757698-04:00,2026-08-18,PARTY,2ebfb38c-5cb5-4de1-86c0-f7af14188022,The Hall of Presidents,CLOSED,,2026-08-18T22:00:28.402Z,2026-08-18T21:45,85.0,92.4,77,4,0.0,0.0,0.0,0,11.2,25.7
2026-08-18T21:45:11.757698-04:00,2026-08-18,PARTY,7c5e1e02-3a44-4151-9005-44066d5ba1da,Mickey's PhilharMagic,CLOSED,,2026-08-18T22:00:28.300Z,2026-08-18T21:45,85.0,92.4,77,4,0.0,0.0,0.0,0,11.2,25.7
2026-08-18T21:45:11.757698-04:00,2026-08-18,PARTY,8183f3f2-1b59-4b9c-b634-6a863bdf8d84,Walt Disney's Carousel of Progress,REFURBISHMENT,,2026-07-23T21:50:48.516Z,2026-08-18T21:45,85.0,92.4,77,4,0.0,0.0,0.0,0,11.2,25.7
2026-08-18T21:45:11.757698-04:00,2026-08-18,PARTY,e40ac396-cbac-43f4-8752-764ed60ccceb,Walt Disney World Railroad - Fantasyland,CLOSED,,2026-08-18T21:00:28.448Z,2026-08-18T21:45,85.0,92.4,77,4,0.0,0.0,0.0,0,11.2,25.7
2026-08-18T21:45:11.757698-04:00,2026-08-18,PARTY,2551a77d-023f-4ab1-9a19-8afec0190f39,Haunted Mansion,OPERATING,10,2026-08-19T01:41:30.629Z,2026-08-18T21:45,85.0,92.4,77,4,0.0,0.0,0.0,0,11.2,25.7
2026-08-18T21:45:11.757698-04:00,2026-08-18,PARTY,96455de6-f4f1-403c-9391-bf8396979149,The Magic Carpets of Aladdin,OPERATING,5,2026-08-18T22:30:28.908Z,2026-08-18T21:45,85.0,92.4,77,4,0.0,0.0,0.0,0,11.2,25.7
2026-08-18T21:45:11.757698-04:00,2026-08-18,PARTY,f5aad2d4-a419-4384-bd9a-42f86385c750,"""it's a small world""",OPERATING,0,2026-08-19T01:33:32.880Z,2026-08-18T21:45,85.0,92.4,77,4,0.0,0.0,0.0,0,11.2,25.7
2026-08-18T21:45:11.757698-04:00,2026-08-18,PARTY,e8f0b426-7645-4ea3-8b41-b94ae7091a41,"Monsters, Inc. Laugh Floor",CLOSED,,2026-08-18T22:00:28.121Z,2026-08-18T21:45,85.0,92.4,77,4,0.0,0.0,0.0,0,11.2,25.7
2026-08-18T21:45:11.757698-04:00,2026-08-18,PARTY,de737ffc-306b-4f32-8bbb-34e5d370ec8f,A Pirate's Adventure ~ Treasures of the Seven Seas,CLOSED,,2026-08-18T22:00:28.172Z,2026-08-18T21:45,85.0,92.4,77,4,0.0,0.0,0.0,0,11.2,25.7
2026-08-18T21:45:11.757698-04:00,2026-08-18,PARTY,5a43d1a7-ad53-4d25-abfe-25625f0da304,TRON Lightcycle / Run,OPERATING,45,2026-08-19T01:23:29.342Z,2026-08-18T21:45,85.0,92.4,77,4,0.0,0.0,0.0,0,11.2,25.7
2026-08-18T21:45:11.757698-04:00,2026-08-18,PARTY,de3309ca-97d5-4211-bffe-739fed47e92f,Big Thunder Mountain Railroad,OPERATING,10,2026-08-19T01:14:31.060Z,2026-08-18T21:45,85.0,92.4,77,4,0.0,0.0,0.0,0,11.2,25.7
2026-08-18T21:45:11.757698-04:00,2026-08-18,PARTY,90d79335-c907-4069-a021-d0fe1ec73ae2,Cinderella Castle,CLOSED,,2026-08-18T22:00:00.921Z,2026-08-18T21:45,85.0,92.4,77,4,0.0,0.0,0.0,0,11.2,25.7
2026-08-18T21:45:11.757698-04:00,2026-08-18,PARTY,888fb4a4-7adf-47a1-8ba2-c258cc64fd75,Main Street Vehicles,CLOSED,,2026-08-18T20:00:27.601Z,2026-08-18T21:45,85.0,92.4,77,4,0.0,0.0,0.0,0,11.2,25.7
2026-08-18T21:45:11.757698-04:00,2026-08-18,PARTY,6fd1e225-53a0-4a80-a577-4bbc9a471075,Walt Disney's Enchanted Tiki Room,CLOSED,,2026-08-18T22:00:28.133Z,2026-08-18T21:45,85.0,92.4,77,4,0.0,0.0,0.0,0,11.2,25.7
2026-08-18T21:45:11.757698-04:00,2026-08-18,PARTY,73cb9445-0695-47a3-87ce-d08ae36b5f3c,Tiana's Bayou Adventure,OPERATING,30,2026-08-19T01:36:29.239Z,2026-08-18T21:45,85.0,92.4,77,4,0.0,0.0,0.0,0,11.2,25.7
2026-08-18T21:45:11.757698-04:00,2026-08-18,PARTY,3cba0cb4-e2a6-402c-93ee-c11ffcb127ef,Under the Sea - Journey of The Little Mermaid,OPERATING,5,2026-08-18T22:48:32.401Z,2026-08-18T21:45,85.0,92.4,77,4,0.0,0.0,0.0,0,11.2,25.7
2026-08-18T21:45:11.757698-04:00,2026-08-18,PARTY,0f57cecf-5502-4503-8bc3-ba84d3708ace,Country Bear Musical Jamboree,CLOSED,,2026-08-18T22:00:28.391Z,2026-08-18T21:45,85.0,92.4,77,4,0.0,0.0,0.0,0,11.2,25.7
2026-08-18T21:45:11.757698-04:00,2026-08-18,PARTY,890fa430-89c0-4a3f-96c9-11597888005e,Dumbo the Flying Elephant,OPERATING,5,2026-08-18T22:30:28.794Z,2026-08-18T21:45,85.0,92.4,77,4,0.0,0.0,0.0,0,11.2,25.7
2026-08-18T21:45:11.757698-04:00,2026-08-18,PARTY,f163ddcd-43e1-488d-8276-2381c1db0a39,Tomorrowland Speedway,OPERATING,10,2026-08-19T01:31:31.035Z,2026-08-18T21:45,85.0,92.4,77,4,0.0,0.0,0.0,0,11.2,25.7
2026-08-18T21:45:11.757698-04:00,2026-08-18,PARTY,9d4d5229-7142-44b6-b4fb-528920969a2c,Seven Dwarfs Mine Train,OPERATING,25,2026-08-19T01:40:30.233Z,2026-08-18T21:45,85.0,92.4,77,4,0.0,0.0,0.0,0,11.2,25.7
2026-08-18T21:45:11.757698-04:00,2026-08-18,PARTY,0d94ad60-72f0-4551-83a6-ebaecdd89737,The Many Adventures of Winnie the Pooh,OPERATING,10,2026-08-19T01:35:32.338Z,2026-08-18T21:45,85.0,92.4,77,4,0.0,0.0,0.0,0,11.2,25.7
2026-08-18T21:45:11.757698-04:00,2026-08-18,PARTY,30fe3c64-af71-4c66-a54b-aa61fd7af177,Swiss Family Treehouse,OPERATING,5,2026-08-18T22:30:28.889Z,2026-08-18T21:45,85.0,92.4,77,4,0.0,0.0,0.0,0,11.2,25.7
2026-08-18T21:45:11.757698-04:00,2026-08-18,PARTY,796b0a25-c51e-456e-9bb8-50a324e301b3,Jungle Cruise,OPERATING,15,2026-08-19T01:29:31.751Z,2026-08-18T21:45,85.0,92.4,77,4,0.0,0.0,0.0,0,11.2,25.7
2026-08-18T21:45:11.757698-04:00,2026-08-18,PARTY,0aae716c-af13-4439-b638-d75fb1649df3,Mad Tea Party,OPERATING,10,2026-08-19T01:32:31.585Z,2026-08-18T21:45,85.0,92.4,77,4,0.0,0.0,0.0,0,11.2,25.7
2026-08-18T21:45:11.757698-04:00,2026-08-18,PARTY,d9d12438-d999-4482-894b-8955fdb20ccf,Astro Orbiter,OPERATING,5,2026-08-19T01:08:30.166Z,2026-08-18T21:45,85.0,92.4,77,4,0.0,0.0,0.0,0,11.2,25.7
2026-08-18T21:45:11.757698-04:00,2026-08-18,PARTY,b2260923-9315-40fd-9c6b-44dd811dbe64,Space Mountain,OPERATING,10,2026-08-19T01:24:32.271Z,2026-08-18T21:45,85.0,92.4,77,4,0.0,0.0,0.0,0,11.2,25.7
2026-08-18T21:45:11.757698-04:00,2026-08-18,PARTY,ffcfeaa2-1416-4920-a1ed-543c1a1695c4,Tomorrowland Transit Authority PeopleMover,OPERATING,5,2026-08-18T23:09:30.115Z,2026-08-18T21:45,85.0,92.4,77,4,0.0,0.0,0.0,0,11.2,25.7
2026-08-18T21:45:11.757698-04:00,2026-08-18,PARTY,e76c93df-31af-49a5-8e2f-752c76c937c9,Enchanted Tales with Belle,CLOSED,,2026-08-18T21:30:28.522Z,2026-08-18T21:45,85.0,92.4,77,4,0.0,0.0,0.0,0,11.2,25.7
2026-08-18T21:45:11.757698-04:00,2026-08-18,PARTY,924a3b2c-6b4b-49e5-99d3-e9dc3f2e8a48,The Barnstormer,OPERATING,5,2026-08-18T23:43:30.106Z,2026-08-18T21:45,85.0,92.4,77,4,0.0,0.0,0.0,0,11.2,25.7
2026-08-18T22:00:15.569866-04:00,2026-08-18,PARTY,352feb94-e52e-45eb-9c92-e4b44c6b1a9d,Pirates of the Caribbean,OPERATING,5,2026-08-18T22:30:28.871Z,2026-08-18T22:00,84.1,91.6,80,4,0.0,0.0,0.0,0,11.5,26.4
2026-08-18T22:00:15.569866-04:00,2026-08-18,PARTY,86a41273-5f15-4b54-93b6-829f140e5161,Peter Pan's Flight,OPERATING,15,2026-08-19T01:33:32.888Z,2026-08-18T22:00,84.1,91.6,80,4,0.0,0.0,0.0,0,11.5,26.4
2026-08-18T22:00:15.569866-04:00,2026-08-18,PARTY,273ddb8d-e7b5-4e34-8657-1113f49262a5,Prince Charming Regal Carrousel,DOWN,,2026-08-19T01:52:30.666Z,2026-08-18T22:00,84.1,91.6,80,4,0.0,0.0,0.0,0,11.5,26.4
2026-08-18T22:00:15.569866-04:00,2026-08-18,PARTY,72c7343a-f7fb-4f66-95df-c91016de7338,Buzz Lightyear’s Space Ranger Spin,OPERATING,5,2026-08-19T01:42:29.826Z,2026-08-18T22:00,84.1,91.6,80,4,0.0,0.0,0.0,0,11.5,26.4
2026-08-18T22:00:15.569866-04:00,2026-08-18,PARTY,f010bc01-b450-4476-a5f3-a5f2813104b2,Casey Jr. Splash 'N' Soak Station,CLOSED,,2026-08-18T22:00:00.895Z,2026-08-18T22:00,84.1,91.6,80,4,0.0,0.0,0.0,0,11.5,26.4
2026-08-18T22:00:15.569866-04:00,2026-08-18,PARTY,e39b831b-7731-49bb-815b-289b4f49a9fd,"Walt Disney World Railroad - Main Street, U.S.A.",CLOSED,,2026-08-18T21:00:28.477Z,2026-08-18T22:00,84.1,91.6,80,4,0.0,0.0,0.0,0,11.5,26.4
2026-08-18T22:00:15.569866-04:00,2026-08-18,PARTY,2ebfb38c-5cb5-4de1-86c0-f7af14188022,The Hall of Presidents,CLOSED,,2026-08-18T22:00:28.402Z,2026-08-18T22:00,84.1,91.6,80,4,0.0,0.0,0.0,0,11.5,26.4
2026-08-18T22:00:15.569866-04:00,2026-08-18,PARTY,7c5e1e02-3a44-4151-9005-44066d5ba1da,Mickey's PhilharMagic,CLOSED,,2026-08-18T22:00:28.300Z,2026-08-18T22:00,84.1,91.6,80,4,0.0,0.0,0.0,0,11.5,26.4
2026-08-18T22:00:15.569866-04:00,2026-08-18,PARTY,8183f3f2-1b59-4b9c-b634-6a863bdf8d84,Walt Disney's Carousel of Progress,REFURBISHMENT,,2026-07-23T21:50:48.516Z,2026-08-18T22:00,84.1,91.6,80,4,0.0,0.0,0.0,0,11.5,26.4
2026-08-18T22:00:15.569866-04:00,2026-08-18,PARTY,e40ac396-cbac-43f4-8752-764ed60ccceb,Walt Disney World Railroad - Fantasyland,CLOSED,,2026-08-18T21:00:28.448Z,2026-08-18T22:00,84.1,91.6,80,4,0.0,0.0,0.0,0,11.5,26.4
2026-08-18T22:00:15.569866-04:00,2026-08-18,PARTY,2551a77d-023f-4ab1-9a19-8afec0190f39,Haunted Mansion,OPERATING,13,2026-08-19T01:55:32.421Z,2026-08-18T22:00,84.1,91.6,80,4,0.0,0.0,0.0,0,11.5,26.4
2026-08-18T22:00:15.569866-04:00,2026-08-18,PARTY,96455de6-f4f1-403c-9391-bf8396979149,The Magic Carpets of Aladdin,OPERATING,5,2026-08-18T22:30:28.908Z,2026-08-18T22:00,84.1,91.6,80,4,0.0,0.0,0.0,0,11.5,26.4
2026-08-18T22:00:15.569866-04:00,2026-08-18,PARTY,f5aad2d4-a419-4384-bd9a-42f86385c750,"""it's a small world""",OPERATING,0,2026-08-19T01:33:32.880Z,2026-08-18T22:00,84.1,91.6,80,4,0.0,0.0,0.0,0,11.5,26.4
2026-08-18T22:00:15.569866-04:00,2026-08-18,PARTY,e8f0b426-7645-4ea3-8b41-b94ae7091a41,"Monsters, Inc. Laugh Floor",CLOSED,,2026-08-18T22:00:28.121Z,2026-08-18T22:00,84.1,91.6,80,4,0.0,0.0,0.0,0,11.5,26.4
2026-08-18T22:00:15.569866-04:00,2026-08-18,PARTY,de737ffc-306b-4f32-8bbb-34e5d370ec8f,A Pirate's Adventure ~ Treasures of the Seven Seas,CLOSED,,2026-08-18T22:00:28.172Z,2026-08-18T22:00,84.1,91.6,80,4,0.0,0.0,0.0,0,11.5,26.4
2026-08-18T22:00:15.569866-04:00,2026-08-18,PARTY,5a43d1a7-ad53-4d25-abfe-25625f0da304,TRON Lightcycle / Run,OPERATING,25,2026-08-19T01:47:31.027Z,2026-08-18T22:00,84.1,91.6,80,4,0.0,0.0,0.0,0,11.5,26.4
2026-08-18T22:00:15.569866-04:00,2026-08-18,PARTY,de3309ca-97d5-4211-bffe-739fed47e92f,Big Thunder Mountain Railroad,OPERATING,10,2026-08-19T01:14:31.060Z,2026-08-18T22:00,84.1,91.6,80,4,0.0,0.0,0.0,0,11.5,26.4
2026-08-18T22:00:15.569866-04:00,2026-08-18,PARTY,90d79335-c907-4069-a021-d0fe1ec73ae2,Cinderella Castle,CLOSED,,2026-08-18T22:00:00.921Z,2026-08-18T22:00,84.1,91.6,80,4,0.0,0.0,0.0,0,11.5,26.4
2026-08-18T22:00:15.569866-04:00,2026-08-18,PARTY,888fb4a4-7adf-47a1-8ba2-c258cc64fd75,Main Street Vehicles,CLOSED,,2026-08-18T20:00:27.601Z,2026-08-18T22:00,84.1,91.6,80,4,0.0,0.0,0.0,0,11.5,26.4
2026-08-18T22:00:15.569866-04:00,2026-08-18,PARTY,6fd1e225-53a0-4a80-a577-4bbc9a471075,Walt Disney's Enchanted Tiki Room,CLOSED,,2026-08-18T22:00:28.133Z,2026-08-18T22:00,84.1,91.6,80,4,0.0,0.0,0.0,0,11.5,26.4
2026-08-18T22:00:15.569866-04:00,2026-08-18,PARTY,73cb9445-0695-47a3-87ce-d08ae36b5f3c,Tiana's Bayou Adventure,OPERATING,20,2026-08-19T01:51:35.267Z,2026-08-18T22:00,84.1,91.6,80,4,0.0,0.0,0.0,0,11.5,26.4
2026-08-18T22:00:15.569866-04:00,2026-08-18,PARTY,3cba0cb4-e2a6-402c-93ee-c11ffcb127ef,Under the Sea - Journey of The Little Mermaid,OPERATING,5,2026-08-18T22:48:32.401Z,2026-08-18T22:00,84.1,91.6,80,4,0.0,0.0,0.0,0,11.5,26.4
2026-08-18T22:00:15.569866-04:00,2026-08-18,PARTY,0f57cecf-5502-4503-8bc3-ba84d3708ace,Country Bear Musical Jamboree,CLOSED,,2026-08-18T22:00:28.391Z,2026-08-18T22:00,84.1,91.6,80,4,0.0,0.0,0.0,0,11.5,26.4
2026-08-18T22:00:15.569866-04:00,2026-08-18,PARTY,890fa430-89c0-4a3f-96c9-11597888005e,Dumbo the Flying Elephant,OPERATING,5,2026-08-18T22:30:28.794Z,2026-08-18T22:00,84.1,91.6,80,4,0.0,0.0,0.0,0,11.5,26.4
2026-08-18T22:00:15.569866-04:00,2026-08-18,PARTY,f163ddcd-43e1-488d-8276-2381c1db0a39,Tomorrowland Speedway,OPERATING,10,2026-08-19T01:31:31.035Z,2026-08-18T22:00,84.1,91.6,80,4,0.0,0.0,0.0,0,11.5,26.4
2026-08-18T22:00:15.569866-04:00,2026-08-18,PARTY,9d4d5229-7142-44b6-b4fb-528920969a2c,Seven Dwarfs Mine Train,OPERATING,15,2026-08-19T01:50:29.404Z,2026-08-18T22:00,84.1,91.6,80,4,0.0,0.0,0.0,0,11.5,26.4
2026-08-18T22:00:15.569866-04:00,2026-08-18,PARTY,0d94ad60-72f0-4551-83a6-ebaecdd89737,The Many Adventures of Winnie the Pooh,OPERATING,10,2026-08-19T01:58:31.362Z,2026-08-18T22:00,84.1,91.6,80,4,0.0,0.0,0.0,0,11.5,26.4
2026-08-18T22:00:15.569866-04:00,2026-08-18,PARTY,30fe3c64-af71-4c66-a54b-aa61fd7af177,Swiss Family Treehouse,OPERATING,5,2026-08-18T22:30:28.889Z,2026-08-18T22:00,84.1,91.6,80,4,0.0,0.0,0.0,0,11.5,26.4
2026-08-18T22:00:15.569866-04:00,2026-08-18,PARTY,796b0a25-c51e-456e-9bb8-50a324e301b3,Jungle Cruise,OPERATING,15,2026-08-19T01:29:31.751Z,2026-08-18T22:00,84.1,91.6,80,4,0.0,0.0,0.0,0,11.5,26.4
2026-08-18T22:00:15.569866-04:00,2026-08-18,PARTY,0aae716c-af13-4439-b638-d75fb1649df3,Mad Tea Party,OPERATING,5,2026-08-19T01:59:30.089Z,2026-08-18T22:00,84.1,91.6,80,4,0.0,0.0,0.0,0,11.5,26.4
2026-08-18T22:00:15.569866-04:00,2026-08-18,PARTY,d9d12438-d999-4482-894b-8955fdb20ccf,Astro Orbiter,OPERATING,5,2026-08-19T01:08:30.166Z,2026-08-18T22:00,84.1,91.6,80,4,0.0,0.0,0.0,0,11.5,26.4
2026-08-18T22:00:15.569866-04:00,2026-08-18,PARTY,b2260923-9315-40fd-9c6b-44dd811dbe64,Space Mountain,OPERATING,5,2026-08-19T01:59:30.098Z,2026-08-18T22:00,84.1,91.6,80,4,0.0,0.0,0.0,0,11.5,26.4
2026-08-18T22:00:15.569866-04:00,2026-08-18,PARTY,ffcfeaa2-1416-4920-a1ed-543c1a1695c4,Tomorrowland Transit Authority PeopleMover,OPERATING,5,2026-08-18T23:09:30.115Z,2026-08-18T22:00,84.1,91.6,80,4,0.0,0.0,0.0,0,11.5,26.4
2026-08-18T22:00:15.569866-04:00,2026-08-18,PARTY,e76c93df-31af-49a5-8e2f-752c76c937c9,Enchanted Tales with Belle,CLOSED,,2026-08-18T21:30:28.522Z,2026-08-18T22:00,84.1,91.6,80,4,0.0,0.0,0.0,0,11.5,26.4
2026-08-18T22:00:15.569866-04:00,2026-08-18,PARTY,924a3b2c-6b4b-49e5-99d3-e9dc3f2e8a48,The Barnstormer,OPERATING,5,2026-08-18T23:43:30.106Z,2026-08-18T22:00,84.1,91.6,80,4,0.0,0.0,0.0,0,11.5,26.4
2026-08-18T22:15:14.191505-04:00,2026-08-18,PARTY,86a41273-5f15-4b54-93b6-829f140e5161,Peter Pan's Flight,OPERATING,10,2026-08-19T02:01:30.107Z,2026-08-18T22:15,83.0,88.7,73,3,0.0,0.0,0.0,1,10.0,20.6
2026-08-18T22:15:14.191505-04:00,2026-08-18,PARTY,352feb94-e52e-45eb-9c92-e4b44c6b1a9d,Pirates of the Caribbean,OPERATING,5,2026-08-18T22:30:28.871Z,2026-08-18T22:15,83.0,88.7,73,3,0.0,0.0,0.0,1,10.0,20.6
2026-08-18T22:15:14.191505-04:00,2026-08-18,PARTY,273ddb8d-e7b5-4e34-8657-1113f49262a5,Prince Charming Regal Carrousel,DOWN,,2026-08-19T01:52:30.666Z,2026-08-18T22:15,83.0,88.7,73,3,0.0,0.0,0.0,1,10.0,20.6
2026-08-18T22:15:14.191505-04:00,2026-08-18,PARTY,72c7343a-f7fb-4f66-95df-c91016de7338,Buzz Lightyear’s Space Ranger Spin,OPERATING,5,2026-08-19T01:42:29.826Z,2026-08-18T22:15,83.0,88.7,73,3,0.0,0.0,0.0,1,10.0,20.6
2026-08-18T22:15:14.191505-04:00,2026-08-18,PARTY,f010bc01-b450-4476-a5f3-a5f2813104b2,Casey Jr. Splash 'N' Soak Station,CLOSED,,2026-08-18T22:00:00.895Z,2026-08-18T22:15,83.0,88.7,73,3,0.0,0.0,0.0,1,10.0,20.6
2026-08-18T22:15:14.191505-04:00,2026-08-18,PARTY,e39b831b-7731-49bb-815b-289b4f49a9fd,"Walt Disney World Railroad - Main Street, U.S.A.",CLOSED,,2026-08-18T21:00:28.477Z,2026-08-18T22:15,83.0,88.7,73,3,0.0,0.0,0.0,1,10.0,20.6
2026-08-18T22:15:14.191505-04:00,2026-08-18,PARTY,2ebfb38c-5cb5-4de1-86c0-f7af14188022,The Hall of Presidents,CLOSED,,2026-08-18T22:00:28.402Z,2026-08-18T22:15,83.0,88.7,73,3,0.0,0.0,0.0,1,10.0,20.6
2026-08-18T22:15:14.191505-04:00,2026-08-18,PARTY,7c5e1e02-3a44-4151-9005-44066d5ba1da,Mickey's PhilharMagic,CLOSED,,2026-08-18T22:00:28.300Z,2026-08-18T22:15,83.0,88.7,73,3,0.0,0.0,0.0,1,10.0,20.6
2026-08-18T22:15:14.191505-04:00,2026-08-18,PARTY,8183f3f2-1b59-4b9c-b634-6a863bdf8d84,Walt Disney's Carousel of Progress,REFURBISHMENT,,2026-07-23T21:50:48.516Z,2026-08-18T22:15,83.0,88.7,73,3,0.0,0.0,0.0,1,10.0,20.6
2026-08-18T22:15:14.191505-04:00,2026-08-18,PARTY,e40ac396-cbac-43f4-8752-764ed60ccceb,Walt Disney World Railroad - Fantasyland,CLOSED,,2026-08-18T21:00:28.448Z,2026-08-18T22:15,83.0,88.7,73,3,0.0,0.0,0.0,1,10.0,20.6
2026-08-18T22:15:14.191505-04:00,2026-08-18,PARTY,2551a77d-023f-4ab1-9a19-8afec0190f39,Haunted Mansion,OPERATING,13,2026-08-19T01:55:32.421Z,2026-08-18T22:15,83.0,88.7,73,3,0.0,0.0,0.0,1,10.0,20.6
2026-08-18T22:15:14.191505-04:00,2026-08-18,PARTY,96455de6-f4f1-403c-9391-bf8396979149,The Magic Carpets of Aladdin,OPERATING,5,2026-08-18T22:30:28.908Z,2026-08-18T22:15,83.0,88.7,73,3,0.0,0.0,0.0,1,10.0,20.6
2026-08-18T22:15:14.191505-04:00,2026-08-18,PARTY,f5aad2d4-a419-4384-bd9a-42f86385c750,"""it's a small world""",OPERATING,5,2026-08-19T02:00:31.853Z,2026-08-18T22:15,83.0,88.7,73,3,0.0,0.0,0.0,1,10.0,20.6
2026-08-18T22:15:14.191505-04:00,2026-08-18,PARTY,e8f0b426-7645-4ea3-8b41-b94ae7091a41,"Monsters, Inc. Laugh Floor",CLOSED,,2026-08-18T22:00:28.121Z,2026-08-18T22:15,83.0,88.7,73,3,0.0,0.0,0.0,1,10.0,20.6
2026-08-18T22:15:14.191505-04:00,2026-08-18,PARTY,de737ffc-306b-4f32-8bbb-34e5d370ec8f,A Pirate's Adventure ~ Treasures of the Seven Seas,CLOSED,,2026-08-18T22:00:28.172Z,2026-08-18T22:15,83.0,88.7,73,3,0.0,0.0,0.0,1,10.0,20.6
2026-08-18T22:15:14.191505-04:00,2026-08-18,PARTY,5a43d1a7-ad53-4d25-abfe-25625f0da304,TRON Lightcycle / Run,OPERATING,25,2026-08-19T01:47:31.027Z,2026-08-18T22:15,83.0,88.7,73,3,0.0,0.0,0.0,1,10.0,20.6
2026-08-18T22:15:14.191505-04:00,2026-08-18,PARTY,de3309ca-97d5-4211-bffe-739fed47e92f,Big Thunder Mountain Railroad,OPERATING,10,2026-08-19T01:14:31.060Z,2026-08-18T22:15,83.0,88.7,73,3,0.0,0.0,0.0,1,10.0,20.6
2026-08-18T22:15:14.191505-04:00,2026-08-18,PARTY,90d79335-c907-4069-a021-d0fe1ec73ae2,Cinderella Castle,CLOSED,,2026-08-18T22:00:00.921Z,2026-08-18T22:15,83.0,88.7,73,3,0.0,0.0,0.0,1,10.0,20.6
2026-08-18T22:15:14.191505-04:00,2026-08-18,PARTY,888fb4a4-7adf-47a1-8ba2-c258cc64fd75,Main Street Vehicles,CLOSED,,2026-08-18T20:00:27.601Z,2026-08-18T22:15,83.0,88.7,73,3,0.0,0.0,0.0,1,10.0,20.6
2026-08-18T22:15:14.191505-04:00,2026-08-18,PARTY,6fd1e225-53a0-4a80-a577-4bbc9a471075,Walt Disney's Enchanted Tiki Room,CLOSED,,2026-08-18T22:00:28.133Z,2026-08-18T22:15,83.0,88.7,73,3,0.0,0.0,0.0,1,10.0,20.6
2026-08-18T22:15:14.191505-04:00,2026-08-18,PARTY,73cb9445-0695-47a3-87ce-d08ae36b5f3c,Tiana's Bayou Adventure,OPERATING,20,2026-08-19T01:51:35.267Z,2026-08-18T22:15,83.0,88.7,73,3,0.0,0.0,0.0,1,10.0,20.6
2026-08-18T22:15:14.191505-04:00,2026-08-18,PARTY,3cba0cb4-e2a6-402c-93ee-c11ffcb127ef,Under the Sea - Journey of The Little Mermaid,OPERATING,5,2026-08-18T22:48:32.401Z,2026-08-18T22:15,83.0,88.7,73,3,0.0,0.0,0.0,1,10.0,20.6
2026-08-18T22:15:14.191505-04:00,2026-08-18,PARTY,0f57cecf-5502-4503-8bc3-ba84d3708ace,Country Bear Musical Jamboree,CLOSED,,2026-08-18T22:00:28.391Z,2026-08-18T22:15,83.0,88.7,73,3,0.0,0.0,0.0,1,10.0,20.6
2026-08-18T22:15:14.191505-04:00,2026-08-18,PARTY,890fa430-89c0-4a3f-96c9-11597888005e,Dumbo the Flying Elephant,OPERATING,5,2026-08-18T22:30:28.794Z,2026-08-18T22:15,83.0,88.7,73,3,0.0,0.0,0.0,1,10.0,20.6
2026-08-18T22:15:14.191505-04:00,2026-08-18,PARTY,f163ddcd-43e1-488d-8276-2381c1db0a39,Tomorrowland Speedway,OPERATING,10,2026-08-19T01:31:31.035Z,2026-08-18T22:15,83.0,88.7,73,3,0.0,0.0,0.0,1,10.0,20.6
2026-08-18T22:15:14.191505-04:00,2026-08-18,PARTY,9d4d5229-7142-44b6-b4fb-528920969a2c,Seven Dwarfs Mine Train,DOWN,,2026-08-19T02:07:30.944Z,2026-08-18T22:15,83.0,88.7,73,3,0.0,0.0,0.0,1,10.0,20.6
2026-08-18T22:15:14.191505-04:00,2026-08-18,PARTY,0d94ad60-72f0-4551-83a6-ebaecdd89737,The Many Adventures of Winnie the Pooh,OPERATING,5,2026-08-19T02:04:31.119Z,2026-08-18T22:15,83.0,88.7,73,3,0.0,0.0,0.0,1,10.0,20.6
2026-08-18T22:15:14.191505-04:00,2026-08-18,PARTY,30fe3c64-af71-4c66-a54b-aa61fd7af177,Swiss Family Treehouse,OPERATING,5,2026-08-18T22:30:28.889Z,2026-08-18T22:15,83.0,88.7,73,3,0.0,0.0,0.0,1,10.0,20.6
2026-08-18T22:15:14.191505-04:00,2026-08-18,PARTY,796b0a25-c51e-456e-9bb8-50a324e301b3,Jungle Cruise,OPERATING,5,2026-08-19T02:06:31.193Z,2026-08-18T22:15,83.0,88.7,73,3,0.0,0.0,0.0,1,10.0,20.6
2026-08-18T22:15:14.191505-04:00,2026-08-18,PARTY,0aae716c-af13-4439-b638-d75fb1649df3,Mad Tea Party,OPERATING,5,2026-08-19T01:59:30.089Z,2026-08-18T22:15,83.0,88.7,73,3,0.0,0.0,0.0,1,10.0,20.6
2026-08-18T22:15:14.191505-04:00,2026-08-18,PARTY,d9d12438-d999-4482-894b-8955fdb20ccf,Astro Orbiter,OPERATING,5,2026-08-19T01:08:30.166Z,2026-08-18T22:15,83.0,88.7,73,3,0.0,0.0,0.0,1,10.0,20.6
2026-08-18T22:15:14.191505-04:00,2026-08-18,PARTY,b2260923-9315-40fd-9c6b-44dd811dbe64,Space Mountain,OPERATING,5,2026-08-19T01:59:30.098Z,2026-08-18T22:15,83.0,88.7,73,3,0.0,0.0,0.0,1,10.0,20.6
2026-08-18T22:15:14.191505-04:00,2026-08-18,PARTY,ffcfeaa2-1416-4920-a1ed-543c1a1695c4,Tomorrowland Transit Authority PeopleMover,OPERATING,5,2026-08-18T23:09:30.115Z,2026-08-18T22:15,83.0,88.7,73,3,0.0,0.0,0.0,1,10.0,20.6
2026-08-18T22:15:14.191505-04:00,2026-08-18,PARTY,e76c93df-31af-49a5-8e2f-752c76c937c9,Enchanted Tales with Belle,CLOSED,,2026-08-18T21:30:28.522Z,2026-08-18T22:15,83.0,88.7,73,3,0.0,0.0,0.0,1,10.0,20.6
2026-08-18T22:15:14.191505-04:00,2026-08-18,PARTY,924a3b2c-6b4b-49e5-99d3-e9dc3f2e8a48,The Barnstormer,OPERATING,5,2026-08-18T23:43:30.106Z,2026-08-18T22:15,83.0,88.7,73,3,0.0,0.0,0.0,1,10.0,20.6
2026-08-18T22:30:16.119325-04:00,2026-08-18,PARTY,86a41273-5f15-4b54-93b6-829f140e5161,Peter Pan's Flight,OPERATING,15,2026-08-19T02:26:31.584Z,2026-08-18T22:30,81.4,89.0,77,3,0.0,0.0,0.0,1,5.5,10.1
2026-08-18T22:30:16.119325-04:00,2026-08-18,PARTY,352feb94-e52e-45eb-9c92-e4b44c6b1a9d,Pirates of the Caribbean,OPERATING,5,2026-08-18T22:30:28.871Z,2026-08-18T22:30,81.4,89.0,77,3,0.0,0.0,0.0,1,5.5,10.1
2026-08-18T22:30:16.119325-04:00,2026-08-18,PARTY,273ddb8d-e7b5-4e34-8657-1113f49262a5,Prince Charming Regal Carrousel,OPERATING,5,2026-08-19T02:18:31.730Z,2026-08-18T22:30,81.4,89.0,77,3,0.0,0.0,0.0,1,5.5,10.1
2026-08-18T22:30:16.119325-04:00,2026-08-18,PARTY,72c7343a-f7fb-4f66-95df-c91016de7338,Buzz Lightyear’s Space Ranger Spin,OPERATING,25,2026-08-19T02:27:29.841Z,2026-08-18T22:30,81.4,89.0,77,3,0.0,0.0,0.0,1,5.5,10.1
2026-08-18T22:30:16.119325-04:00,2026-08-18,PARTY,f010bc01-b450-4476-a5f3-a5f2813104b2,Casey Jr. Splash 'N' Soak Station,CLOSED,,2026-08-18T22:00:00.895Z,2026-08-18T22:30,81.4,89.0,77,3,0.0,0.0,0.0,1,5.5,10.1
2026-08-18T22:30:16.119325-04:00,2026-08-18,PARTY,e39b831b-7731-49bb-815b-289b4f49a9fd,"Walt Disney World Railroad - Main Street, U.S.A.",CLOSED,,2026-08-18T21:00:28.477Z,2026-08-18T22:30,81.4,89.0,77,3,0.0,0.0,0.0,1,5.5,10.1
2026-08-18T22:30:16.119325-04:00,2026-08-18,PARTY,2ebfb38c-5cb5-4de1-86c0-f7af14188022,The Hall of Presidents,CLOSED,,2026-08-18T22:00:28.402Z,2026-08-18T22:30,81.4,89.0,77,3,0.0,0.0,0.0,1,5.5,10.1
2026-08-18T22:30:16.119325-04:00,2026-08-18,PARTY,7c5e1e02-3a44-4151-9005-44066d5ba1da,Mickey's PhilharMagic,CLOSED,,2026-08-18T22:00:28.300Z,2026-08-18T22:30,81.4,89.0,77,3,0.0,0.0,0.0,1,5.5,10.1
2026-08-18T22:30:16.119325-04:00,2026-08-18,PARTY,8183f3f2-1b59-4b9c-b634-6a863bdf8d84,Walt Disney's Carousel of Progress,REFURBISHMENT,,2026-07-23T21:50:48.516Z,2026-08-18T22:30,81.4,89.0,77,3,0.0,0.0,0.0,1,5.5,10.1
2026-08-18T22:30:16.119325-04:00,2026-08-18,PARTY,e40ac396-cbac-43f4-8752-764ed60ccceb,Walt Disney World Railroad - Fantasyland,CLOSED,,2026-08-18T21:00:28.448Z,2026-08-18T22:30,81.4,89.0,77,3,0.0,0.0,0.0,1,5.5,10.1
2026-08-18T22:30:16.119325-04:00,2026-08-18,PARTY,2551a77d-023f-4ab1-9a19-8afec0190f39,Haunted Mansion,OPERATING,15,2026-08-19T02:20:31.184Z,2026-08-18T22:30,81.4,89.0,77,3,0.0,0.0,0.0,1,5.5,10.1
2026-08-18T22:30:16.119325-04:00,2026-08-18,PARTY,96455de6-f4f1-403c-9391-bf8396979149,The Magic Carpets of Aladdin,OPERATING,5,2026-08-18T22:30:28.908Z,2026-08-18T22:30,81.4,89.0,77,3,0.0,0.0,0.0,1,5.5,10.1
2026-08-18T22:30:16.119325-04:00,2026-08-18,PARTY,f5aad2d4-a419-4384-bd9a-42f86385c750,"""it's a small world""",OPERATING,0,2026-08-19T02:26:31.575Z,2026-08-18T22:30,81.4,89.0,77,3,0.0,0.0,0.0,1,5.5,10.1
2026-08-18T22:30:16.119325-04:00,2026-08-18,PARTY,e8f0b426-7645-4ea3-8b41-b94ae7091a41,"Monsters, Inc. Laugh Floor",CLOSED,,2026-08-18T22:00:28.121Z,2026-08-18T22:30,81.4,89.0,77,3,0.0,0.0,0.0,1,5.5,10.1
2026-08-18T22:30:16.119325-04:00,2026-08-18,PARTY,de737ffc-306b-4f32-8bbb-34e5d370ec8f,A Pirate's Adventure ~ Treasures of the Seven Seas,CLOSED,,2026-08-18T22:00:28.172Z,2026-08-18T22:30,81.4,89.0,77,3,0.0,0.0,0.0,1,5.5,10.1
2026-08-18T22:30:16.119325-04:00,2026-08-18,PARTY,5a43d1a7-ad53-4d25-abfe-25625f0da304,TRON Lightcycle / Run,OPERATING,50,2026-08-19T02:26:31.565Z,2026-08-18T22:30,81.4,89.0,77,3,0.0,0.0,0.0,1,5.5,10.1
2026-08-18T22:30:16.119325-04:00,2026-08-18,PARTY,de3309ca-97d5-4211-bffe-739fed47e92f,Big Thunder Mountain Railroad,OPERATING,10,2026-08-19T01:14:31.060Z,2026-08-18T22:30,81.4,89.0,77,3,0.0,0.0,0.0,1,5.5,10.1
2026-08-18T22:30:16.119325-04:00,2026-08-18,PARTY,90d79335-c907-4069-a021-d0fe1ec73ae2,Cinderella Castle,CLOSED,,2026-08-18T22:00:00.921Z,2026-08-18T22:30,81.4,89.0,77,3,0.0,0.0,0.0,1,5.5,10.1
2026-08-18T22:30:16.119325-04:00,2026-08-18,PARTY,888fb4a4-7adf-47a1-8ba2-c258cc64fd75,Main Street Vehicles,CLOSED,,2026-08-18T20:00:27.601Z,2026-08-18T22:30,81.4,89.0,77,3,0.0,0.0,0.0,1,5.5,10.1
2026-08-18T22:30:16.119325-04:00,2026-08-18,PARTY,6fd1e225-53a0-4a80-a577-4bbc9a471075,Walt Disney's Enchanted Tiki Room,CLOSED,,2026-08-18T22:00:28.133Z,2026-08-18T22:30,81.4,89.0,77,3,0.0,0.0,0.0,1,5.5,10.1
2026-08-18T22:30:16.119325-04:00,2026-08-18,PARTY,73cb9445-0695-47a3-87ce-d08ae36b5f3c,Tiana's Bayou Adventure,OPERATING,5,2026-08-19T02:22:30.065Z,2026-08-18T22:30,81.4,89.0,77,3,0.0,0.0,0.0,1,5.5,10.1
2026-08-18T22:30:16.119325-04:00,2026-08-18,PARTY,3cba0cb4-e2a6-402c-93ee-c11ffcb127ef,Under the Sea - Journey of The Little Mermaid,OPERATING,5,2026-08-18T22:48:32.401Z,2026-08-18T22:30,81.4,89.0,77,3,0.0,0.0,0.0,1,5.5,10.1
2026-08-18T22:30:16.119325-04:00,2026-08-18,PARTY,0f57cecf-5502-4503-8bc3-ba84d3708ace,Country Bear Musical Jamboree,CLOSED,,2026-08-18T22:00:28.391Z,2026-08-18T22:30,81.4,89.0,77,3,0.0,0.0,0.0,1,5.5,10.1
2026-08-18T22:30:16.119325-04:00,2026-08-18,PARTY,890fa430-89c0-4a3f-96c9-11597888005e,Dumbo the Flying Elephant,OPERATING,5,2026-08-18T22:30:28.794Z,2026-08-18T22:30,81.4,89.0,77,3,0.0,0.0,0.0,1,5.5,10.1
2026-08-18T22:30:16.119325-04:00,2026-08-18,PARTY,f163ddcd-43e1-488d-8276-2381c1db0a39,Tomorrowland Speedway,OPERATING,15,2026-08-19T02:21:32.597Z,2026-08-18T22:30,81.4,89.0,77,3,0.0,0.0,0.0,1,5.5,10.1
2026-08-18T22:30:16.119325-04:00,2026-08-18,PARTY,9d4d5229-7142-44b6-b4fb-528920969a2c,Seven Dwarfs Mine Train,OPERATING,30,2026-08-19T02:23:31.643Z,2026-08-18T22:30,81.4,89.0,77,3,0.0,0.0,0.0,1,5.5,10.1
2026-08-18T22:30:16.119325-04:00,2026-08-18,PARTY,0d94ad60-72f0-4551-83a6-ebaecdd89737,The Many Adventures of Winnie the Pooh,OPERATING,10,2026-08-19T02:18:31.742Z,2026-08-18T22:30,81.4,89.0,77,3,0.0,0.0,0.0,1,5.5,10.1
2026-08-18T22:30:16.119325-04:00,2026-08-18,PARTY,30fe3c64-af71-4c66-a54b-aa61fd7af177,Swiss Family Treehouse,OPERATING,5,2026-08-18T22:30:28.889Z,2026-08-18T22:30,81.4,89.0,77,3,0.0,0.0,0.0,1,5.5,10.1
2026-08-18T22:30:16.119325-04:00,2026-08-18,PARTY,796b0a25-c51e-456e-9bb8-50a324e301b3,Jungle Cruise,OPERATING,5,2026-08-19T02:06:31.193Z,2026-08-18T22:30,81.4,89.0,77,3,0.0,0.0,0.0,1,5.5,10.1
2026-08-18T22:30:16.119325-04:00,2026-08-18,PARTY,0aae716c-af13-4439-b638-d75fb1649df3,Mad Tea Party,OPERATING,10,2026-08-19T02:19:31.274Z,2026-08-18T22:30,81.4,89.0,77,3,0.0,0.0,0.0,1,5.5,10.1
2026-08-18T22:30:16.119325-04:00,2026-08-18,PARTY,d9d12438-d999-4482-894b-8955fdb20ccf,Astro Orbiter,OPERATING,5,2026-08-19T01:08:30.166Z,2026-08-18T22:30,81.4,89.0,77,3,0.0,0.0,0.0,1,5.5,10.1
2026-08-18T22:30:16.119325-04:00,2026-08-18,PARTY,b2260923-9315-40fd-9c6b-44dd811dbe64,Space Mountain,OPERATING,25,2026-08-19T02:24:29.791Z,2026-08-18T22:30,81.4,89.0,77,3,0.0,0.0,0.0,1,5.5,10.1
2026-08-18T22:30:16.119325-04:00,2026-08-18,PARTY,ffcfeaa2-1416-4920-a1ed-543c1a1695c4,Tomorrowland Transit Authority PeopleMover,OPERATING,5,2026-08-18T23:09:30.115Z,2026-08-18T22:30,81.4,89.0,77,3,0.0,0.0,0.0,1,5.5,10.1
2026-08-18T22:30:16.119325-04:00,2026-08-18,PARTY,e76c93df-31af-49a5-8e2f-752c76c937c9,Enchanted Tales with Belle,CLOSED,,2026-08-18T21:30:28.522Z,2026-08-18T22:30,81.4,89.0,77,3,0.0,0.0,0.0,1,5.5,10.1
2026-08-18T22:30:16.119325-04:00,2026-08-18,PARTY,924a3b2c-6b4b-49e5-99d3-e9dc3f2e8a48,The Barnstormer,OPERATING,5,2026-08-18T23:43:30.106Z,2026-08-18T22:30,81.4,89.0,77,3,0.0,0.0,0.0,1,5.5,10.1
2026-08-18T22:45:12.023995-04:00,2026-08-18,PARTY,86a41273-5f15-4b54-93b6-829f140e5161,Peter Pan's Flight,OPERATING,15,2026-08-19T02:26:31.584Z,2026-08-18T22:45,81.4,89.6,75,2,0.0,0.0,0.0,0,3.1,6.5
2026-08-18T22:45:12.023995-04:00,2026-08-18,PARTY,352feb94-e52e-45eb-9c92-e4b44c6b1a9d,Pirates of the Caribbean,OPERATING,5,2026-08-18T22:30:28.871Z,2026-08-18T22:45,81.4,89.6,75,2,0.0,0.0,0.0,0,3.1,6.5
2026-08-18T22:45:12.023995-04:00,2026-08-18,PARTY,273ddb8d-e7b5-4e34-8657-1113f49262a5,Prince Charming Regal Carrousel,OPERATING,5,2026-08-19T02:18:31.730Z,2026-08-18T22:45,81.4,89.6,75,2,0.0,0.0,0.0,0,3.1,6.5
2026-08-18T22:45:12.023995-04:00,2026-08-18,PARTY,72c7343a-f7fb-4f66-95df-c91016de7338,Buzz Lightyear’s Space Ranger Spin,OPERATING,10,2026-08-19T02:40:33.423Z,2026-08-18T22:45,81.4,89.6,75,2,0.0,0.0,0.0,0,3.1,6.5
2026-08-18T22:45:12.023995-04:00,2026-08-18,PARTY,f010bc01-b450-4476-a5f3-a5f2813104b2,Casey Jr. Splash 'N' Soak Station,CLOSED,,2026-08-18T22:00:00.895Z,2026-08-18T22:45,81.4,89.6,75,2,0.0,0.0,0.0,0,3.1,6.5
2026-08-18T22:45:12.023995-04:00,2026-08-18,PARTY,e39b831b-7731-49bb-815b-289b4f49a9fd,"Walt Disney World Railroad - Main Street, U.S.A.",CLOSED,,2026-08-18T21:00:28.477Z,2026-08-18T22:45,81.4,89.6,75,2,0.0,0.0,0.0,0,3.1,6.5
2026-08-18T22:45:12.023995-04:00,2026-08-18,PARTY,2ebfb38c-5cb5-4de1-86c0-f7af14188022,The Hall of Presidents,CLOSED,,2026-08-18T22:00:28.402Z,2026-08-18T22:45,81.4,89.6,75,2,0.0,0.0,0.0,0,3.1,6.5
2026-08-18T22:45:12.023995-04:00,2026-08-18,PARTY,7c5e1e02-3a44-4151-9005-44066d5ba1da,Mickey's PhilharMagic,CLOSED,,2026-08-18T22:00:28.300Z,2026-08-18T22:45,81.4,89.6,75,2,0.0,0.0,0.0,0,3.1,6.5
2026-08-18T22:45:12.023995-04:00,2026-08-18,PARTY,8183f3f2-1b59-4b9c-b634-6a863bdf8d84,Walt Disney's Carousel of Progress,REFURBISHMENT,,2026-07-23T21:50:48.516Z,2026-08-18T22:45,81.4,89.6,75,2,0.0,0.0,0.0,0,3.1,6.5
2026-08-18T22:45:12.023995-04:00,2026-08-18,PARTY,e40ac396-cbac-43f4-8752-764ed60ccceb,Walt Disney World Railroad - Fantasyland,CLOSED,,2026-08-18T21:00:28.448Z,2026-08-18T22:45,81.4,89.6,75,2,0.0,0.0,0.0,0,3.1,6.5
2026-08-18T22:45:12.023995-04:00,2026-08-18,PARTY,2551a77d-023f-4ab1-9a19-8afec0190f39,Haunted Mansion,OPERATING,15,2026-08-19T02:20:31.184Z,2026-08-18T22:45,81.4,89.6,75,2,0.0,0.0,0.0,0,3.1,6.5
2026-08-18T22:45:12.023995-04:00,2026-08-18,PARTY,96455de6-f4f1-403c-9391-bf8396979149,The Magic Carpets of Aladdin,OPERATING,5,2026-08-18T22:30:28.908Z,2026-08-18T22:45,81.4,89.6,75,2,0.0,0.0,0.0,0,3.1,6.5
2026-08-18T22:45:12.023995-04:00,2026-08-18,PARTY,f5aad2d4-a419-4384-bd9a-42f86385c750,"""it's a small world""",OPERATING,0,2026-08-19T02:26:31.575Z,2026-08-18T22:45,81.4,89.6,75,2,0.0,0.0,0.0,0,3.1,6.5
2026-08-18T22:45:12.023995-04:00,2026-08-18,PARTY,e8f0b426-7645-4ea3-8b41-b94ae7091a41,"Monsters, Inc. Laugh Floor",CLOSED,,2026-08-18T22:00:28.121Z,2026-08-18T22:45,81.4,89.6,75,2,0.0,0.0,0.0,0,3.1,6.5
2026-08-18T22:45:12.023995-04:00,2026-08-18,PARTY,de737ffc-306b-4f32-8bbb-34e5d370ec8f,A Pirate's Adventure ~ Treasures of the Seven Seas,CLOSED,,2026-08-18T22:00:28.172Z,2026-08-18T22:45,81.4,89.6,75,2,0.0,0.0,0.0,0,3.1,6.5
2026-08-18T22:45:12.023995-04:00,2026-08-18,PARTY,5a43d1a7-ad53-4d25-abfe-25625f0da304,TRON Lightcycle / Run,OPERATING,70,2026-08-19T02:35:31.830Z,2026-08-18T22:45,81.4,89.6,75,2,0.0,0.0,0.0,0,3.1,6.5
2026-08-18T22:45:12.023995-04:00,2026-08-18,PARTY,de3309ca-97d5-4211-bffe-739fed47e92f,Big Thunder Mountain Railroad,OPERATING,10,2026-08-19T01:14:31.060Z,2026-08-18T22:45,81.4,89.6,75,2,0.0,0.0,0.0,0,3.1,6.5
2026-08-18T22:45:12.023995-04:00,2026-08-18,PARTY,90d79335-c907-4069-a021-d0fe1ec73ae2,Cinderella Castle,CLOSED,,2026-08-18T22:00:00.921Z,2026-08-18T22:45,81.4,89.6,75,2,0.0,0.0,0.0,0,3.1,6.5
2026-08-18T22:45:12.023995-04:00,2026-08-18,PARTY,888fb4a4-7adf-47a1-8ba2-c258cc64fd75,Main Street Vehicles,CLOSED,,2026-08-18T20:00:27.601Z,2026-08-18T22:45,81.4,89.6,75,2,0.0,0.0,0.0,0,3.1,6.5
2026-08-18T22:45:12.023995-04:00,2026-08-18,PARTY,6fd1e225-53a0-4a80-a577-4bbc9a471075,Walt Disney's Enchanted Tiki Room,CLOSED,,2026-08-18T22:00:28.133Z,2026-08-18T22:45,81.4,89.6,75,2,0.0,0.0,0.0,0,3.1,6.5
2026-08-18T22:45:12.023995-04:00,2026-08-18,PARTY,73cb9445-0695-47a3-87ce-d08ae36b5f3c,Tiana's Bayou Adventure,OPERATING,10,2026-08-19T02:34:29.897Z,2026-08-18T22:45,81.4,89.6,75,2,0.0,0.0,0.0,0,3.1,6.5
2026-08-18T22:45:12.023995-04:00,2026-08-18,PARTY,3cba0cb4-e2a6-402c-93ee-c11ffcb127ef,Under the Sea - Journey of The Little Mermaid,OPERATING,5,2026-08-18T22:48:32.401Z,2026-08-18T22:45,81.4,89.6,75,2,0.0,0.0,0.0,0,3.1,6.5
2026-08-18T22:45:12.023995-04:00,2026-08-18,PARTY,0f57cecf-5502-4503-8bc3-ba84d3708ace,Country Bear Musical Jamboree,CLOSED,,2026-08-18T22:00:28.391Z,2026-08-18T22:45,81.4,89.6,75,2,0.0,0.0,0.0,0,3.1,6.5
2026-08-18T22:45:12.023995-04:00,2026-08-18,PARTY,890fa430-89c0-4a3f-96c9-11597888005e,Dumbo the Flying Elephant,OPERATING,5,2026-08-18T22:30:28.794Z,2026-08-18T22:45,81.4,89.6,75,2,0.0,0.0,0.0,0,3.1,6.5
2026-08-18T22:45:12.023995-04:00,2026-08-18,PARTY,f163ddcd-43e1-488d-8276-2381c1db0a39,Tomorrowland Speedway,OPERATING,10,2026-08-19T02:31:35.853Z,2026-08-18T22:45,81.4,89.6,75,2,0.0,0.0,0.0,0,3.1,6.5
2026-08-18T22:45:12.023995-04:00,2026-08-18,PARTY,9d4d5229-7142-44b6-b4fb-528920969a2c,Seven Dwarfs Mine Train,OPERATING,20,2026-08-19T02:29:29.878Z,2026-08-18T22:45,81.4,89.6,75,2,0.0,0.0,0.0,0,3.1,6.5
2026-08-18T22:45:12.023995-04:00,2026-08-18,PARTY,0d94ad60-72f0-4551-83a6-ebaecdd89737,The Many Adventures of Winnie the Pooh,OPERATING,5,2026-08-19T02:30:30.836Z,2026-08-18T22:45,81.4,89.6,75,2,0.0,0.0,0.0,0,3.1,6.5
2026-08-18T22:45:12.023995-04:00,2026-08-18,PARTY,30fe3c64-af71-4c66-a54b-aa61fd7af177,Swiss Family Treehouse,OPERATING,5,2026-08-18T22:30:28.889Z,2026-08-18T22:45,81.4,89.6,75,2,0.0,0.0,0.0,0,3.1,6.5
2026-08-18T22:45:12.023995-04:00,2026-08-18,PARTY,796b0a25-c51e-456e-9bb8-50a324e301b3,Jungle Cruise,OPERATING,5,2026-08-19T02:06:31.193Z,2026-08-18T22:45,81.4,89.6,75,2,0.0,0.0,0.0,0,3.1,6.5
2026-08-18T22:45:12.023995-04:00,2026-08-18,PARTY,0aae716c-af13-4439-b638-d75fb1649df3,Mad Tea Party,OPERATING,5,2026-08-19T02:30:30.819Z,2026-08-18T22:45,81.4,89.6,75,2,0.0,0.0,0.0,0,3.1,6.5
2026-08-18T22:45:12.023995-04:00,2026-08-18,PARTY,d9d12438-d999-4482-894b-8955fdb20ccf,Astro Orbiter,OPERATING,5,2026-08-19T01:08:30.166Z,2026-08-18T22:45,81.4,89.6,75,2,0.0,0.0,0.0,0,3.1,6.5
2026-08-18T22:45:12.023995-04:00,2026-08-18,PARTY,b2260923-9315-40fd-9c6b-44dd811dbe64,Space Mountain,OPERATING,10,2026-08-19T02:44:31.092Z,2026-08-18T22:45,81.4,89.6,75,2,0.0,0.0,0.0,0,3.1,6.5
2026-08-18T22:45:12.023995-04:00,2026-08-18,PARTY,ffcfeaa2-1416-4920-a1ed-543c1a1695c4,Tomorrowland Transit Authority PeopleMover,OPERATING,5,2026-08-18T23:09:30.115Z,2026-08-18T22:45,81.4,89.6,75,2,0.0,0.0,0.0,0,3.1,6.5
2026-08-18T22:45:12.023995-04:00,2026-08-18,PARTY,e76c93df-31af-49a5-8e2f-752c76c937c9,Enchanted Tales with Belle,CLOSED,,2026-08-18T21:30:28.522Z,2026-08-18T22:45,81.4,89.6,75,2,0.0,0.0,0.0,0,3.1,6.5
2026-08-18T22:45:12.023995-04:00,2026-08-18,PARTY,924a3b2c-6b4b-49e5-99d3-e9dc3f2e8a48,The Barnstormer,OPERATING,5,2026-08-18T23:43:30.106Z,2026-08-18T22:45,81.4,89.6,75,2,0.0,0.0,0.0,0,3.1,6.5
2026-08-18T23:00:14.876182-04:00,2026-08-18,PARTY,86a41273-5f15-4b54-93b6-829f140e5161,Peter Pan's Flight,OPERATING,10,2026-08-19T02:54:30.322Z,2026-08-18T23:00,81.0,87.4,75,6,0.0,0.0,0.0,0,6.7,10.1
2026-08-18T23:00:14.876182-04:00,2026-08-18,PARTY,352feb94-e52e-45eb-9c92-e4b44c6b1a9d,Pirates of the Caribbean,OPERATING,5,2026-08-18T22:30:28.871Z,2026-08-18T23:00,81.0,87.4,75,6,0.0,0.0,0.0,0,6.7,10.1
2026-08-18T23:00:14.876182-04:00,2026-08-18,PARTY,273ddb8d-e7b5-4e34-8657-1113f49262a5,Prince Charming Regal Carrousel,OPERATING,5,2026-08-19T02:18:31.730Z,2026-08-18T23:00,81.0,87.4,75,6,0.0,0.0,0.0,0,6.7,10.1
2026-08-18T23:00:14.876182-04:00,2026-08-18,PARTY,72c7343a-f7fb-4f66-95df-c91016de7338,Buzz Lightyear’s Space Ranger Spin,OPERATING,5,2026-08-19T02:54:30.234Z,2026-08-18T23:00,81.0,87.4,75,6,0.0,0.0,0.0,0,6.7,10.1
2026-08-18T23:00:14.876182-04:00,2026-08-18,PARTY,f010bc01-b450-4476-a5f3-a5f2813104b2,Casey Jr. Splash 'N' Soak Station,CLOSED,,2026-08-18T22:00:00.895Z,2026-08-18T23:00,81.0,87.4,75,6,0.0,0.0,0.0,0,6.7,10.1
2026-08-18T23:00:14.876182-04:00,2026-08-18,PARTY,e39b831b-7731-49bb-815b-289b4f49a9fd,"Walt Disney World Railroad - Main Street, U.S.A.",CLOSED,,2026-08-18T21:00:28.477Z,2026-08-18T23:00,81.0,87.4,75,6,0.0,0.0,0.0,0,6.7,10.1
2026-08-18T23:00:14.876182-04:00,2026-08-18,PARTY,2ebfb38c-5cb5-4de1-86c0-f7af14188022,The Hall of Presidents,CLOSED,,2026-08-18T22:00:28.402Z,2026-08-18T23:00,81.0,87.4,75,6,0.0,0.0,0.0,0,6.7,10.1
2026-08-18T23:00:14.876182-04:00,2026-08-18,PARTY,7c5e1e02-3a44-4151-9005-44066d5ba1da,Mickey's PhilharMagic,CLOSED,,2026-08-18T22:00:28.300Z,2026-08-18T23:00,81.0,87.4,75,6,0.0,0.0,0.0,0,6.7,10.1
2026-08-18T23:00:14.876182-04:00,2026-08-18,PARTY,8183f3f2-1b59-4b9c-b634-6a863bdf8d84,Walt Disney's Carousel of Progress,REFURBISHMENT,,2026-07-23T21:50:48.516Z,2026-08-18T23:00,81.0,87.4,75,6,0.0,0.0,0.0,0,6.7,10.1
2026-08-18T23:00:14.876182-04:00,2026-08-18,PARTY,e40ac396-cbac-43f4-8752-764ed60ccceb,Walt Disney World Railroad - Fantasyland,CLOSED,,2026-08-18T21:00:28.448Z,2026-08-18T23:00,81.0,87.4,75,6,0.0,0.0,0.0,0,6.7,10.1
2026-08-18T23:00:14.876182-04:00,2026-08-18,PARTY,2551a77d-023f-4ab1-9a19-8afec0190f39,Haunted Mansion,DOWN,,2026-08-19T02:56:29.956Z,2026-08-18T23:00,81.0,87.4,75,6,0.0,0.0,0.0,0,6.7,10.1
2026-08-18T23:00:14.876182-04:00,2026-08-18,PARTY,96455de6-f4f1-403c-9391-bf8396979149,The Magic Carpets of Aladdin,OPERATING,5,2026-08-18T22:30:28.908Z,2026-08-18T23:00,81.0,87.4,75,6,0.0,0.0,0.0,0,6.7,10.1
2026-08-18T23:00:14.876182-04:00,2026-08-18,PARTY,f5aad2d4-a419-4384-bd9a-42f86385c750,"""it's a small world""",OPERATING,0,2026-08-19T02:55:34.269Z,2026-08-18T23:00,81.0,87.4,75,6,0.0,0.0,0.0,0,6.7,10.1
2026-08-18T23:00:14.876182-04:00,2026-08-18,PARTY,e8f0b426-7645-4ea3-8b41-b94ae7091a41,"Monsters, Inc. Laugh Floor",CLOSED,,2026-08-18T22:00:28.121Z,2026-08-18T23:00,81.0,87.4,75,6,0.0,0.0,0.0,0,6.7,10.1
2026-08-18T23:00:14.876182-04:00,2026-08-18,PARTY,de737ffc-306b-4f32-8bbb-34e5d370ec8f,A Pirate's Adventure ~ Treasures of the Seven Seas,CLOSED,,2026-08-18T22:00:28.172Z,2026-08-18T23:00,81.0,87.4,75,6,0.0,0.0,0.0,0,6.7,10.1
2026-08-18T23:00:14.876182-04:00,2026-08-18,PARTY,5a43d1a7-ad53-4d25-abfe-25625f0da304,TRON Lightcycle / Run,OPERATING,30,2026-08-19T02:53:30.424Z,2026-08-18T23:00,81.0,87.4,75,6,0.0,0.0,0.0,0,6.7,10.1
2026-08-18T23:00:14.876182-04:00,2026-08-18,PARTY,de3309ca-97d5-4211-bffe-739fed47e92f,Big Thunder Mountain Railroad,OPERATING,10,2026-08-19T01:14:31.060Z,2026-08-18T23:00,81.0,87.4,75,6,0.0,0.0,0.0,0,6.7,10.1
2026-08-18T23:00:14.876182-04:00,2026-08-18,PARTY,90d79335-c907-4069-a021-d0fe1ec73ae2,Cinderella Castle,CLOSED,,2026-08-18T22:00:00.921Z,2026-08-18T23:00,81.0,87.4,75,6,0.0,0.0,0.0,0,6.7,10.1
2026-08-18T23:00:14.876182-04:00,2026-08-18,PARTY,888fb4a4-7adf-47a1-8ba2-c258cc64fd75,Main Street Vehicles,CLOSED,,2026-08-18T20:00:27.601Z,2026-08-18T23:00,81.0,87.4,75,6,0.0,0.0,0.0,0,6.7,10.1
2026-08-18T23:00:14.876182-04:00,2026-08-18,PARTY,6fd1e225-53a0-4a80-a577-4bbc9a471075,Walt Disney's Enchanted Tiki Room,CLOSED,,2026-08-18T22:00:28.133Z,2026-08-18T23:00,81.0,87.4,75,6,0.0,0.0,0.0,0,6.7,10.1
2026-08-18T23:00:14.876182-04:00,2026-08-18,PARTY,73cb9445-0695-47a3-87ce-d08ae36b5f3c,Tiana's Bayou Adventure,OPERATING,10,2026-08-19T02:34:29.897Z,2026-08-18T23:00,81.0,87.4,75,6,0.0,0.0,0.0,0,6.7,10.1
2026-08-18T23:00:14.876182-04:00,2026-08-18,PARTY,3cba0cb4-e2a6-402c-93ee-c11ffcb127ef,Under the Sea - Journey of The Little Mermaid,OPERATING,5,2026-08-18T22:48:32.401Z,2026-08-18T23:00,81.0,87.4,75,6,0.0,0.0,0.0,0,6.7,10.1
2026-08-18T23:00:14.876182-04:00,2026-08-18,PARTY,0f57cecf-5502-4503-8bc3-ba84d3708ace,Country Bear Musical Jamboree,CLOSED,,2026-08-18T22:00:28.391Z,2026-08-18T23:00,81.0,87.4,75,6,0.0,0.0,0.0,0,6.7,10.1
2026-08-18T23:00:14.876182-04:00,2026-08-18,PARTY,890fa430-89c0-4a3f-96c9-11597888005e,Dumbo the Flying Elephant,OPERATING,5,2026-08-18T22:30:28.794Z,2026-08-18T23:00,81.0,87.4,75,6,0.0,0.0,0.0,0,6.7,10.1
2026-08-18T23:00:14.876182-04:00,2026-08-18,PARTY,f163ddcd-43e1-488d-8276-2381c1db0a39,Tomorrowland Speedway,OPERATING,5,2026-08-19T02:48:29.755Z,2026-08-18T23:00,81.0,87.4,75,6,0.0,0.0,0.0,0,6.7,10.1
2026-08-18T23:00:14.876182-04:00,2026-08-18,PARTY,9d4d5229-7142-44b6-b4fb-528920969a2c,Seven Dwarfs Mine Train,OPERATING,25,2026-08-19T02:53:30.413Z,2026-08-18T23:00,81.0,87.4,75,6,0.0,0.0,0.0,0,6.7,10.1
2026-08-18T23:00:14.876182-04:00,2026-08-18,PARTY,0d94ad60-72f0-4551-83a6-ebaecdd89737,The Many Adventures of Winnie the Pooh,OPERATING,10,2026-08-19T02:57:30.486Z,2026-08-18T23:00,81.0,87.4,75,6,0.0,0.0,0.0,0,6.7,10.1
2026-08-18T23:00:14.876182-04:00,2026-08-18,PARTY,30fe3c64-af71-4c66-a54b-aa61fd7af177,Swiss Family Treehouse,OPERATING,5,2026-08-18T22:30:28.889Z,2026-08-18T23:00,81.0,87.4,75,6,0.0,0.0,0.0,0,6.7,10.1
2026-08-18T23:00:14.876182-04:00,2026-08-18,PARTY,796b0a25-c51e-456e-9bb8-50a324e301b3,Jungle Cruise,OPERATING,5,2026-08-19T02:06:31.193Z,2026-08-18T23:00,81.0,87.4,75,6,0.0,0.0,0.0,0,6.7,10.1
2026-08-18T23:00:14.876182-04:00,2026-08-18,PARTY,0aae716c-af13-4439-b638-d75fb1649df3,Mad Tea Party,OPERATING,5,2026-08-19T02:54:30.303Z,2026-08-18T23:00,81.0,87.4,75,6,0.0,0.0,0.0,0,6.7,10.1
2026-08-18T23:00:14.876182-04:00,2026-08-18,PARTY,d9d12438-d999-4482-894b-8955fdb20ccf,Astro Orbiter,OPERATING,5,2026-08-19T01:08:30.166Z,2026-08-18T23:00,81.0,87.4,75,6,0.0,0.0,0.0,0,6.7,10.1
2026-08-18T23:00:14.876182-04:00,2026-08-18,PARTY,b2260923-9315-40fd-9c6b-44dd811dbe64,Space Mountain,OPERATING,10,2026-08-19T02:44:31.092Z,2026-08-18T23:00,81.0,87.4,75,6,0.0,0.0,0.0,0,6.7,10.1
2026-08-18T23:00:14.876182-04:00,2026-08-18,PARTY,ffcfeaa2-1416-4920-a1ed-543c1a1695c4,Tomorrowland Transit Authority PeopleMover,OPERATING,5,2026-08-18T23:09:30.115Z,2026-08-18T23:00,81.0,87.4,75,6,0.0,0.0,0.0,0,6.7,10.1
2026-08-18T23:00:14.876182-04:00,2026-08-18,PARTY,e76c93df-31af-49a5-8e2f-752c76c937c9,Enchanted Tales with Belle,CLOSED,,2026-08-18T21:30:28.522Z,2026-08-18T23:00,81.0,87.4,75,6,0.0,0.0,0.0,0,6.7,10.1
2026-08-18T23:00:14.876182-04:00,2026-08-18,PARTY,924a3b2c-6b4b-49e5-99d3-e9dc3f2e8a48,The Barnstormer,OPERATING,5,2026-08-18T23:43:30.106Z,2026-08-18T23:00,81.0,87.4,75,6,0.0,0.0,0.0,0,6.7,10.1
2026-08-18T23:15:15.407283-04:00,2026-08-18,PARTY,86a41273-5f15-4b54-93b6-829f140e5161,Peter Pan's Flight,OPERATING,15,2026-08-19T03:08:31.762Z,2026-08-18T23:15,80.2,85.6,76,6,0.0,0.0,0.0,0,8.5,15.9
2026-08-18T23:15:15.407283-04:00,2026-08-18,PARTY,352feb94-e52e-45eb-9c92-e4b44c6b1a9d,Pirates of the Caribbean,OPERATING,5,2026-08-18T22:30:28.871Z,2026-08-18T23:15,80.2,85.6,76,6,0.0,0.0,0.0,0,8.5,15.9
2026-08-18T23:15:15.407283-04:00,2026-08-18,PARTY,273ddb8d-e7b5-4e34-8657-1113f49262a5,Prince Charming Regal Carrousel,OPERATING,5,2026-08-19T02:18:31.730Z,2026-08-18T23:15,80.2,85.6,76,6,0.0,0.0,0.0,0,8.5,15.9
2026-08-18T23:15:15.407283-04:00,2026-08-18,PARTY,72c7343a-f7fb-4f66-95df-c91016de7338,Buzz Lightyear’s Space Ranger Spin,OPERATING,5,2026-08-19T02:54:30.234Z,2026-08-18T23:15,80.2,85.6,76,6,0.0,0.0,0.0,0,8.5,15.9
2026-08-18T23:15:15.407283-04:00,2026-08-18,PARTY,f010bc01-b450-4476-a5f3-a5f2813104b2,Casey Jr. Splash 'N' Soak Station,CLOSED,,2026-08-18T22:00:00.895Z,2026-08-18T23:15,80.2,85.6,76,6,0.0,0.0,0.0,0,8.5,15.9
2026-08-18T23:15:15.407283-04:00,2026-08-18,PARTY,e39b831b-7731-49bb-815b-289b4f49a9fd,"Walt Disney World Railroad - Main Street, U.S.A.",CLOSED,,2026-08-18T21:00:28.477Z,2026-08-18T23:15,80.2,85.6,76,6,0.0,0.0,0.0,0,8.5,15.9
2026-08-18T23:15:15.407283-04:00,2026-08-18,PARTY,2ebfb38c-5cb5-4de1-86c0-f7af14188022,The Hall of Presidents,CLOSED,,2026-08-18T22:00:28.402Z,2026-08-18T23:15,80.2,85.6,76,6,0.0,0.0,0.0,0,8.5,15.9
2026-08-18T23:15:15.407283-04:00,2026-08-18,PARTY,7c5e1e02-3a44-4151-9005-44066d5ba1da,Mickey's PhilharMagic,CLOSED,,2026-08-18T22:00:28.300Z,2026-08-18T23:15,80.2,85.6,76,6,0.0,0.0,0.0,0,8.5,15.9
2026-08-18T23:15:15.407283-04:00,2026-08-18,PARTY,8183f3f2-1b59-4b9c-b634-6a863bdf8d84,Walt Disney's Carousel of Progress,REFURBISHMENT,,2026-07-23T21:50:48.516Z,2026-08-18T23:15,80.2,85.6,76,6,0.0,0.0,0.0,0,8.5,15.9
2026-08-18T23:15:15.407283-04:00,2026-08-18,PARTY,e40ac396-cbac-43f4-8752-764ed60ccceb,Walt Disney World Railroad - Fantasyland,CLOSED,,2026-08-18T21:00:28.448Z,2026-08-18T23:15,80.2,85.6,76,6,0.0,0.0,0.0,0,8.5,15.9
2026-08-18T23:15:15.407283-04:00,2026-08-18,PARTY,2551a77d-023f-4ab1-9a19-8afec0190f39,Haunted Mansion,OPERATING,13,2026-08-19T03:06:30.126Z,2026-08-18T23:15,80.2,85.6,76,6,0.0,0.0,0.0,0,8.5,15.9
2026-08-18T23:15:15.407283-04:00,2026-08-18,PARTY,96455de6-f4f1-403c-9391-bf8396979149,The Magic Carpets of Aladdin,OPERATING,5,2026-08-18T22:30:28.908Z,2026-08-18T23:15,80.2,85.6,76,6,0.0,0.0,0.0,0,8.5,15.9
2026-08-18T23:15:15.407283-04:00,2026-08-18,PARTY,f5aad2d4-a419-4384-bd9a-42f86385c750,"""it's a small world""",OPERATING,5,2026-08-19T03:07:30.039Z,2026-08-18T23:15,80.2,85.6,76,6,0.0,0.0,0.0,0,8.5,15.9
2026-08-18T23:15:15.407283-04:00,2026-08-18,PARTY,e8f0b426-7645-4ea3-8b41-b94ae7091a41,"Monsters, Inc. Laugh Floor",CLOSED,,2026-08-18T22:00:28.121Z,2026-08-18T23:15,80.2,85.6,76,6,0.0,0.0,0.0,0,8.5,15.9
2026-08-18T23:15:15.407283-04:00,2026-08-18,PARTY,de737ffc-306b-4f32-8bbb-34e5d370ec8f,A Pirate's Adventure ~ Treasures of the Seven Seas,CLOSED,,2026-08-18T22:00:28.172Z,2026-08-18T23:15,80.2,85.6,76,6,0.0,0.0,0.0,0,8.5,15.9
2026-08-18T23:15:15.407283-04:00,2026-08-18,PARTY,5a43d1a7-ad53-4d25-abfe-25625f0da304,TRON Lightcycle / Run,OPERATING,30,2026-08-19T02:53:30.424Z,2026-08-18T23:15,80.2,85.6,76,6,0.0,0.0,0.0,0,8.5,15.9
2026-08-18T23:15:15.407283-04:00,2026-08-18,PARTY,de3309ca-97d5-4211-bffe-739fed47e92f,Big Thunder Mountain Railroad,OPERATING,10,2026-08-19T01:14:31.060Z,2026-08-18T23:15,80.2,85.6,76,6,0.0,0.0,0.0,0,8.5,15.9
2026-08-18T23:15:15.407283-04:00,2026-08-18,PARTY,90d79335-c907-4069-a021-d0fe1ec73ae2,Cinderella Castle,CLOSED,,2026-08-18T22:00:00.921Z,2026-08-18T23:15,80.2,85.6,76,6,0.0,0.0,0.0,0,8.5,15.9
2026-08-18T23:15:15.407283-04:00,2026-08-18,PARTY,888fb4a4-7adf-47a1-8ba2-c258cc64fd75,Main Street Vehicles,CLOSED,,2026-08-18T20:00:27.601Z,2026-08-18T23:15,80.2,85.6,76,6,0.0,0.0,0.0,0,8.5,15.9
2026-08-18T23:15:15.407283-04:00,2026-08-18,PARTY,6fd1e225-53a0-4a80-a577-4bbc9a471075,Walt Disney's Enchanted Tiki Room,CLOSED,,2026-08-18T22:00:28.133Z,2026-08-18T23:15,80.2,85.6,76,6,0.0,0.0,0.0,0,8.5,15.9
2026-08-18T23:15:15.407283-04:00,2026-08-18,PARTY,73cb9445-0695-47a3-87ce-d08ae36b5f3c,Tiana's Bayou Adventure,OPERATING,10,2026-08-19T02:34:29.897Z,2026-08-18T23:15,80.2,85.6,76,6,0.0,0.0,0.0,0,8.5,15.9
2026-08-18T23:15:15.407283-04:00,2026-08-18,PARTY,3cba0cb4-e2a6-402c-93ee-c11ffcb127ef,Under the Sea - Journey of The Little Mermaid,OPERATING,5,2026-08-18T22:48:32.401Z,2026-08-18T23:15,80.2,85.6,76,6,0.0,0.0,0.0,0,8.5,15.9
2026-08-18T23:15:15.407283-04:00,2026-08-18,PARTY,0f57cecf-5502-4503-8bc3-ba84d3708ace,Country Bear Musical Jamboree,CLOSED,,2026-08-18T22:00:28.391Z,2026-08-18T23:15,80.2,85.6,76,6,0.0,0.0,0.0,0,8.5,15.9
2026-08-18T23:15:15.407283-04:00,2026-08-18,PARTY,890fa430-89c0-4a3f-96c9-11597888005e,Dumbo the Flying Elephant,OPERATING,5,2026-08-18T22:30:28.794Z,2026-08-18T23:15,80.2,85.6,76,6,0.0,0.0,0.0,0,8.5,15.9
2026-08-18T23:15:15.407283-04:00,2026-08-18,PARTY,f163ddcd-43e1-488d-8276-2381c1db0a39,Tomorrowland Speedway,OPERATING,5,2026-08-19T02:48:29.755Z,2026-08-18T23:15,80.2,85.6,76,6,0.0,0.0,0.0,0,8.5,15.9
2026-08-18T23:15:15.407283-04:00,2026-08-18,PARTY,9d4d5229-7142-44b6-b4fb-528920969a2c,Seven Dwarfs Mine Train,OPERATING,20,2026-08-19T03:01:30.236Z,2026-08-18T23:15,80.2,85.6,76,6,0.0,0.0,0.0,0,8.5,15.9
2026-08-18T23:15:15.407283-04:00,2026-08-18,PARTY,0d94ad60-72f0-4551-83a6-ebaecdd89737,The Many Adventures of Winnie the Pooh,OPERATING,10,2026-08-19T02:57:30.486Z,2026-08-18T23:15,80.2,85.6,76,6,0.0,0.0,0.0,0,8.5,15.9
2026-08-18T23:15:15.407283-04:00,2026-08-18,PARTY,30fe3c64-af71-4c66-a54b-aa61fd7af177,Swiss Family Treehouse,OPERATING,5,2026-08-18T22:30:28.889Z,2026-08-18T23:15,80.2,85.6,76,6,0.0,0.0,0.0,0,8.5,15.9
2026-08-18T23:15:15.407283-04:00,2026-08-18,PARTY,796b0a25-c51e-456e-9bb8-50a324e301b3,Jungle Cruise,OPERATING,5,2026-08-19T02:06:31.193Z,2026-08-18T23:15,80.2,85.6,76,6,0.0,0.0,0.0,0,8.5,15.9
2026-08-18T23:15:15.407283-04:00,2026-08-18,PARTY,0aae716c-af13-4439-b638-d75fb1649df3,Mad Tea Party,OPERATING,5,2026-08-19T02:54:30.303Z,2026-08-18T23:15,80.2,85.6,76,6,0.0,0.0,0.0,0,8.5,15.9
2026-08-18T23:15:15.407283-04:00,2026-08-18,PARTY,d9d12438-d999-4482-894b-8955fdb20ccf,Astro Orbiter,OPERATING,5,2026-08-19T01:08:30.166Z,2026-08-18T23:15,80.2,85.6,76,6,0.0,0.0,0.0,0,8.5,15.9
2026-08-18T23:15:15.407283-04:00,2026-08-18,PARTY,b2260923-9315-40fd-9c6b-44dd811dbe64,Space Mountain,OPERATING,10,2026-08-19T02:44:31.092Z,2026-08-18T23:15,80.2,85.6,76,6,0.0,0.0,0.0,0,8.5,15.9
2026-08-18T23:15:15.407283-04:00,2026-08-18,PARTY,ffcfeaa2-1416-4920-a1ed-543c1a1695c4,Tomorrowland Transit Authority PeopleMover,OPERATING,5,2026-08-18T23:09:30.115Z,2026-08-18T23:15,80.2,85.6,76,6,0.0,0.0,0.0,0,8.5,15.9
2026-08-18T23:15:15.407283-04:00,2026-08-18,PARTY,e76c93df-31af-49a5-8e2f-752c76c937c9,Enchanted Tales with Belle,CLOSED,,2026-08-18T21:30:28.522Z,2026-08-18T23:15,80.2,85.6,76,6,0.0,0.0,0.0,0,8.5,15.9
2026-08-18T23:15:15.407283-04:00,2026-08-18,PARTY,924a3b2c-6b4b-49e5-99d3-e9dc3f2e8a48,The Barnstormer,OPERATING,5,2026-08-18T23:43:30.106Z,2026-08-18T23:15,80.2,85.6,76,6,0.0,0.0,0.0,0,8.5,15.9
2026-08-18T23:30:17.446846-04:00,2026-08-18,PARTY,86a41273-5f15-4b54-93b6-829f140e5161,Peter Pan's Flight,OPERATING,5,2026-08-19T03:25:30.351Z,2026-08-18T23:30,80.0,86.5,77,6,0.0,0.0,0.0,0,6.3,13.0
2026-08-18T23:30:17.446846-04:00,2026-08-18,PARTY,352feb94-e52e-45eb-9c92-e4b44c6b1a9d,Pirates of the Caribbean,OPERATING,5,2026-08-18T22:30:28.871Z,2026-08-18T23:30,80.0,86.5,77,6,0.0,0.0,0.0,0,6.3,13.0
2026-08-18T23:30:17.446846-04:00,2026-08-18,PARTY,273ddb8d-e7b5-4e34-8657-1113f49262a5,Prince Charming Regal Carrousel,OPERATING,5,2026-08-19T02:18:31.730Z,2026-08-18T23:30,80.0,86.5,77,6,0.0,0.0,0.0,0,6.3,13.0
2026-08-18T23:30:17.446846-04:00,2026-08-18,PARTY,72c7343a-f7fb-4f66-95df-c91016de7338,Buzz Lightyear’s Space Ranger Spin,OPERATING,5,2026-08-19T02:54:30.234Z,2026-08-18T23:30,80.0,86.5,77,6,0.0,0.0,0.0,0,6.3,13.0
2026-08-18T23:30:17.446846-04:00,2026-08-18,PARTY,f010bc01-b450-4476-a5f3-a5f2813104b2,Casey Jr. Splash 'N' Soak Station,CLOSED,,2026-08-18T22:00:00.895Z,2026-08-18T23:30,80.0,86.5,77,6,0.0,0.0,0.0,0,6.3,13.0
2026-08-18T23:30:17.446846-04:00,2026-08-18,PARTY,e39b831b-7731-49bb-815b-289b4f49a9fd,"Walt Disney World Railroad - Main Street, U.S.A.",CLOSED,,2026-08-18T21:00:28.477Z,2026-08-18T23:30,80.0,86.5,77,6,0.0,0.0,0.0,0,6.3,13.0
2026-08-18T23:30:17.446846-04:00,2026-08-18,PARTY,2ebfb38c-5cb5-4de1-86c0-f7af14188022,The Hall of Presidents,CLOSED,,2026-08-18T22:00:28.402Z,2026-08-18T23:30,80.0,86.5,77,6,0.0,0.0,0.0,0,6.3,13.0
2026-08-18T23:30:17.446846-04:00,2026-08-18,PARTY,7c5e1e02-3a44-4151-9005-44066d5ba1da,Mickey's PhilharMagic,CLOSED,,2026-08-18T22:00:28.300Z,2026-08-18T23:30,80.0,86.5,77,6,0.0,0.0,0.0,0,6.3,13.0
2026-08-18T23:30:17.446846-04:00,2026-08-18,PARTY,8183f3f2-1b59-4b9c-b634-6a863bdf8d84,Walt Disney's Carousel of Progress,REFURBISHMENT,,2026-07-23T21:50:48.516Z,2026-08-18T23:30,80.0,86.5,77,6,0.0,0.0,0.0,0,6.3,13.0
2026-08-18T23:30:17.446846-04:00,2026-08-18,PARTY,e40ac396-cbac-43f4-8752-764ed60ccceb,Walt Disney World Railroad - Fantasyland,CLOSED,,2026-08-18T21:00:28.448Z,2026-08-18T23:30,80.0,86.5,77,6,0.0,0.0,0.0,0,6.3,13.0
2026-08-18T23:30:17.446846-04:00,2026-08-18,PARTY,2551a77d-023f-4ab1-9a19-8afec0190f39,Haunted Mansion,DOWN,,2026-08-19T03:22:31.596Z,2026-08-18T23:30,80.0,86.5,77,6,0.0,0.0,0.0,0,6.3,13.0
2026-08-18T23:30:17.446846-04:00,2026-08-18,PARTY,96455de6-f4f1-403c-9391-bf8396979149,The Magic Carpets of Aladdin,OPERATING,5,2026-08-18T22:30:28.908Z,2026-08-18T23:30,80.0,86.5,77,6,0.0,0.0,0.0,0,6.3,13.0
2026-08-18T23:30:17.446846-04:00,2026-08-18,PARTY,f5aad2d4-a419-4384-bd9a-42f86385c750,"""it's a small world""",OPERATING,5,2026-08-19T03:07:30.039Z,2026-08-18T23:30,80.0,86.5,77,6,0.0,0.0,0.0,0,6.3,13.0
2026-08-18T23:30:17.446846-04:00,2026-08-18,PARTY,e8f0b426-7645-4ea3-8b41-b94ae7091a41,"Monsters, Inc. Laugh Floor",CLOSED,,2026-08-18T22:00:28.121Z,2026-08-18T23:30,80.0,86.5,77,6,0.0,0.0,0.0,0,6.3,13.0
2026-08-18T23:30:17.446846-04:00,2026-08-18,PARTY,de737ffc-306b-4f32-8bbb-34e5d370ec8f,A Pirate's Adventure ~ Treasures of the Seven Seas,CLOSED,,2026-08-18T22:00:28.172Z,2026-08-18T23:30,80.0,86.5,77,6,0.0,0.0,0.0,0,6.3,13.0
2026-08-18T23:30:17.446846-04:00,2026-08-18,PARTY,5a43d1a7-ad53-4d25-abfe-25625f0da304,TRON Lightcycle / Run,OPERATING,25,2026-08-19T03:21:31.592Z,2026-08-18T23:30,80.0,86.5,77,6,0.0,0.0,0.0,0,6.3,13.0
2026-08-18T23:30:17.446846-04:00,2026-08-18,PARTY,de3309ca-97d5-4211-bffe-739fed47e92f,Big Thunder Mountain Railroad,OPERATING,10,2026-08-19T01:14:31.060Z,2026-08-18T23:30,80.0,86.5,77,6,0.0,0.0,0.0,0,6.3,13.0
2026-08-18T23:30:17.446846-04:00,2026-08-18,PARTY,90d79335-c907-4069-a021-d0fe1ec73ae2,Cinderella Castle,CLOSED,,2026-08-18T22:00:00.921Z,2026-08-18T23:30,80.0,86.5,77,6,0.0,0.0,0.0,0,6.3,13.0
2026-08-18T23:30:17.446846-04:00,2026-08-18,PARTY,888fb4a4-7adf-47a1-8ba2-c258cc64fd75,Main Street Vehicles,CLOSED,,2026-08-18T20:00:27.601Z,2026-08-18T23:30,80.0,86.5,77,6,0.0,0.0,0.0,0,6.3,13.0
2026-08-18T23:30:17.446846-04:00,2026-08-18,PARTY,6fd1e225-53a0-4a80-a577-4bbc9a471075,Walt Disney's Enchanted Tiki Room,CLOSED,,2026-08-18T22:00:28.133Z,2026-08-18T23:30,80.0,86.5,77,6,0.0,0.0,0.0,0,6.3,13.0
2026-08-18T23:30:17.446846-04:00,2026-08-18,PARTY,73cb9445-0695-47a3-87ce-d08ae36b5f3c,Tiana's Bayou Adventure,OPERATING,10,2026-08-19T02:34:29.897Z,2026-08-18T23:30,80.0,86.5,77,6,0.0,0.0,0.0,0,6.3,13.0
2026-08-18T23:30:17.446846-04:00,2026-08-18,PARTY,3cba0cb4-e2a6-402c-93ee-c11ffcb127ef,Under the Sea - Journey of The Little Mermaid,OPERATING,5,2026-08-18T22:48:32.401Z,2026-08-18T23:30,80.0,86.5,77,6,0.0,0.0,0.0,0,6.3,13.0
2026-08-18T23:30:17.446846-04:00,2026-08-18,PARTY,0f57cecf-5502-4503-8bc3-ba84d3708ace,Country Bear Musical Jamboree,CLOSED,,2026-08-18T22:00:28.391Z,2026-08-18T23:30,80.0,86.5,77,6,0.0,0.0,0.0,0,6.3,13.0
2026-08-18T23:30:17.446846-04:00,2026-08-18,PARTY,890fa430-89c0-4a3f-96c9-11597888005e,Dumbo the Flying Elephant,OPERATING,5,2026-08-18T22:30:28.794Z,2026-08-18T23:30,80.0,86.5,77,6,0.0,0.0,0.0,0,6.3,13.0
2026-08-18T23:30:17.446846-04:00,2026-08-18,PARTY,f163ddcd-43e1-488d-8276-2381c1db0a39,Tomorrowland Speedway,OPERATING,5,2026-08-19T02:48:29.755Z,2026-08-18T23:30,80.0,86.5,77,6,0.0,0.0,0.0,0,6.3,13.0
2026-08-18T23:30:17.446846-04:00,2026-08-18,PARTY,9d4d5229-7142-44b6-b4fb-528920969a2c,Seven Dwarfs Mine Train,OPERATING,7,2026-08-19T03:23:30.430Z,2026-08-18T23:30,80.0,86.5,77,6,0.0,0.0,0.0,0,6.3,13.0
2026-08-18T23:30:17.446846-04:00,2026-08-18,PARTY,0d94ad60-72f0-4551-83a6-ebaecdd89737,The Many Adventures of Winnie the Pooh,OPERATING,5,2026-08-19T03:18:30.454Z,2026-08-18T23:30,80.0,86.5,77,6,0.0,0.0,0.0,0,6.3,13.0
2026-08-18T23:30:17.446846-04:00,2026-08-18,PARTY,30fe3c64-af71-4c66-a54b-aa61fd7af177,Swiss Family Treehouse,OPERATING,5,2026-08-18T22:30:28.889Z,2026-08-18T23:30,80.0,86.5,77,6,0.0,0.0,0.0,0,6.3,13.0
2026-08-18T23:30:17.446846-04:00,2026-08-18,PARTY,796b0a25-c51e-456e-9bb8-50a324e301b3,Jungle Cruise,OPERATING,5,2026-08-19T02:06:31.193Z,2026-08-18T23:30,80.0,86.5,77,6,0.0,0.0,0.0,0,6.3,13.0
2026-08-18T23:30:17.446846-04:00,2026-08-18,PARTY,0aae716c-af13-4439-b638-d75fb1649df3,Mad Tea Party,OPERATING,10,2026-08-19T03:18:30.444Z,2026-08-18T23:30,80.0,86.5,77,6,0.0,0.0,0.0,0,6.3,13.0
2026-08-18T23:30:17.446846-04:00,2026-08-18,PARTY,d9d12438-d999-4482-894b-8955fdb20ccf,Astro Orbiter,OPERATING,5,2026-08-19T01:08:30.166Z,2026-08-18T23:30,80.0,86.5,77,6,0.0,0.0,0.0,0,6.3,13.0
2026-08-18T23:30:17.446846-04:00,2026-08-18,PARTY,b2260923-9315-40fd-9c6b-44dd811dbe64,Space Mountain,OPERATING,10,2026-08-19T02:44:31.092Z,2026-08-18T23:30,80.0,86.5,77,6,0.0,0.0,0.0,0,6.3,13.0
2026-08-18T23:30:17.446846-04:00,2026-08-18,PARTY,ffcfeaa2-1416-4920-a1ed-543c1a1695c4,Tomorrowland Transit Authority PeopleMover,OPERATING,5,2026-08-18T23:09:30.115Z,2026-08-18T23:30,80.0,86.5,77,6,0.0,0.0,0.0,0,6.3,13.0
2026-08-18T23:30:17.446846-04:00,2026-08-18,PARTY,e76c93df-31af-49a5-8e2f-752c76c937c9,Enchanted Tales with Belle,CLOSED,,2026-08-18T21:30:28.522Z,2026-08-18T23:30,80.0,86.5,77,6,0.0,0.0,0.0,0,6.3,13.0
2026-08-18T23:30:17.446846-04:00,2026-08-18,PARTY,924a3b2c-6b4b-49e5-99d3-e9dc3f2e8a48,The Barnstormer,OPERATING,5,2026-08-18T23:43:30.106Z,2026-08-18T23:30,80.0,86.5,77,6,0.0,0.0,0.0,0,6.3,13.0
2026-08-18T23:45:15.267940-04:00,2026-08-18,PARTY,86a41273-5f15-4b54-93b6-829f140e5161,Peter Pan's Flight,OPERATING,5,2026-08-19T03:25:30.351Z,2026-08-18T23:45,79.9,86.7,80,6,0.0,0.0,0.0,3,6.9,16.3
2026-08-18T23:45:15.267940-04:00,2026-08-18,PARTY,352feb94-e52e-45eb-9c92-e4b44c6b1a9d,Pirates of the Caribbean,OPERATING,5,2026-08-18T22:30:28.871Z,2026-08-18T23:45,79.9,86.7,80,6,0.0,0.0,0.0,3,6.9,16.3
2026-08-18T23:45:15.267940-04:00,2026-08-18,PARTY,273ddb8d-e7b5-4e34-8657-1113f49262a5,Prince Charming Regal Carrousel,OPERATING,5,2026-08-19T02:18:31.730Z,2026-08-18T23:45,79.9,86.7,80,6,0.0,0.0,0.0,3,6.9,16.3
2026-08-18T23:45:15.267940-04:00,2026-08-18,PARTY,72c7343a-f7fb-4f66-95df-c91016de7338,Buzz Lightyear’s Space Ranger Spin,OPERATING,5,2026-08-19T02:54:30.234Z,2026-08-18T23:45,79.9,86.7,80,6,0.0,0.0,0.0,3,6.9,16.3
2026-08-18T23:45:15.267940-04:00,2026-08-18,PARTY,f010bc01-b450-4476-a5f3-a5f2813104b2,Casey Jr. Splash 'N' Soak Station,CLOSED,,2026-08-18T22:00:00.895Z,2026-08-18T23:45,79.9,86.7,80,6,0.0,0.0,0.0,3,6.9,16.3
2026-08-18T23:45:15.267940-04:00,2026-08-18,PARTY,e39b831b-7731-49bb-815b-289b4f49a9fd,"Walt Disney World Railroad - Main Street, U.S.A.",CLOSED,,2026-08-18T21:00:28.477Z,2026-08-18T23:45,79.9,86.7,80,6,0.0,0.0,0.0,3,6.9,16.3
2026-08-18T23:45:15.267940-04:00,2026-08-18,PARTY,2ebfb38c-5cb5-4de1-86c0-f7af14188022,The Hall of Presidents,CLOSED,,2026-08-18T22:00:28.402Z,2026-08-18T23:45,79.9,86.7,80,6,0.0,0.0,0.0,3,6.9,16.3
2026-08-18T23:45:15.267940-04:00,2026-08-18,PARTY,7c5e1e02-3a44-4151-9005-44066d5ba1da,Mickey's PhilharMagic,CLOSED,,2026-08-18T22:00:28.300Z,2026-08-18T23:45,79.9,86.7,80,6,0.0,0.0,0.0,3,6.9,16.3
2026-08-18T23:45:15.267940-04:00,2026-08-18,PARTY,8183f3f2-1b59-4b9c-b634-6a863bdf8d84,Walt Disney's Carousel of Progress,REFURBISHMENT,,2026-07-23T21:50:48.516Z,2026-08-18T23:45,79.9,86.7,80,6,0.0,0.0,0.0,3,6.9,16.3
2026-08-18T23:45:15.267940-04:00,2026-08-18,PARTY,e40ac396-cbac-43f4-8752-764ed60ccceb,Walt Disney World Railroad - Fantasyland,CLOSED,,2026-08-18T21:00:28.448Z,2026-08-18T23:45,79.9,86.7,80,6,0.0,0.0,0.0,3,6.9,16.3
2026-08-18T23:45:15.267940-04:00,2026-08-18,PARTY,2551a77d-023f-4ab1-9a19-8afec0190f39,Haunted Mansion,DOWN,,2026-08-19T03:22:31.596Z,2026-08-18T23:45,79.9,86.7,80,6,0.0,0.0,0.0,3,6.9,16.3
2026-08-18T23:45:15.267940-04:00,2026-08-18,PARTY,96455de6-f4f1-403c-9391-bf8396979149,The Magic Carpets of Aladdin,OPERATING,5,2026-08-18T22:30:28.908Z,2026-08-18T23:45,79.9,86.7,80,6,0.0,0.0,0.0,3,6.9,16.3
2026-08-18T23:45:15.267940-04:00,2026-08-18,PARTY,f5aad2d4-a419-4384-bd9a-42f86385c750,"""it's a small world""",OPERATING,5,2026-08-19T03:07:30.039Z,2026-08-18T23:45,79.9,86.7,80,6,0.0,0.0,0.0,3,6.9,16.3
2026-08-18T23:45:15.267940-04:00,2026-08-18,PARTY,e8f0b426-7645-4ea3-8b41-b94ae7091a41,"Monsters, Inc. Laugh Floor",CLOSED,,2026-08-18T22:00:28.121Z,2026-08-18T23:45,79.9,86.7,80,6,0.0,0.0,0.0,3,6.9,16.3
2026-08-18T23:45:15.267940-04:00,2026-08-18,PARTY,de737ffc-306b-4f32-8bbb-34e5d370ec8f,A Pirate's Adventure ~ Treasures of the Seven Seas,CLOSED,,2026-08-18T22:00:28.172Z,2026-08-18T23:45,79.9,86.7,80,6,0.0,0.0,0.0,3,6.9,16.3
2026-08-18T23:45:15.267940-04:00,2026-08-18,PARTY,5a43d1a7-ad53-4d25-abfe-25625f0da304,TRON Lightcycle / Run,OPERATING,25,2026-08-19T03:21:31.592Z,2026-08-18T23:45,79.9,86.7,80,6,0.0,0.0,0.0,3,6.9,16.3
2026-08-18T23:45:15.267940-04:00,2026-08-18,PARTY,de3309ca-97d5-4211-bffe-739fed47e92f,Big Thunder Mountain Railroad,OPERATING,10,2026-08-19T01:14:31.060Z,2026-08-18T23:45,79.9,86.7,80,6,0.0,0.0,0.0,3,6.9,16.3
2026-08-18T23:45:15.267940-04:00,2026-08-18,PARTY,90d79335-c907-4069-a021-d0fe1ec73ae2,Cinderella Castle,CLOSED,,2026-08-18T22:00:00.921Z,2026-08-18T23:45,79.9,86.7,80,6,0.0,0.0,0.0,3,6.9,16.3
2026-08-18T23:45:15.267940-04:00,2026-08-18,PARTY,888fb4a4-7adf-47a1-8ba2-c258cc64fd75,Main Street Vehicles,CLOSED,,2026-08-18T20:00:27.601Z,2026-08-18T23:45,79.9,86.7,80,6,0.0,0.0,0.0,3,6.9,16.3
2026-08-18T23:45:15.267940-04:00,2026-08-18,PARTY,6fd1e225-53a0-4a80-a577-4bbc9a471075,Walt Disney's Enchanted Tiki Room,CLOSED,,2026-08-18T22:00:28.133Z,2026-08-18T23:45,79.9,86.7,80,6,0.0,0.0,0.0,3,6.9,16.3
2026-08-18T23:45:15.267940-04:00,2026-08-18,PARTY,73cb9445-0695-47a3-87ce-d08ae36b5f3c,Tiana's Bayou Adventure,OPERATING,10,2026-08-19T02:34:29.897Z,2026-08-18T23:45,79.9,86.7,80,6,0.0,0.0,0.0,3,6.9,16.3
2026-08-18T23:45:15.267940-04:00,2026-08-18,PARTY,3cba0cb4-e2a6-402c-93ee-c11ffcb127ef,Under the Sea - Journey of The Little Mermaid,OPERATING,5,2026-08-18T22:48:32.401Z,2026-08-18T23:45,79.9,86.7,80,6,0.0,0.0,0.0,3,6.9,16.3
2026-08-18T23:45:15.267940-04:00,2026-08-18,PARTY,0f57cecf-5502-4503-8bc3-ba84d3708ace,Country Bear Musical Jamboree,CLOSED,,2026-08-18T22:00:28.391Z,2026-08-18T23:45,79.9,86.7,80,6,0.0,0.0,0.0,3,6.9,16.3
2026-08-18T23:45:15.267940-04:00,2026-08-18,PARTY,890fa430-89c0-4a3f-96c9-11597888005e,Dumbo the Flying Elephant,OPERATING,5,2026-08-18T22:30:28.794Z,2026-08-18T23:45,79.9,86.7,80,6,0.0,0.0,0.0,3,6.9,16.3
2026-08-18T23:45:15.267940-04:00,2026-08-18,PARTY,f163ddcd-43e1-488d-8276-2381c1db0a39,Tomorrowland Speedway,OPERATING,5,2026-08-19T02:48:29.755Z,2026-08-18T23:45,79.9,86.7,80,6,0.0,0.0,0.0,3,6.9,16.3
2026-08-18T23:45:15.267940-04:00,2026-08-18,PARTY,9d4d5229-7142-44b6-b4fb-528920969a2c,Seven Dwarfs Mine Train,OPERATING,7,2026-08-19T03:23:30.430Z,2026-08-18T23:45,79.9,86.7,80,6,0.0,0.0,0.0,3,6.9,16.3
2026-08-18T23:45:15.267940-04:00,2026-08-18,PARTY,0d94ad60-72f0-4551-83a6-ebaecdd89737,The Many Adventures of Winnie the Pooh,OPERATING,5,2026-08-19T03:18:30.454Z,2026-08-18T23:45,79.9,86.7,80,6,0.0,0.0,0.0,3,6.9,16.3
2026-08-18T23:45:15.267940-04:00,2026-08-18,PARTY,30fe3c64-af71-4c66-a54b-aa61fd7af177,Swiss Family Treehouse,OPERATING,5,2026-08-18T22:30:28.889Z,2026-08-18T23:45,79.9,86.7,80,6,0.0,0.0,0.0,3,6.9,16.3
2026-08-18T23:45:15.267940-04:00,2026-08-18,PARTY,796b0a25-c51e-456e-9bb8-50a324e301b3,Jungle Cruise,OPERATING,5,2026-08-19T02:06:31.193Z,2026-08-18T23:45,79.9,86.7,80,6,0.0,0.0,0.0,3,6.9,16.3
2026-08-18T23:45:15.267940-04:00,2026-08-18,PARTY,0aae716c-af13-4439-b638-d75fb1649df3,Mad Tea Party,OPERATING,5,2026-08-19T03:41:32.909Z,2026-08-18T23:45,79.9,86.7,80,6,0.0,0.0,0.0,3,6.9,16.3
2026-08-18T23:45:15.267940-04:00,2026-08-18,PARTY,d9d12438-d999-4482-894b-8955fdb20ccf,Astro Orbiter,OPERATING,5,2026-08-19T01:08:30.166Z,2026-08-18T23:45,79.9,86.7,80,6,0.0,0.0,0.0,3,6.9,16.3
2026-08-18T23:45:15.267940-04:00,2026-08-18,PARTY,b2260923-9315-40fd-9c6b-44dd811dbe64,Space Mountain,OPERATING,10,2026-08-19T02:44:31.092Z,2026-08-18T23:45,79.9,86.7,80,6,0.0,0.0,0.0,3,6.9,16.3
2026-08-18T23:45:15.267940-04:00,2026-08-18,PARTY,ffcfeaa2-1416-4920-a1ed-543c1a1695c4,Tomorrowland Transit Authority PeopleMover,OPERATING,5,2026-08-18T23:09:30.115Z,2026-08-18T23:45,79.9,86.7,80,6,0.0,0.0,0.0,3,6.9,16.3
2026-08-18T23:45:15.267940-04:00,2026-08-18,PARTY,e76c93df-31af-49a5-8e2f-752c76c937c9,Enchanted Tales with Belle,CLOSED,,2026-08-18T21:30:28.522Z,2026-08-18T23:45,79.9,86.7,80,6,0.0,0.0,0.0,3,6.9,16.3
2026-08-18T23:45:15.267940-04:00,2026-08-18,PARTY,924a3b2c-6b4b-49e5-99d3-e9dc3f2e8a48,The Barnstormer,OPERATING,5,2026-08-18T23:43:30.106Z,2026-08-18T23:45,79.9,86.7,80,6,0.0,0.0,0.0,3,6.9,16.3
2026-08-21T16:00:18.264308-04:00,2026-08-21,PRE_PARTY,d9d12438-d999-4482-894b-8955fdb20ccf,Astro Orbiter,OPERATING,5,2026-08-21T18:14:12.464Z,2026-08-21T16:00,91.4,96.4,52,14,0.0,0.0,0.0,3,8.7,11.0
2026-08-21T16:00:18.264308-04:00,2026-08-21,PRE_PARTY,0f57cecf-5502-4503-8bc3-ba84d3708ace,Country Bear Musical Jamboree,OPERATING,10,2026-08-21T13:00:59.967Z,2026-08-21T16:00,91.4,96.4,52,14,0.0,0.0,0.0,3,8.7,11.0
2026-08-21T16:00:18.264308-04:00,2026-08-21,PRE_PARTY,6fd1e225-53a0-4a80-a577-4bbc9a471075,Walt Disney's Enchanted Tiki Room,OPERATING,10,2026-08-21T13:00:59.771Z,2026-08-21T16:00,91.4,96.4,52,14,0.0,0.0,0.0,3,8.7,11.0
2026-08-21T16:00:18.264308-04:00,2026-08-21,PRE_PARTY,f010bc01-b450-4476-a5f3-a5f2813104b2,Casey Jr. Splash 'N' Soak Station,OPERATING,,2026-08-21T12:00:00.687Z,2026-08-21T16:00,91.4,96.4,52,14,0.0,0.0,0.0,3,8.7,11.0
2026-08-21T16:00:18.264308-04:00,2026-08-21,PRE_PARTY,e39b831b-7731-49bb-815b-289b4f49a9fd,"Walt Disney World Railroad - Main Street, U.S.A.",OPERATING,15,2026-08-21T13:20:58.231Z,2026-08-21T16:00,91.4,96.4,52,14,0.0,0.0,0.0,3,8.7,11.0
2026-08-21T16:00:18.264308-04:00,2026-08-21,PRE_PARTY,796b0a25-c51e-456e-9bb8-50a324e301b3,Jungle Cruise,OPERATING,25,2026-08-21T19:32:07.998Z,2026-08-21T16:00,91.4,96.4,52,14,0.0,0.0,0.0,3,8.7,11.0
2026-08-21T16:00:18.264308-04:00,2026-08-21,PRE_PARTY,8183f3f2-1b59-4b9c-b634-6a863bdf8d84,Walt Disney's Carousel of Progress,REFURBISHMENT,,2026-07-23T21:50:48.516Z,2026-08-21T16:00,91.4,96.4,52,14,0.0,0.0,0.0,3,8.7,11.0
2026-08-21T16:00:18.264308-04:00,2026-08-21,PRE_PARTY,86a41273-5f15-4b54-93b6-829f140e5161,Peter Pan's Flight,OPERATING,45,2026-08-21T19:36:08.948Z,2026-08-21T16:00,91.4,96.4,52,14,0.0,0.0,0.0,3,8.7,11.0
2026-08-21T16:00:18.264308-04:00,2026-08-21,PRE_PARTY,e40ac396-cbac-43f4-8752-764ed60ccceb,Walt Disney World Railroad - Fantasyland,OPERATING,15,2026-08-21T13:20:58.192Z,2026-08-21T16:00,91.4,96.4,52,14,0.0,0.0,0.0,3,8.7,11.0
2026-08-21T16:00:18.264308-04:00,2026-08-21,PRE_PARTY,2551a77d-023f-4ab1-9a19-8afec0190f39,Haunted Mansion,OPERATING,15,2026-08-21T19:54:32.204Z,2026-08-21T16:00,91.4,96.4,52,14,0.0,0.0,0.0,3,8.7,11.0
2026-08-21T16:00:18.264308-04:00,2026-08-21,PRE_PARTY,0d94ad60-72f0-4551-83a6-ebaecdd89737,The Many Adventures of Winnie the Pooh,OPERATING,25,2026-08-21T19:46:10.248Z,2026-08-21T16:00,91.4,96.4,52,14,0.0,0.0,0.0,3,8.7,11.0
2026-08-21T16:00:18.264308-04:00,2026-08-21,PRE_PARTY,924a3b2c-6b4b-49e5-99d3-e9dc3f2e8a48,The Barnstormer,OPERATING,5,2026-08-21T19:54:31.930Z,2026-08-21T16:00,91.4,96.4,52,14,0.0,0.0,0.0,3,8.7,11.0
2026-08-21T16:00:18.264308-04:00,2026-08-21,PRE_PARTY,72c7343a-f7fb-4f66-95df-c91016de7338,Buzz Lightyear’s Space Ranger Spin,OPERATING,40,2026-08-21T19:50:59.918Z,2026-08-21T16:00,91.4,96.4,52,14,0.0,0.0,0.0,3,8.7,11.0
2026-08-21T16:00:18.264308-04:00,2026-08-21,PRE_PARTY,3cba0cb4-e2a6-402c-93ee-c11ffcb127ef,Under the Sea - Journey of The Little Mermaid,OPERATING,5,2026-08-21T19:54:31.959Z,2026-08-21T16:00,91.4,96.4,52,14,0.0,0.0,0.0,3,8.7,11.0
2026-08-21T16:00:18.264308-04:00,2026-08-21,PRE_PARTY,73cb9445-0695-47a3-87ce-d08ae36b5f3c,Tiana's Bayou Adventure,OPERATING,35,2026-08-21T19:54:32.036Z,2026-08-21T16:00,91.4,96.4,52,14,0.0,0.0,0.0,3,8.7,11.0
2026-08-21T16:00:18.264308-04:00,2026-08-21,PRE_PARTY,890fa430-89c0-4a3f-96c9-11597888005e,Dumbo the Flying Elephant,OPERATING,5,2026-08-21T19:54:32.074Z,2026-08-21T16:00,91.4,96.4,52,14,0.0,0.0,0.0,3,8.7,11.0
2026-08-21T16:00:18.264308-04:00,2026-08-21,PRE_PARTY,f5aad2d4-a419-4384-bd9a-42f86385c750,"""it's a small world""",OPERATING,5,2026-08-21T19:54:32.085Z,2026-08-21T16:00,91.4,96.4,52,14,0.0,0.0,0.0,3,8.7,11.0
2026-08-21T16:00:18.264308-04:00,2026-08-21,PRE_PARTY,2ebfb38c-5cb5-4de1-86c0-f7af14188022,The Hall of Presidents,OPERATING,15,2026-08-21T16:10:14.553Z,2026-08-21T16:00,91.4,96.4,52,14,0.0,0.0,0.0,3,8.7,11.0
2026-08-21T16:00:18.264308-04:00,2026-08-21,PRE_PARTY,de737ffc-306b-4f32-8bbb-34e5d370ec8f,A Pirate's Adventure ~ Treasures of the Seven Seas,OPERATING,,2026-08-21T16:00:58.764Z,2026-08-21T16:00,91.4,96.4,52,14,0.0,0.0,0.0,3,8.7,11.0
2026-08-21T16:00:18.264308-04:00,2026-08-21,PRE_PARTY,352feb94-e52e-45eb-9c92-e4b44c6b1a9d,Pirates of the Caribbean,OPERATING,5,2026-08-21T19:54:32.172Z,2026-08-21T16:00,91.4,96.4,52,14,0.0,0.0,0.0,3,8.7,11.0
2026-08-21T16:00:18.264308-04:00,2026-08-21,PRE_PARTY,96455de6-f4f1-403c-9391-bf8396979149,The Magic Carpets of Aladdin,OPERATING,5,2026-08-21T19:54:32.211Z,2026-08-21T16:00,91.4,96.4,52,14,0.0,0.0,0.0,3,8.7,11.0
2026-08-21T16:00:18.264308-04:00,2026-08-21,PRE_PARTY,e76c93df-31af-49a5-8e2f-752c76c937c9,Enchanted Tales with Belle,OPERATING,15,2026-08-21T19:57:01.562Z,2026-08-21T16:00,91.4,96.4,52,14,0.0,0.0,0.0,3,8.7,11.0
2026-08-21T16:00:18.264308-04:00,2026-08-21,PRE_PARTY,5a43d1a7-ad53-4d25-abfe-25625f0da304,TRON Lightcycle / Run,OPERATING,35,2026-08-21T19:57:01.583Z,2026-08-21T16:00,91.4,96.4,52,14,0.0,0.0,0.0,3,8.7,11.0
2026-08-21T16:00:18.264308-04:00,2026-08-21,PRE_PARTY,0aae716c-af13-4439-b638-d75fb1649df3,Mad Tea Party,OPERATING,5,2026-08-21T19:54:32.140Z,2026-08-21T16:00,91.4,96.4,52,14,0.0,0.0,0.0,3,8.7,11.0
2026-08-21T16:00:18.264308-04:00,2026-08-21,PRE_PARTY,de3309ca-97d5-4211-bffe-739fed47e92f,Big Thunder Mountain Railroad,OPERATING,25,2026-08-21T19:43:04.222Z,2026-08-21T16:00,91.4,96.4,52,14,0.0,0.0,0.0,3,8.7,11.0
2026-08-21T16:00:18.264308-04:00,2026-08-21,PRE_PARTY,90d79335-c907-4069-a021-d0fe1ec73ae2,Cinderella Castle,OPERATING,,2026-08-21T12:00:00.720Z,2026-08-21T16:00,91.4,96.4,52,14,0.0,0.0,0.0,3,8.7,11.0
2026-08-21T16:00:18.264308-04:00,2026-08-21,PRE_PARTY,888fb4a4-7adf-47a1-8ba2-c258cc64fd75,Main Street Vehicles,OPERATING,,2026-08-21T13:00:59.907Z,2026-08-21T16:00,91.4,96.4,52,14,0.0,0.0,0.0,3,8.7,11.0
2026-08-21T16:00:18.264308-04:00,2026-08-21,PRE_PARTY,e8f0b426-7645-4ea3-8b41-b94ae7091a41,"Monsters, Inc. Laugh Floor",OPERATING,10,2026-08-21T19:54:31.908Z,2026-08-21T16:00,91.4,96.4,52,14,0.0,0.0,0.0,3,8.7,11.0
2026-08-21T16:00:18.264308-04:00,2026-08-21,PRE_PARTY,f163ddcd-43e1-488d-8276-2381c1db0a39,Tomorrowland Speedway,OPERATING,15,2026-08-21T19:54:32.227Z,2026-08-21T16:00,91.4,96.4,52,14,0.0,0.0,0.0,3,8.7,11.0
2026-08-21T16:00:18.264308-04:00,2026-08-21,PRE_PARTY,30fe3c64-af71-4c66-a54b-aa61fd7af177,Swiss Family Treehouse,OPERATING,5,2026-08-21T12:08:01.375Z,2026-08-21T16:00,91.4,96.4,52,14,0.0,0.0,0.0,3,8.7,11.0
2026-08-21T16:00:18.264308-04:00,2026-08-21,PRE_PARTY,7c5e1e02-3a44-4151-9005-44066d5ba1da,Mickey's PhilharMagic,OPERATING,10,2026-08-21T19:54:32.156Z,2026-08-21T16:00,91.4,96.4,52,14,0.0,0.0,0.0,3,8.7,11.0
2026-08-21T16:00:18.264308-04:00,2026-08-21,PRE_PARTY,273ddb8d-e7b5-4e34-8657-1113f49262a5,Prince Charming Regal Carrousel,OPERATING,5,2026-08-21T19:45:01.089Z,2026-08-21T16:00,91.4,96.4,52,14,0.0,0.0,0.0,3,8.7,11.0
2026-08-21T16:00:18.264308-04:00,2026-08-21,PRE_PARTY,ffcfeaa2-1416-4920-a1ed-543c1a1695c4,Tomorrowland Transit Authority PeopleMover,OPERATING,5,2026-08-21T18:14:12.479Z,2026-08-21T16:00,91.4,96.4,52,14,0.0,0.0,0.0,3,8.7,11.0
2026-08-21T16:00:18.264308-04:00,2026-08-21,PRE_PARTY,9d4d5229-7142-44b6-b4fb-528920969a2c,Seven Dwarfs Mine Train,OPERATING,35,2026-08-21T19:43:04.205Z,2026-08-21T16:00,91.4,96.4,52,14,0.0,0.0,0.0,3,8.7,11.0
2026-08-21T16:00:18.264308-04:00,2026-08-21,PRE_PARTY,b2260923-9315-40fd-9c6b-44dd811dbe64,Space Mountain,OPERATING,15,2026-08-21T19:54:32.183Z,2026-08-21T16:00,91.4,96.4,52,14,0.0,0.0,0.0,3,8.7,11.0
