snapshot_time,party_date,event_id,event_name,event_type,status,show_start_time,show_end_time,source_last_updated
2026-08-15T22:49:27.365526-04:00,2026-08-15,6d74b3d9-f977-4c9b-8114-93969b51b105,Hocus Pocus Villain Spelltacular,SHOW,OPERATING,2026-08-14T21:05:00-04:00,2026-08-14T21:05:00-04:00,2026-08-14T04:03:35.882Z
2026-08-15T22:49:27.365526-04:00,2026-08-15,6d74b3d9-f977-4c9b-8114-93969b51b105,Hocus Pocus Villain Spelltacular,SHOW,OPERATING,2026-08-14T22:35:00-04:00,2026-08-14T22:35:00-04:00,2026-08-14T04:03:35.882Z
2026-08-15T22:49:27.365526-04:00,2026-08-15,6d74b3d9-f977-4c9b-8114-93969b51b105,Hocus Pocus Villain Spelltacular,SHOW,OPERATING,2026-08-14T23:59:00-04:00,2026-08-14T23:59:00-04:00,2026-08-14T04:03:35.882Z
2026-08-15T22:49:27.365526-04:00,2026-08-15,a74421f2-5de4-4425-bd06-8b4639b29826,Meet Festive Disney Pals at Mickey’s Not-So-Scary Halloween Party,SHOW,CLOSED,,,2026-08-15T06:05:52.506Z
2026-08-15T22:49:27.365526-04:00,2026-08-15,ee56b2f3-fd49-4a29-ae1a-2d321549a633,Disney Festival of Fantasy Parade,SHOW,OPERATING,2026-08-15T14:00:00-04:00,2026-08-15T14:00:00-04:00,2026-08-15T04:04:23.012Z
2026-08-15T22:49:27.365526-04:00,2026-08-15,c1f39c15-7845-46b5-b6fd-2ae368a32a37,Captain Jack’s Buccaneer Bash at Mickey’s Not-So-Scary Halloween Party,SHOW,OPERATING,2026-08-14T19:00:00-04:00,2026-08-15T00:00:00-04:00,2026-08-14T04:03:36.157Z
2026-08-15T22:49:27.365526-04:00,2026-08-15,97c837c3-4a0f-4d52-b93c-074cf31d6f41,Stitch’s Masquerade Mashup at Mickey’s Not-So-Scary Halloween Party,SHOW,OPERATING,2026-08-14T19:00:00-04:00,2026-08-15T00:00:00-04:00,2026-08-14T04:03:36.164Z
2026-08-15T22:49:27.365526-04:00,2026-08-15,51392ca4-f824-42d8-8808-8110ec8e0e22,"Main Street Philharmonic at Main Street, U.S.A.",SHOW,OPERATING,2026-08-15T12:25:00-04:00,2026-08-15T12:25:00-04:00,2026-08-15T04:04:23.288Z
2026-08-15T22:49:27.365526-04:00,2026-08-15,51392ca4-f824-42d8-8808-8110ec8e0e22,"Main Street Philharmonic at Main Street, U.S.A.",SHOW,OPERATING,2026-08-15T13:35:00-04:00,2026-08-15T13:35:00-04:00,2026-08-15T04:04:23.288Z
2026-08-15T22:49:27.365526-04:00,2026-08-15,51392ca4-f824-42d8-8808-8110ec8e0e22,"Main Street Philharmonic at Main Street, U.S.A.",SHOW,OPERATING,2026-08-15T14:35:00-04:00,2026-08-15T14:35:00-04:00,2026-08-15T04:04:23.288Z
2026-08-15T22:49:27.365526-04:00,2026-08-15,51392ca4-f824-42d8-8808-8110ec8e0e22,"Main Street Philharmonic at Main Street, U.S.A.",SHOW,OPERATING,2026-08-15T15:35:00-04:00,2026-08-15T15:35:00-04:00,2026-08-15T04:04:23.288Z
2026-08-15T22:49:27.365526-04:00,2026-08-15,86c198b0-7c02-4354-814a-27ad70067d45,Disney Enchantment at Disney After Hours at Magic Kingdom,SHOW,CLOSED,,,2026-07-28T04:04:15.245Z
2026-08-15T22:49:27.365526-04:00,2026-08-15,d69261dc-62b8-434c-83bd-93649b43c408,Disney Starlight: Dream the Night Away,SHOW,OPERATING,2026-08-15T21:00:00-04:00,2026-08-15T21:00:00-04:00,2026-08-15T04:04:23.174Z
2026-08-15T22:49:27.365526-04:00,2026-08-15,d69261dc-62b8-434c-83bd-93649b43c408,Disney Starlight: Dream the Night Away,SHOW,OPERATING,2026-08-15T23:00:00-04:00,2026-08-15T23:00:00-04:00,2026-08-15T04:04:23.174Z
2026-08-15T22:49:27.365526-04:00,2026-08-15,9221e600-6715-4b4f-b39a-00c318c00e03,Destination DescenDANCE Party at Mickey’s Not-So-Scary Halloween Party,SHOW,OPERATING,2026-08-14T19:00:00-04:00,2026-08-15T00:00:00-04:00,2026-08-14T04:03:35.973Z
2026-08-15T22:49:27.365526-04:00,2026-08-15,22b78ed9-a692-47cb-b6a4-6d1224ff67e3,Happily Ever After,SHOW,OPERATING,2026-08-15T22:00:00-04:00,2026-08-15T22:00:00-04:00,2026-08-15T04:04:23.047Z
2026-08-15T22:49:27.365526-04:00,2026-08-15,5c00cd7c-b207-4d9d-9c8c-a8d418fc5425,Mickey’s Boo-To-You Halloween Parade at Mickey's Not-So-Scary Halloween Party,SHOW,CLOSED,,,2026-08-15T04:04:23.306Z
2026-08-15T22:49:27.365526-04:00,2026-08-15,05ca3e51-580b-44ca-8046-7d3e57a6d248,Disney’s Not-So-Spooky Spectacular at Mickey's Not-So-Scary Halloween Party,SHOW,CLOSED,,,2026-08-15T04:04:23.241Z
2026-08-15T22:49:27.365526-04:00,2026-08-15,947edbee-85a5-4aa0-99f3-14c7de539542,Meet Jack Skellington and Sally at Mickey's Not-So-Scary Halloween Party,SHOW,CLOSED,,,2026-08-15T06:05:52.458Z
2026-08-15T22:49:27.365526-04:00,2026-08-15,5564113f-25b4-4646-ac35-aacf983e2fd6,Meet Mickey Mouse and Minnie Mouse at Mickey's Not-So-Scary Halloween Party,SHOW,CLOSED,,,2026-08-15T06:05:52.489Z
2026-08-15T22:49:27.365526-04:00,2026-08-15,4c31b3ad-5dc9-437f-ac1a-0fdff36a2818,Mickey's Magical Friendship Faire,SHOW,OPERATING,2026-08-15T10:00:00-04:00,2026-08-15T10:00:00-04:00,2026-08-15T04:04:23.030Z
2026-08-15T22:49:27.365526-04:00,2026-08-15,4c31b3ad-5dc9-437f-ac1a-0fdff36a2818,Mickey's Magical Friendship Faire,SHOW,OPERATING,2026-08-15T11:35:00-04:00,2026-08-15T11:35:00-04:00,2026-08-15T04:04:23.030Z
2026-08-15T22:49:27.365526-04:00,2026-08-15,4c31b3ad-5dc9-437f-ac1a-0fdff36a2818,Mickey's Magical Friendship Faire,SHOW,OPERATING,2026-08-15T12:45:00-04:00,2026-08-15T12:45:00-04:00,2026-08-15T04:04:23.030Z
2026-08-15T22:49:27.365526-04:00,2026-08-15,4c31b3ad-5dc9-437f-ac1a-0fdff36a2818,Mickey's Magical Friendship Faire,SHOW,OPERATING,2026-08-15T14:55:00-04:00,2026-08-15T14:55:00-04:00,2026-08-15T04:04:23.030Z
2026-08-15T22:49:27.365526-04:00,2026-08-15,4c31b3ad-5dc9-437f-ac1a-0fdff36a2818,Mickey's Magical Friendship Faire,SHOW,OPERATING,2026-08-15T16:00:00-04:00,2026-08-15T16:00:00-04:00,2026-08-15T04:04:23.030Z
2026-08-15T22:49:27.365526-04:00,2026-08-15,1c708beb-41e1-43ae-8dd8-1e85075aeb38,Flag Retreat,SHOW,OPERATING,2026-08-15T17:00:00-04:00,2026-08-15T17:00:00-04:00,2026-08-15T04:04:23.253Z
2026-08-15T22:49:27.365526-04:00,2026-08-15,cf4b2ba4-3626-4de7-9d07-abe8a65b1665,Meet Princess Tiana and a Visiting Princess at Princess Fairytale Hall,SHOW,CLOSED,2026-08-15T09:00:00-04:00,2026-08-15T21:00:00-04:00,2026-08-16T01:01:02.670Z
2026-08-15T22:49:27.365526-04:00,2026-08-15,92524eb7-4ee5-4eab-936c-2eb8e6eb0ecd,The Cadaver Dans Barbershop Quartet at Mickey's Not-So-Scary Halloween Party,SHOW,OPERATING,2026-08-14T19:00:00-04:00,2026-08-14T19:00:00-04:00,2026-08-14T04:03:35.856Z
2026-08-15T22:49:27.365526-04:00,2026-08-15,92524eb7-4ee5-4eab-936c-2eb8e6eb0ecd,The Cadaver Dans Barbershop Quartet at Mickey's Not-So-Scary Halloween Party,SHOW,OPERATING,2026-08-14T19:50:00-04:00,2026-08-14T19:50:00-04:00,2026-08-14T04:03:35.856Z
2026-08-15T22:49:27.365526-04:00,2026-08-15,92524eb7-4ee5-4eab-936c-2eb8e6eb0ecd,The Cadaver Dans Barbershop Quartet at Mickey's Not-So-Scary Halloween Party,SHOW,OPERATING,2026-08-14T20:45:00-04:00,2026-08-14T20:45:00-04:00,2026-08-14T04:03:35.856Z
2026-08-15T22:49:27.365526-04:00,2026-08-15,92524eb7-4ee5-4eab-936c-2eb8e6eb0ecd,The Cadaver Dans Barbershop Quartet at Mickey's Not-So-Scary Halloween Party,SHOW,OPERATING,2026-08-14T21:30:00-04:00,2026-08-14T21:30:00-04:00,2026-08-14T04:03:35.856Z
2026-08-15T22:49:27.365526-04:00,2026-08-15,92524eb7-4ee5-4eab-936c-2eb8e6eb0ecd,The Cadaver Dans Barbershop Quartet at Mickey's Not-So-Scary Halloween Party,SHOW,OPERATING,2026-08-14T22:50:00-04:00,2026-08-14T22:50:00-04:00,2026-08-14T04:03:35.856Z
2026-08-15T22:49:27.365526-04:00,2026-08-15,92524eb7-4ee5-4eab-936c-2eb8e6eb0ecd,The Cadaver Dans Barbershop Quartet at Mickey's Not-So-Scary Halloween Party,SHOW,OPERATING,2026-08-14T23:45:00-04:00,2026-08-14T23:45:00-04:00,2026-08-14T04:03:35.856Z
2026-08-15T22:49:27.365526-04:00,2026-08-15,b5d6d1d1-e960-4c8f-a8a4-b9748b386b64,Meet Dashing Disney Pals as Circus Stars at Pete's Silly Sideshow,SHOW,CLOSED,2026-08-15T10:00:00-04:00,2026-08-15T19:00:00-04:00,2026-08-15T23:00:57.219Z
2026-08-15T22:49:27.365526-04:00,2026-08-15,f819079e-644e-4fce-bda3-26b899ac7027,Disney Adventure Friends Cavalcade,SHOW,OPERATING,2026-08-15T11:05:00-04:00,2026-08-15T11:05:00-04:00,2026-08-15T04:04:23.117Z
2026-08-15T22:49:27.365526-04:00,2026-08-15,e0cd6a94-6dbe-4f52-aaa8-b3d2fdf5f2f6,Jessie’s Roundup: A Rip-Roarin’ Revue!,SHOW,OPERATING,2026-08-15T09:30:00-04:00,2026-08-15T17:30:00-04:00,2026-08-15T04:04:23.227Z
2026-08-15T22:49:27.365526-04:00,2026-08-15,a0613b70-293f-4a5b-8169-357be1777c62,Casey's Corner Pianist,SHOW,OPERATING,2026-08-15T10:50:00-04:00,2026-08-15T10:50:00-04:00,2026-08-15T04:04:23.294Z
2026-08-15T22:49:27.365526-04:00,2026-08-15,a0613b70-293f-4a5b-8169-357be1777c62,Casey's Corner Pianist,SHOW,OPERATING,2026-08-15T12:00:00-04:00,2026-08-15T12:00:00-04:00,2026-08-15T04:04:23.294Z
2026-08-15T22:49:27.365526-04:00,2026-08-15,a0613b70-293f-4a5b-8169-357be1777c62,Casey's Corner Pianist,SHOW,OPERATING,2026-08-15T13:15:00-04:00,2026-08-15T13:15:00-04:00,2026-08-15T04:04:23.294Z
2026-08-15T22:49:27.365526-04:00,2026-08-15,a0613b70-293f-4a5b-8169-357be1777c62,Casey's Corner Pianist,SHOW,OPERATING,2026-08-15T14:35:00-04:00,2026-08-15T14:35:00-04:00,2026-08-15T04:04:23.294Z
2026-08-15T22:49:27.365526-04:00,2026-08-15,a0613b70-293f-4a5b-8169-357be1777c62,Casey's Corner Pianist,SHOW,OPERATING,2026-08-15T15:15:00-04:00,2026-08-15T15:15:00-04:00,2026-08-15T04:04:23.294Z
2026-08-15T22:49:27.365526-04:00,2026-08-15,a0613b70-293f-4a5b-8169-357be1777c62,Casey's Corner Pianist,SHOW,OPERATING,2026-08-15T16:35:00-04:00,2026-08-15T16:35:00-04:00,2026-08-15T04:04:23.294Z
2026-08-15T22:49:27.365526-04:00,2026-08-15,a0613b70-293f-4a5b-8169-357be1777c62,Casey's Corner Pianist,SHOW,OPERATING,2026-08-15T17:30:00-04:00,2026-08-15T17:30:00-04:00,2026-08-15T04:04:23.294Z
2026-08-15T22:49:27.365526-04:00,2026-08-15,166f2985-7b27-4eff-a8b3-29c3448ba198,Meet Daring Disney Pals as Circus Stars at Pete's Silly Sideshow,SHOW,CLOSED,2026-08-15T10:00:00-04:00,2026-08-15T19:00:00-04:00,2026-08-15T23:00:57.233Z
2026-08-15T22:49:27.365526-04:00,2026-08-15,012a211b-4c91-451c-8a0e-5e3ab398eda8,Meet Ariel at Her Grotto,SHOW,CLOSED,2026-08-15T10:00:00-04:00,2026-08-15T19:00:00-04:00,2026-08-15T23:00:57.226Z
2026-08-15T22:49:27.365526-04:00,2026-08-15,a2d92647-634d-4eb4-886b-9da858e871f1,Meet Mickey at Town Square Theater,SHOW,CLOSED,2026-08-15T08:00:00-04:00,2026-08-15T22:30:00-04:00,2026-08-16T02:30:58.159Z
2026-08-15T22:49:27.365526-04:00,2026-08-15,1eee22e8-1d0a-4809-a42b-df3ae55c69d5,The Dapper Dans,SHOW,OPERATING,2026-08-15T09:00:00-04:00,2026-08-15T09:00:00-04:00,2026-08-15T04:04:23.300Z
2026-08-15T22:49:27.365526-04:00,2026-08-15,1eee22e8-1d0a-4809-a42b-df3ae55c69d5,The Dapper Dans,SHOW,OPERATING,2026-08-15T09:50:00-04:00,2026-08-15T09:50:00-04:00,2026-08-15T04:04:23.300Z
2026-08-15T22:49:27.365526-04:00,2026-08-15,1eee22e8-1d0a-4809-a42b-df3ae55c69d5,The Dapper Dans,SHOW,OPERATING,2026-08-15T10:40:00-04:00,2026-08-15T10:40:00-04:00,2026-08-15T04:04:23.300Z
2026-08-15T22:49:27.365526-04:00,2026-08-15,1eee22e8-1d0a-4809-a42b-df3ae55c69d5,The Dapper Dans,SHOW,OPERATING,2026-08-15T12:05:00-04:00,2026-08-15T12:05:00-04:00,2026-08-15T04:04:23.300Z
2026-08-15T22:49:27.365526-04:00,2026-08-15,1eee22e8-1d0a-4809-a42b-df3ae55c69d5,The Dapper Dans,SHOW,OPERATING,2026-08-15T13:10:00-04:00,2026-08-15T13:10:00-04:00,2026-08-15T04:04:23.300Z
2026-08-15T22:49:27.365526-04:00,2026-08-15,1eee22e8-1d0a-4809-a42b-df3ae55c69d5,The Dapper Dans,SHOW,OPERATING,2026-08-15T14:55:00-04:00,2026-08-15T14:55:00-04:00,2026-08-15T04:04:23.300Z
2026-08-15T22:49:27.365526-04:00,2026-08-15,1eee22e8-1d0a-4809-a42b-df3ae55c69d5,The Dapper Dans,SHOW,OPERATING,2026-08-15T15:55:00-04:00,2026-08-15T15:55:00-04:00,2026-08-15T04:04:23.300Z
2026-08-15T22:49:27.365526-04:00,2026-08-15,40737d3d-0ff6-4a9e-a050-beb87bf90120,Meet Cinderella and a Visiting Princess at Princess Fairytale Hall,SHOW,CLOSED,2026-08-15T09:00:00-04:00,2026-08-15T21:00:00-04:00,2026-08-16T01:01:02.718Z
2026-08-15T22:58:38.035183-04:00,2026-08-15,6d74b3d9-f977-4c9b-8114-93969b51b105,Hocus Pocus Villain Spelltacular,SHOW,OPERATING,2026-08-14T21:05:00-04:00,2026-08-14T21:05:00-04:00,2026-08-14T04:03:35.882Z
2026-08-15T22:58:38.035183-04:00,2026-08-15,6d74b3d9-f977-4c9b-8114-93969b51b105,Hocus Pocus Villain Spelltacular,SHOW,OPERATING,2026-08-14T22:35:00-04:00,2026-08-14T22:35:00-04:00,2026-08-14T04:03:35.882Z
2026-08-15T22:58:38.035183-04:00,2026-08-15,6d74b3d9-f977-4c9b-8114-93969b51b105,Hocus Pocus Villain Spelltacular,SHOW,OPERATING,2026-08-14T23:59:00-04:00,2026-08-14T23:59:00-04:00,2026-08-14T04:03:35.882Z
2026-08-15T22:58:38.035183-04:00,2026-08-15,a74421f2-5de4-4425-bd06-8b4639b29826,Meet Festive Disney Pals at Mickey’s Not-So-Scary Halloween Party,SHOW,CLOSED,,,2026-08-15T06:05:52.506Z
2026-08-15T22:58:38.035183-04:00,2026-08-15,ee56b2f3-fd49-4a29-ae1a-2d321549a633,Disney Festival of Fantasy Parade,SHOW,OPERATING,2026-08-15T14:00:00-04:00,2026-08-15T14:00:00-04:00,2026-08-15T04:04:23.012Z
2026-08-15T22:58:38.035183-04:00,2026-08-15,c1f39c15-7845-46b5-b6fd-2ae368a32a37,Captain Jack’s Buccaneer Bash at Mickey’s Not-So-Scary Halloween Party,SHOW,OPERATING,2026-08-14T19:00:00-04:00,2026-08-15T00:00:00-04:00,2026-08-14T04:03:36.157Z
2026-08-15T22:58:38.035183-04:00,2026-08-15,97c837c3-4a0f-4d52-b93c-074cf31d6f41,Stitch’s Masquerade Mashup at Mickey’s Not-So-Scary Halloween Party,SHOW,OPERATING,2026-08-14T19:00:00-04:00,2026-08-15T00:00:00-04:00,2026-08-14T04:03:36.164Z
2026-08-15T22:58:38.035183-04:00,2026-08-15,51392ca4-f824-42d8-8808-8110ec8e0e22,"Main Street Philharmonic at Main Street, U.S.A.",SHOW,OPERATING,2026-08-15T12:25:00-04:00,2026-08-15T12:25:00-04:00,2026-08-15T04:04:23.288Z
2026-08-15T22:58:38.035183-04:00,2026-08-15,51392ca4-f824-42d8-8808-8110ec8e0e22,"Main Street Philharmonic at Main Street, U.S.A.",SHOW,OPERATING,2026-08-15T13:35:00-04:00,2026-08-15T13:35:00-04:00,2026-08-15T04:04:23.288Z
2026-08-15T22:58:38.035183-04:00,2026-08-15,51392ca4-f824-42d8-8808-8110ec8e0e22,"Main Street Philharmonic at Main Street, U.S.A.",SHOW,OPERATING,2026-08-15T14:35:00-04:00,2026-08-15T14:35:00-04:00,2026-08-15T04:04:23.288Z
2026-08-15T22:58:38.035183-04:00,2026-08-15,51392ca4-f824-42d8-8808-8110ec8e0e22,"Main Street Philharmonic at Main Street, U.S.A.",SHOW,OPERATING,2026-08-15T15:35:00-04:00,2026-08-15T15:35:00-04:00,2026-08-15T04:04:23.288Z
2026-08-15T22:58:38.035183-04:00,2026-08-15,86c198b0-7c02-4354-814a-27ad70067d45,Disney Enchantment at Disney After Hours at Magic Kingdom,SHOW,CLOSED,,,2026-07-28T04:04:15.245Z
2026-08-15T22:58:38.035183-04:00,2026-08-15,d69261dc-62b8-434c-83bd-93649b43c408,Disney Starlight: Dream the Night Away,SHOW,OPERATING,2026-08-15T21:00:00-04:00,2026-08-15T21:00:00-04:00,2026-08-15T04:04:23.174Z
2026-08-15T22:58:38.035183-04:00,2026-08-15,d69261dc-62b8-434c-83bd-93649b43c408,Disney Starlight: Dream the Night Away,SHOW,OPERATING,2026-08-15T23:00:00-04:00,2026-08-15T23:00:00-04:00,2026-08-15T04:04:23.174Z
2026-08-15T22:58:38.035183-04:00,2026-08-15,9221e600-6715-4b4f-b39a-00c318c00e03,Destination DescenDANCE Party at Mickey’s Not-So-Scary Halloween Party,SHOW,OPERATING,2026-08-14T19:00:00-04:00,2026-08-15T00:00:00-04:00,2026-08-14T04:03:35.973Z
2026-08-15T22:58:38.035183-04:00,2026-08-15,22b78ed9-a692-47cb-b6a4-6d1224ff67e3,Happily Ever After,SHOW,OPERATING,2026-08-15T22:00:00-04:00,2026-08-15T22:00:00-04:00,2026-08-15T04:04:23.047Z
2026-08-15T22:58:38.035183-04:00,2026-08-15,5c00cd7c-b207-4d9d-9c8c-a8d418fc5425,Mickey’s Boo-To-You Halloween Parade at Mickey's Not-So-Scary Halloween Party,SHOW,CLOSED,,,2026-08-15T04:04:23.306Z
2026-08-15T22:58:38.035183-04:00,2026-08-15,05ca3e51-580b-44ca-8046-7d3e57a6d248,Disney’s Not-So-Spooky Spectacular at Mickey's Not-So-Scary Halloween Party,SHOW,CLOSED,,,2026-08-15T04:04:23.241Z
2026-08-15T22:58:38.035183-04:00,2026-08-15,947edbee-85a5-4aa0-99f3-14c7de539542,Meet Jack Skellington and Sally at Mickey's Not-So-Scary Halloween Party,SHOW,CLOSED,,,2026-08-15T06:05:52.458Z
2026-08-15T22:58:38.035183-04:00,2026-08-15,5564113f-25b4-4646-ac35-aacf983e2fd6,Meet Mickey Mouse and Minnie Mouse at Mickey's Not-So-Scary Halloween Party,SHOW,CLOSED,,,2026-08-15T06:05:52.489Z
2026-08-15T22:58:38.035183-04:00,2026-08-15,4c31b3ad-5dc9-437f-ac1a-0fdff36a2818,Mickey's Magical Friendship Faire,SHOW,OPERATING,2026-08-15T10:00:00-04:00,2026-08-15T10:00:00-04:00,2026-08-15T04:04:23.030Z
2026-08-15T22:58:38.035183-04:00,2026-08-15,4c31b3ad-5dc9-437f-ac1a-0fdff36a2818,Mickey's Magical Friendship Faire,SHOW,OPERATING,2026-08-15T11:35:00-04:00,2026-08-15T11:35:00-04:00,2026-08-15T04:04:23.030Z
2026-08-15T22:58:38.035183-04:00,2026-08-15,4c31b3ad-5dc9-437f-ac1a-0fdff36a2818,Mickey's Magical Friendship Faire,SHOW,OPERATING,2026-08-15T12:45:00-04:00,2026-08-15T12:45:00-04:00,2026-08-15T04:04:23.030Z
2026-08-15T22:58:38.035183-04:00,2026-08-15,4c31b3ad-5dc9-437f-ac1a-0fdff36a2818,Mickey's Magical Friendship Faire,SHOW,OPERATING,2026-08-15T14:55:00-04:00,2026-08-15T14:55:00-04:00,2026-08-15T04:04:23.030Z
2026-08-15T22:58:38.035183-04:00,2026-08-15,4c31b3ad-5dc9-437f-ac1a-0fdff36a2818,Mickey's Magical Friendship Faire,SHOW,OPERATING,2026-08-15T16:00:00-04:00,2026-08-15T16:00:00-04:00,2026-08-15T04:04:23.030Z
2026-08-15T22:58:38.035183-04:00,2026-08-15,1c708beb-41e1-43ae-8dd8-1e85075aeb38,Flag Retreat,SHOW,OPERATING,2026-08-15T17:00:00-04:00,2026-08-15T17:00:00-04:00,2026-08-15T04:04:23.253Z
2026-08-15T22:58:38.035183-04:00,2026-08-15,cf4b2ba4-3626-4de7-9d07-abe8a65b1665,Meet Princess Tiana and a Visiting Princess at Princess Fairytale Hall,SHOW,CLOSED,2026-08-15T09:00:00-04:00,2026-08-15T21:00:00-04:00,2026-08-16T01:01:02.670Z
2026-08-15T22:58:38.035183-04:00,2026-08-15,92524eb7-4ee5-4eab-936c-2eb8e6eb0ecd,The Cadaver Dans Barbershop Quartet at Mickey's Not-So-Scary Halloween Party,SHOW,OPERATING,2026-08-14T19:00:00-04:00,2026-08-14T19:00:00-04:00,2026-08-14T04:03:35.856Z
2026-08-15T22:58:38.035183-04:00,2026-08-15,92524eb7-4ee5-4eab-936c-2eb8e6eb0ecd,The Cadaver Dans Barbershop Quartet at Mickey's Not-So-Scary Halloween Party,SHOW,OPERATING,2026-08-14T19:50:00-04:00,2026-08-14T19:50:00-04:00,2026-08-14T04:03:35.856Z
2026-08-15T22:58:38.035183-04:00,2026-08-15,92524eb7-4ee5-4eab-936c-2eb8e6eb0ecd,The Cadaver Dans Barbershop Quartet at Mickey's Not-So-Scary Halloween Party,SHOW,OPERATING,2026-08-14T20:45:00-04:00,2026-08-14T20:45:00-04:00,2026-08-14T04:03:35.856Z
2026-08-15T22:58:38.035183-04:00,2026-08-15,92524eb7-4ee5-4eab-936c-2eb8e6eb0ecd,The Cadaver Dans Barbershop Quartet at Mickey's Not-So-Scary Halloween Party,SHOW,OPERATING,2026-08-14T21:30:00-04:00,2026-08-14T21:30:00-04:00,2026-08-14T04:03:35.856Z
2026-08-15T22:58:38.035183-04:00,2026-08-15,92524eb7-4ee5-4eab-936c-2eb8e6eb0ecd,The Cadaver Dans Barbershop Quartet at Mickey's Not-So-Scary Halloween Party,SHOW,OPERATING,2026-08-14T22:50:00-04:00,2026-08-14T22:50:00-04:00,2026-08-14T04:03:35.856Z
2026-08-15T22:58:38.035183-04:00,2026-08-15,92524eb7-4ee5-4eab-936c-2eb8e6eb0ecd,The Cadaver Dans Barbershop Quartet at Mickey's Not-So-Scary Halloween Party,SHOW,OPERATING,2026-08-14T23:45:00-04:00,2026-08-14T23:45:00-04:00,2026-08-14T04:03:35.856Z
2026-08-15T22:58:38.035183-04:00,2026-08-15,b5d6d1d1-e960-4c8f-a8a4-b9748b386b64,Meet Dashing Disney Pals as Circus Stars at Pete's Silly Sideshow,SHOW,CLOSED,2026-08-15T10:00:00-04:00,2026-08-15T19:00:00-04:00,2026-08-15T23:00:57.219Z
2026-08-15T22:58:38.035183-04:00,2026-08-15,f819079e-644e-4fce-bda3-26b899ac7027,Disney Adventure Friends Cavalcade,SHOW,OPERATING,2026-08-15T11:05:00-04:00,2026-08-15T11:05:00-04:00,2026-08-15T04:04:23.117Z
2026-08-15T22:58:38.035183-04:00,2026-08-15,e0cd6a94-6dbe-4f52-aaa8-b3d2fdf5f2f6,Jessie’s Roundup: A Rip-Roarin’ Revue!,SHOW,OPERATING,2026-08-15T09:30:00-04:00,2026-08-15T17:30:00-04:00,2026-08-15T04:04:23.227Z
2026-08-15T22:58:38.035183-04:00,2026-08-15,a0613b70-293f-4a5b-8169-357be1777c62,Casey's Corner Pianist,SHOW,OPERATING,2026-08-15T10:50:00-04:00,2026-08-15T10:50:00-04:00,2026-08-15T04:04:23.294Z
2026-08-15T22:58:38.035183-04:00,2026-08-15,a0613b70-293f-4a5b-8169-357be1777c62,Casey's Corner Pianist,SHOW,OPERATING,2026-08-15T12:00:00-04:00,2026-08-15T12:00:00-04:00,2026-08-15T04:04:23.294Z
2026-08-15T22:58:38.035183-04:00,2026-08-15,a0613b70-293f-4a5b-8169-357be1777c62,Casey's Corner Pianist,SHOW,OPERATING,2026-08-15T13:15:00-04:00,2026-08-15T13:15:00-04:00,2026-08-15T04:04:23.294Z
2026-08-15T22:58:38.035183-04:00,2026-08-15,a0613b70-293f-4a5b-8169-357be1777c62,Casey's Corner Pianist,SHOW,OPERATING,2026-08-15T14:35:00-04:00,2026-08-15T14:35:00-04:00,2026-08-15T04:04:23.294Z
2026-08-15T22:58:38.035183-04:00,2026-08-15,a0613b70-293f-4a5b-8169-357be1777c62,Casey's Corner Pianist,SHOW,OPERATING,2026-08-15T15:15:00-04:00,2026-08-15T15:15:00-04:00,2026-08-15T04:04:23.294Z
2026-08-15T22:58:38.035183-04:00,2026-08-15,a0613b70-293f-4a5b-8169-357be1777c62,Casey's Corner Pianist,SHOW,OPERATING,2026-08-15T16:35:00-04:00,2026-08-15T16:35:00-04:00,2026-08-15T04:04:23.294Z
2026-08-15T22:58:38.035183-04:00,2026-08-15,a0613b70-293f-4a5b-8169-357be1777c62,Casey's Corner Pianist,SHOW,OPERATING,2026-08-15T17:30:00-04:00,2026-08-15T17:30:00-04:00,2026-08-15T04:04:23.294Z
2026-08-15T22:58:38.035183-04:00,2026-08-15,166f2985-7b27-4eff-a8b3-29c3448ba198,Meet Daring Disney Pals as Circus Stars at Pete's Silly Sideshow,SHOW,CLOSED,2026-08-15T10:00:00-04:00,2026-08-15T19:00:00-04:00,2026-08-15T23:00:57.233Z
2026-08-15T22:58:38.035183-04:00,2026-08-15,012a211b-4c91-451c-8a0e-5e3ab398eda8,Meet Ariel at Her Grotto,SHOW,CLOSED,2026-08-15T10:00:00-04:00,2026-08-15T19:00:00-04:00,2026-08-15T23:00:57.226Z
2026-08-15T22:58:38.035183-04:00,2026-08-15,a2d92647-634d-4eb4-886b-9da858e871f1,Meet Mickey at Town Square Theater,SHOW,CLOSED,2026-08-15T08:00:00-04:00,2026-08-15T22:30:00-04:00,2026-08-16T02:30:58.159Z
2026-08-15T22:58:38.035183-04:00,2026-08-15,1eee22e8-1d0a-4809-a42b-df3ae55c69d5,The Dapper Dans,SHOW,OPERATING,2026-08-15T09:00:00-04:00,2026-08-15T09:00:00-04:00,2026-08-15T04:04:23.300Z
2026-08-15T22:58:38.035183-04:00,2026-08-15,1eee22e8-1d0a-4809-a42b-df3ae55c69d5,The Dapper Dans,SHOW,OPERATING,2026-08-15T09:50:00-04:00,2026-08-15T09:50:00-04:00,2026-08-15T04:04:23.300Z
2026-08-15T22:58:38.035183-04:00,2026-08-15,1eee22e8-1d0a-4809-a42b-df3ae55c69d5,The Dapper Dans,SHOW,OPERATING,2026-08-15T10:40:00-04:00,2026-08-15T10:40:00-04:00,2026-08-15T04:04:23.300Z
2026-08-15T22:58:38.035183-04:00,2026-08-15,1eee22e8-1d0a-4809-a42b-df3ae55c69d5,The Dapper Dans,SHOW,OPERATING,2026-08-15T12:05:00-04:00,2026-08-15T12:05:00-04:00,2026-08-15T04:04:23.300Z
2026-08-15T22:58:38.035183-04:00,2026-08-15,1eee22e8-1d0a-4809-a42b-df3ae55c69d5,The Dapper Dans,SHOW,OPERATING,2026-08-15T13:10:00-04:00,2026-08-15T13:10:00-04:00,2026-08-15T04:04:23.300Z
2026-08-15T22:58:38.035183-04:00,2026-08-15,1eee22e8-1d0a-4809-a42b-df3ae55c69d5,The Dapper Dans,SHOW,OPERATING,2026-08-15T14:55:00-04:00,2026-08-15T14:55:00-04:00,2026-08-15T04:04:23.300Z
2026-08-15T22:58:38.035183-04:00,2026-08-15,1eee22e8-1d0a-4809-a42b-df3ae55c69d5,The Dapper Dans,SHOW,OPERATING,2026-08-15T15:55:00-04:00,2026-08-15T15:55:00-04:00,2026-08-15T04:04:23.300Z
2026-08-15T22:58:38.035183-04:00,2026-08-15,40737d3d-0ff6-4a9e-a050-beb87bf90120,Meet Cinderella and a Visiting Princess at Princess Fairytale Hall,SHOW,CLOSED,2026-08-15T09:00:00-04:00,2026-08-15T21:00:00-04:00,2026-08-16T01:01:02.718Z
2026-08-15T23:00:21.828057-04:00,2026-08-15,6d74b3d9-f977-4c9b-8114-93969b51b105,Hocus Pocus Villain Spelltacular,SHOW,OPERATING,2026-08-14T21:05:00-04:00,2026-08-14T21:05:00-04:00,2026-08-14T04:03:35.882Z
2026-08-15T23:00:21.828057-04:00,2026-08-15,6d74b3d9-f977-4c9b-8114-93969b51b105,Hocus Pocus Villain Spelltacular,SHOW,OPERATING,2026-08-14T22:35:00-04:00,2026-08-14T22:35:00-04:00,2026-08-14T04:03:35.882Z
2026-08-15T23:00:21.828057-04:00,2026-08-15,6d74b3d9-f977-4c9b-8114-93969b51b105,Hocus Pocus Villain Spelltacular,SHOW,OPERATING,2026-08-14T23:59:00-04:00,2026-08-14T23:59:00-04:00,2026-08-14T04:03:35.882Z
2026-08-15T23:00:21.828057-04:00,2026-08-15,a74421f2-5de4-4425-bd06-8b4639b29826,Meet Festive Disney Pals at Mickey’s Not-So-Scary Halloween Party,SHOW,CLOSED,,,2026-08-15T06:05:52.506Z
2026-08-15T23:00:21.828057-04:00,2026-08-15,ee56b2f3-fd49-4a29-ae1a-2d321549a633,Disney Festival of Fantasy Parade,SHOW,OPERATING,2026-08-15T14:00:00-04:00,2026-08-15T14:00:00-04:00,2026-08-15T04:04:23.012Z
2026-08-15T23:00:21.828057-04:00,2026-08-15,c1f39c15-7845-46b5-b6fd-2ae368a32a37,Captain Jack’s Buccaneer Bash at Mickey’s Not-So-Scary Halloween Party,SHOW,OPERATING,2026-08-14T19:00:00-04:00,2026-08-15T00:00:00-04:00,2026-08-14T04:03:36.157Z
2026-08-15T23:00:21.828057-04:00,2026-08-15,97c837c3-4a0f-4d52-b93c-074cf31d6f41,Stitch’s Masquerade Mashup at Mickey’s Not-So-Scary Halloween Party,SHOW,OPERATING,2026-08-14T19:00:00-04:00,2026-08-15T00:00:00-04:00,2026-08-14T04:03:36.164Z
2026-08-15T23:00:21.828057-04:00,2026-08-15,51392ca4-f824-42d8-8808-8110ec8e0e22,"Main Street Philharmonic at Main Street, U.S.A.",SHOW,OPERATING,2026-08-15T12:25:00-04:00,2026-08-15T12:25:00-04:00,2026-08-15T04:04:23.288Z
2026-08-15T23:00:21.828057-04:00,2026-08-15,51392ca4-f824-42d8-8808-8110ec8e0e22,"Main Street Philharmonic at Main Street, U.S.A.",SHOW,OPERATING,2026-08-15T13:35:00-04:00,2026-08-15T13:35:00-04:00,2026-08-15T04:04:23.288Z
2026-08-15T23:00:21.828057-04:00,2026-08-15,51392ca4-f824-42d8-8808-8110ec8e0e22,"Main Street Philharmonic at Main Street, U.S.A.",SHOW,OPERATING,2026-08-15T14:35:00-04:00,2026-08-15T14:35:00-04:00,2026-08-15T04:04:23.288Z
2026-08-15T23:00:21.828057-04:00,2026-08-15,51392ca4-f824-42d8-8808-8110ec8e0e22,"Main Street Philharmonic at Main Street, U.S.A.",SHOW,OPERATING,2026-08-15T15:35:00-04:00,2026-08-15T15:35:00-04:00,2026-08-15T04:04:23.288Z
2026-08-15T23:00:21.828057-04:00,2026-08-15,86c198b0-7c02-4354-814a-27ad70067d45,Disney Enchantment at Disney After Hours at Magic Kingdom,SHOW,CLOSED,,,2026-07-28T04:04:15.245Z
2026-08-15T23:00:21.828057-04:00,2026-08-15,d69261dc-62b8-434c-83bd-93649b43c408,Disney Starlight: Dream the Night Away,SHOW,OPERATING,2026-08-15T21:00:00-04:00,2026-08-15T21:00:00-04:00,2026-08-15T04:04:23.174Z
2026-08-15T23:00:21.828057-04:00,2026-08-15,d69261dc-62b8-434c-83bd-93649b43c408,Disney Starlight: Dream the Night Away,SHOW,OPERATING,2026-08-15T23:00:00-04:00,2026-08-15T23:00:00-04:00,2026-08-15T04:04:23.174Z
2026-08-15T23:00:21.828057-04:00,2026-08-15,9221e600-6715-4b4f-b39a-00c318c00e03,Destination DescenDANCE Party at Mickey’s Not-So-Scary Halloween Party,SHOW,OPERATING,2026-08-14T19:00:00-04:00,2026-08-15T00:00:00-04:00,2026-08-14T04:03:35.973Z
2026-08-15T23:00:21.828057-04:00,2026-08-15,22b78ed9-a692-47cb-b6a4-6d1224ff67e3,Happily Ever After,SHOW,OPERATING,2026-08-15T22:00:00-04:00,2026-08-15T22:00:00-04:00,2026-08-15T04:04:23.047Z
2026-08-15T23:00:21.828057-04:00,2026-08-15,5c00cd7c-b207-4d9d-9c8c-a8d418fc5425,Mickey’s Boo-To-You Halloween Parade at Mickey's Not-So-Scary Halloween Party,SHOW,CLOSED,,,2026-08-15T04:04:23.306Z
2026-08-15T23:00:21.828057-04:00,2026-08-15,05ca3e51-580b-44ca-8046-7d3e57a6d248,Disney’s Not-So-Spooky Spectacular at Mickey's Not-So-Scary Halloween Party,SHOW,CLOSED,,,2026-08-15T04:04:23.241Z
2026-08-15T23:00:21.828057-04:00,2026-08-15,947edbee-85a5-4aa0-99f3-14c7de539542,Meet Jack Skellington and Sally at Mickey's Not-So-Scary Halloween Party,SHOW,CLOSED,,,2026-08-15T06:05:52.458Z
2026-08-15T23:00:21.828057-04:00,2026-08-15,5564113f-25b4-4646-ac35-aacf983e2fd6,Meet Mickey Mouse and Minnie Mouse at Mickey's Not-So-Scary Halloween Party,SHOW,CLOSED,,,2026-08-15T06:05:52.489Z
2026-08-15T23:00:21.828057-04:00,2026-08-15,4c31b3ad-5dc9-437f-ac1a-0fdff36a2818,Mickey's Magical Friendship Faire,SHOW,OPERATING,2026-08-15T10:00:00-04:00,2026-08-15T10:00:00-04:00,2026-08-15T04:04:23.030Z
2026-08-15T23:00:21.828057-04:00,2026-08-15,4c31b3ad-5dc9-437f-ac1a-0fdff36a2818,Mickey's Magical Friendship Faire,SHOW,OPERATING,2026-08-15T11:35:00-04:00,2026-08-15T11:35:00-04:00,2026-08-15T04:04:23.030Z
2026-08-15T23:00:21.828057-04:00,2026-08-15,4c31b3ad-5dc9-437f-ac1a-0fdff36a2818,Mickey's Magical Friendship Faire,SHOW,OPERATING,2026-08-15T12:45:00-04:00,2026-08-15T12:45:00-04:00,2026-08-15T04:04:23.030Z
2026-08-15T23:00:21.828057-04:00,2026-08-15,4c31b3ad-5dc9-437f-ac1a-0fdff36a2818,Mickey's Magical Friendship Faire,SHOW,OPERATING,2026-08-15T14:55:00-04:00,2026-08-15T14:55:00-04:00,2026-08-15T04:04:23.030Z
2026-08-15T23:00:21.828057-04:00,2026-08-15,4c31b3ad-5dc9-437f-ac1a-0fdff36a2818,Mickey's Magical Friendship Faire,SHOW,OPERATING,2026-08-15T16:00:00-04:00,2026-08-15T16:00:00-04:00,2026-08-15T04:04:23.030Z
2026-08-15T23:00:21.828057-04:00,2026-08-15,1c708beb-41e1-43ae-8dd8-1e85075aeb38,Flag Retreat,SHOW,OPERATING,2026-08-15T17:00:00-04:00,2026-08-15T17:00:00-04:00,2026-08-15T04:04:23.253Z
2026-08-15T23:00:21.828057-04:00,2026-08-15,cf4b2ba4-3626-4de7-9d07-abe8a65b1665,Meet Princess Tiana and a Visiting Princess at Princess Fairytale Hall,SHOW,CLOSED,2026-08-15T09:00:00-04:00,2026-08-15T21:00:00-04:00,2026-08-16T01:01:02.670Z
2026-08-15T23:00:21.828057-04:00,2026-08-15,92524eb7-4ee5-4eab-936c-2eb8e6eb0ecd,The Cadaver Dans Barbershop Quartet at Mickey's Not-So-Scary Halloween Party,SHOW,OPERATING,2026-08-14T19:00:00-04:00,2026-08-14T19:00:00-04:00,2026-08-14T04:03:35.856Z
2026-08-15T23:00:21.828057-04:00,2026-08-15,92524eb7-4ee5-4eab-936c-2eb8e6eb0ecd,The Cadaver Dans Barbershop Quartet at Mickey's Not-So-Scary Halloween Party,SHOW,OPERATING,2026-08-14T19:50:00-04:00,2026-08-14T19:50:00-04:00,2026-08-14T04:03:35.856Z
2026-08-15T23:00:21.828057-04:00,2026-08-15,92524eb7-4ee5-4eab-936c-2eb8e6eb0ecd,The Cadaver Dans Barbershop Quartet at Mickey's Not-So-Scary Halloween Party,SHOW,OPERATING,2026-08-14T20:45:00-04:00,2026-08-14T20:45:00-04:00,2026-08-14T04:03:35.856Z
2026-08-15T23:00:21.828057-04:00,2026-08-15,92524eb7-4ee5-4eab-936c-2eb8e6eb0ecd,The Cadaver Dans Barbershop Quartet at Mickey's Not-So-Scary Halloween Party,SHOW,OPERATING,2026-08-14T21:30:00-04:00,2026-08-14T21:30:00-04:00,2026-08-14T04:03:35.856Z
2026-08-15T23:00:21.828057-04:00,2026-08-15,92524eb7-4ee5-4eab-936c-2eb8e6eb0ecd,The Cadaver Dans Barbershop Quartet at Mickey's Not-So-Scary Halloween Party,SHOW,OPERATING,2026-08-14T22:50:00-04:00,2026-08-14T22:50:00-04:00,2026-08-14T04:03:35.856Z
2026-08-15T23:00:21.828057-04:00,2026-08-15,92524eb7-4ee5-4eab-936c-2eb8e6eb0ecd,The Cadaver Dans Barbershop Quartet at Mickey's Not-So-Scary Halloween Party,SHOW,OPERATING,2026-08-14T23:45:00-04:00,2026-08-14T23:45:00-04:00,2026-08-14T04:03:35.856Z
2026-08-15T23:00:21.828057-04:00,2026-08-15,b5d6d1d1-e960-4c8f-a8a4-b9748b386b64,Meet Dashing Disney Pals as Circus Stars at Pete's Silly Sideshow,SHOW,CLOSED,2026-08-15T10:00:00-04:00,2026-08-15T19:00:00-04:00,2026-08-15T23:00:57.219Z
2026-08-15T23:00:21.828057-04:00,2026-08-15,f819079e-644e-4fce-bda3-26b899ac7027,Disney Adventure Friends Cavalcade,SHOW,OPERATING,2026-08-15T11:05:00-04:00,2026-08-15T11:05:00-04:00,2026-08-15T04:04:23.117Z
2026-08-15T23:00:21.828057-04:00,2026-08-15,e0cd6a94-6dbe-4f52-aaa8-b3d2fdf5f2f6,Jessie’s Roundup: A Rip-Roarin’ Revue!,SHOW,OPERATING,2026-08-15T09:30:00-04:00,2026-08-15T17:30:00-04:00,2026-08-15T04:04:23.227Z
2026-08-15T23:00:21.828057-04:00,2026-08-15,a0613b70-293f-4a5b-8169-357be1777c62,Casey's Corner Pianist,SHOW,OPERATING,2026-08-15T10:50:00-04:00,2026-08-15T10:50:00-04:00,2026-08-15T04:04:23.294Z
2026-08-15T23:00:21.828057-04:00,2026-08-15,a0613b70-293f-4a5b-8169-357be1777c62,Casey's Corner Pianist,SHOW,OPERATING,2026-08-15T12:00:00-04:00,2026-08-15T12:00:00-04:00,2026-08-15T04:04:23.294Z
2026-08-15T23:00:21.828057-04:00,2026-08-15,a0613b70-293f-4a5b-8169-357be1777c62,Casey's Corner Pianist,SHOW,OPERATING,2026-08-15T13:15:00-04:00,2026-08-15T13:15:00-04:00,2026-08-15T04:04:23.294Z
2026-08-15T23:00:21.828057-04:00,2026-08-15,a0613b70-293f-4a5b-8169-357be1777c62,Casey's Corner Pianist,SHOW,OPERATING,2026-08-15T14:35:00-04:00,2026-08-15T14:35:00-04:00,2026-08-15T04:04:23.294Z
2026-08-15T23:00:21.828057-04:00,2026-08-15,a0613b70-293f-4a5b-8169-357be1777c62,Casey's Corner Pianist,SHOW,OPERATING,2026-08-15T15:15:00-04:00,2026-08-15T15:15:00-04:00,2026-08-15T04:04:23.294Z
2026-08-15T23:00:21.828057-04:00,2026-08-15,a0613b70-293f-4a5b-8169-357be1777c62,Casey's Corner Pianist,SHOW,OPERATING,2026-08-15T16:35:00-04:00,2026-08-15T16:35:00-04:00,2026-08-15T04:04:23.294Z
2026-08-15T23:00:21.828057-04:00,2026-08-15,a0613b70-293f-4a5b-8169-357be1777c62,Casey's Corner Pianist,SHOW,OPERATING,2026-08-15T17:30:00-04:00,2026-08-15T17:30:00-04:00,2026-08-15T04:04:23.294Z
2026-08-15T23:00:21.828057-04:00,2026-08-15,166f2985-7b27-4eff-a8b3-29c3448ba198,Meet Daring Disney Pals as Circus Stars at Pete's Silly Sideshow,SHOW,CLOSED,2026-08-15T10:00:00-04:00,2026-08-15T19:00:00-04:00,2026-08-15T23:00:57.233Z
2026-08-15T23:00:21.828057-04:00,2026-08-15,012a211b-4c91-451c-8a0e-5e3ab398eda8,Meet Ariel at Her Grotto,SHOW,CLOSED,2026-08-15T10:00:00-04:00,2026-08-15T19:00:00-04:00,2026-08-15T23:00:57.226Z
2026-08-15T23:00:21.828057-04:00,2026-08-15,a2d92647-634d-4eb4-886b-9da858e871f1,Meet Mickey at Town Square Theater,SHOW,CLOSED,2026-08-15T08:00:00-04:00,2026-08-15T22:30:00-04:00,2026-08-16T02:30:58.159Z
2026-08-15T23:00:21.828057-04:00,2026-08-15,1eee22e8-1d0a-4809-a42b-df3ae55c69d5,The Dapper Dans,SHOW,OPERATING,2026-08-15T09:00:00-04:00,2026-08-15T09:00:00-04:00,2026-08-15T04:04:23.300Z
2026-08-15T23:00:21.828057-04:00,2026-08-15,1eee22e8-1d0a-4809-a42b-df3ae55c69d5,The Dapper Dans,SHOW,OPERATING,2026-08-15T09:50:00-04:00,2026-08-15T09:50:00-04:00,2026-08-15T04:04:23.300Z
2026-08-15T23:00:21.828057-04:00,2026-08-15,1eee22e8-1d0a-4809-a42b-df3ae55c69d5,The Dapper Dans,SHOW,OPERATING,2026-08-15T10:40:00-04:00,2026-08-15T10:40:00-04:00,2026-08-15T04:04:23.300Z
2026-08-15T23:00:21.828057-04:00,2026-08-15,1eee22e8-1d0a-4809-a42b-df3ae55c69d5,The Dapper Dans,SHOW,OPERATING,2026-08-15T12:05:00-04:00,2026-08-15T12:05:00-04:00,2026-08-15T04:04:23.300Z
2026-08-15T23:00:21.828057-04:00,2026-08-15,1eee22e8-1d0a-4809-a42b-df3ae55c69d5,The Dapper Dans,SHOW,OPERATING,2026-08-15T13:10:00-04:00,2026-08-15T13:10:00-04:00,2026-08-15T04:04:23.300Z
2026-08-15T23:00:21.828057-04:00,2026-08-15,1eee22e8-1d0a-4809-a42b-df3ae55c69d5,The Dapper Dans,SHOW,OPERATING,2026-08-15T14:55:00-04:00,2026-08-15T14:55:00-04:00,2026-08-15T04:04:23.300Z
2026-08-15T23:00:21.828057-04:00,2026-08-15,1eee22e8-1d0a-4809-a42b-df3ae55c69d5,The Dapper Dans,SHOW,OPERATING,2026-08-15T15:55:00-04:00,2026-08-15T15:55:00-04:00,2026-08-15T04:04:23.300Z
2026-08-15T23:00:21.828057-04:00,2026-08-15,40737d3d-0ff6-4a9e-a050-beb87bf90120,Meet Cinderella and a Visiting Princess at Princess Fairytale Hall,SHOW,CLOSED,2026-08-15T09:00:00-04:00,2026-08-15T21:00:00-04:00,2026-08-16T01:01:02.718Z
2026-08-18T16:30:14.675988-04:00,2026-08-18,a74421f2-5de4-4425-bd06-8b4639b29826,Meet Festive Disney Pals at Mickey’s Not-So-Scary Halloween Party,SHOW,CLOSED,2026-08-18T19:00:00-04:00,2026-08-18T23:30:00-04:00,2026-08-18T12:00:05.086Z
2026-08-18T16:30:14.675988-04:00,2026-08-18,ee56b2f3-fd49-4a29-ae1a-2d321549a633,Disney Festival of Fantasy Parade,SHOW,OPERATING,2026-08-18T14:00:00-04:00,2026-08-18T14:00:00-04:00,2026-08-18T04:05:35.050Z
2026-08-18T16:30:14.675988-04:00,2026-08-18,c1f39c15-7845-46b5-b6fd-2ae368a32a37,Captain Jack’s Buccaneer Bash at Mickey’s Not-So-Scary Halloween Party,SHOW,OPERATING,2026-08-18T19:00:00-04:00,2026-08-19T00:00:00-04:00,2026-08-18T04:05:35.399Z
2026-08-18T16:30:14.675988-04:00,2026-08-18,97c837c3-4a0f-4d52-b93c-074cf31d6f41,Stitch’s Masquerade Mashup at Mickey’s Not-So-Scary Halloween Party,SHOW,OPERATING,2026-08-18T19:00:00-04:00,2026-08-19T00:00:00-04:00,2026-08-18T04:05:35.409Z
2026-08-18T16:30:14.675988-04:00,2026-08-18,6d74b3d9-f977-4c9b-8114-93969b51b105,Hocus Pocus Villain Spelltacular,SHOW,OPERATING,2026-08-18T21:05:00-04:00,2026-08-18T21:05:00-04:00,2026-08-18T04:05:35.074Z
2026-08-18T16:30:14.675988-04:00,2026-08-18,6d74b3d9-f977-4c9b-8114-93969b51b105,Hocus Pocus Villain Spelltacular,SHOW,OPERATING,2026-08-18T22:35:00-04:00,2026-08-18T22:35:00-04:00,2026-08-18T04:05:35.074Z
2026-08-18T16:30:14.675988-04:00,2026-08-18,6d74b3d9-f977-4c9b-8114-93969b51b105,Hocus Pocus Villain Spelltacular,SHOW,OPERATING,2026-08-18T23:59:00-04:00,2026-08-18T23:59:00-04:00,2026-08-18T04:05:35.074Z
2026-08-18T16:30:14.675988-04:00,2026-08-18,4c31b3ad-5dc9-437f-ac1a-0fdff36a2818,Mickey's Magical Friendship Faire,SHOW,OPERATING,2026-08-18T10:00:00-04:00,2026-08-18T10:00:00-04:00,2026-08-18T04:05:35.081Z
2026-08-18T16:30:14.675988-04:00,2026-08-18,4c31b3ad-5dc9-437f-ac1a-0fdff36a2818,Mickey's Magical Friendship Faire,SHOW,OPERATING,2026-08-18T11:35:00-04:00,2026-08-18T11:35:00-04:00,2026-08-18T04:05:35.081Z
2026-08-18T16:30:14.675988-04:00,2026-08-18,4c31b3ad-5dc9-437f-ac1a-0fdff36a2818,Mickey's Magical Friendship Faire,SHOW,OPERATING,2026-08-18T12:45:00-04:00,2026-08-18T12:45:00-04:00,2026-08-18T04:05:35.081Z
2026-08-18T16:30:14.675988-04:00,2026-08-18,4c31b3ad-5dc9-437f-ac1a-0fdff36a2818,Mickey's Magical Friendship Faire,SHOW,OPERATING,2026-08-18T14:55:00-04:00,2026-08-18T14:55:00-04:00,2026-08-18T04:05:35.081Z
2026-08-18T16:30:14.675988-04:00,2026-08-18,4c31b3ad-5dc9-437f-ac1a-0fdff36a2818,Mickey's Magical Friendship Faire,SHOW,OPERATING,2026-08-18T16:00:00-04:00,2026-08-18T16:00:00-04:00,2026-08-18T04:05:35.081Z
2026-08-18T16:30:14.675988-04:00,2026-08-18,1eee22e8-1d0a-4809-a42b-df3ae55c69d5,The Dapper Dans,SHOW,OPERATING,2026-08-18T09:00:00-04:00,2026-08-18T09:00:00-04:00,2026-08-18T04:05:35.510Z
2026-08-18T16:30:14.675988-04:00,2026-08-18,1eee22e8-1d0a-4809-a42b-df3ae55c69d5,The Dapper Dans,SHOW,OPERATING,2026-08-18T09:50:00-04:00,2026-08-18T09:50:00-04:00,2026-08-18T04:05:35.510Z
2026-08-18T16:30:14.675988-04:00,2026-08-18,1eee22e8-1d0a-4809-a42b-df3ae55c69d5,The Dapper Dans,SHOW,OPERATING,2026-08-18T10:40:00-04:00,2026-08-18T10:40:00-04:00,2026-08-18T04:05:35.510Z
2026-08-18T16:30:14.675988-04:00,2026-08-18,1eee22e8-1d0a-4809-a42b-df3ae55c69d5,The Dapper Dans,SHOW,OPERATING,2026-08-18T12:05:00-04:00,2026-08-18T12:05:00-04:00,2026-08-18T04:05:35.510Z
2026-08-18T16:30:14.675988-04:00,2026-08-18,1eee22e8-1d0a-4809-a42b-df3ae55c69d5,The Dapper Dans,SHOW,OPERATING,2026-08-18T13:10:00-04:00,2026-08-18T13:10:00-04:00,2026-08-18T04:05:35.510Z
2026-08-18T16:30:14.675988-04:00,2026-08-18,1eee22e8-1d0a-4809-a42b-df3ae55c69d5,The Dapper Dans,SHOW,OPERATING,2026-08-18T14:55:00-04:00,2026-08-18T14:55:00-04:00,2026-08-18T04:05:35.510Z
2026-08-18T16:30:14.675988-04:00,2026-08-18,1eee22e8-1d0a-4809-a42b-df3ae55c69d5,The Dapper Dans,SHOW,OPERATING,2026-08-18T15:55:00-04:00,2026-08-18T15:55:00-04:00,2026-08-18T04:05:35.510Z
2026-08-18T16:30:14.675988-04:00,2026-08-18,51392ca4-f824-42d8-8808-8110ec8e0e22,"Main Street Philharmonic at Main Street, U.S.A.",SHOW,OPERATING,2026-08-18T12:25:00-04:00,2026-08-18T12:25:00-04:00,2026-08-18T04:05:35.495Z
2026-08-18T16:30:14.675988-04:00,2026-08-18,51392ca4-f824-42d8-8808-8110ec8e0e22,"Main Street Philharmonic at Main Street, U.S.A.",SHOW,OPERATING,2026-08-18T13:35:00-04:00,2026-08-18T13:35:00-04:00,2026-08-18T04:05:35.495Z
2026-08-18T16:30:14.675988-04:00,2026-08-18,51392ca4-f824-42d8-8808-8110ec8e0e22,"Main Street Philharmonic at Main Street, U.S.A.",SHOW,OPERATING,2026-08-18T14:35:00-04:00,2026-08-18T14:35:00-04:00,2026-08-18T04:05:35.495Z
2026-08-18T16:30:14.675988-04:00,2026-08-18,51392ca4-f824-42d8-8808-8110ec8e0e22,"Main Street Philharmonic at Main Street, U.S.A.",SHOW,OPERATING,2026-08-18T15:35:00-04:00,2026-08-18T15:35:00-04:00,2026-08-18T04:05:35.495Z
2026-08-18T16:30:14.675988-04:00,2026-08-18,86c198b0-7c02-4354-814a-27ad70067d45,Disney Enchantment at Disney After Hours at Magic Kingdom,SHOW,CLOSED,,,2026-07-28T04:04:15.245Z
2026-08-18T16:30:14.675988-04:00,2026-08-18,d69261dc-62b8-434c-83bd-93649b43c408,Disney Starlight: Dream the Night Away,SHOW,CLOSED,,,2026-08-18T04:05:35.322Z
2026-08-18T16:30:14.675988-04:00,2026-08-18,9221e600-6715-4b4f-b39a-00c318c00e03,Destination DescenDANCE Party at Mickey’s Not-So-Scary Halloween Party,SHOW,OPERATING,2026-08-18T19:00:00-04:00,2026-08-19T00:00:00-04:00,2026-08-18T04:05:35.212Z
2026-08-18T16:30:14.675988-04:00,2026-08-18,22b78ed9-a692-47cb-b6a4-6d1224ff67e3,Happily Ever After,SHOW,CLOSED,,,2026-08-18T04:05:35.139Z
2026-08-18T16:30:14.675988-04:00,2026-08-18,5c00cd7c-b207-4d9d-9c8c-a8d418fc5425,Mickey’s Boo-To-You Halloween Parade at Mickey's Not-So-Scary Halloween Party,SHOW,OPERATING,2026-08-18T20:15:00-04:00,2026-08-18T20:15:00-04:00,2026-08-18T04:05:35.519Z
2026-08-18T16:30:14.675988-04:00,2026-08-18,5c00cd7c-b207-4d9d-9c8c-a8d418fc5425,Mickey’s Boo-To-You Halloween Parade at Mickey's Not-So-Scary Halloween Party,SHOW,OPERATING,2026-08-18T23:15:00-04:00,2026-08-18T23:15:00-04:00,2026-08-18T04:05:35.519Z
2026-08-18T16:30:14.675988-04:00,2026-08-18,05ca3e51-580b-44ca-8046-7d3e57a6d248,Disney’s Not-So-Spooky Spectacular at Mickey's Not-So-Scary Halloween Party,SHOW,OPERATING,2026-08-18T22:00:00-04:00,2026-08-18T22:00:00-04:00,2026-08-18T04:05:35.432Z
2026-08-18T16:30:14.675988-04:00,2026-08-18,b5d6d1d1-e960-4c8f-a8a4-b9748b386b64,Meet Dashing Disney Pals as Circus Stars at Pete's Silly Sideshow,SHOW,OPERATING,2026-08-18T10:00:00-04:00,2026-08-18T17:00:00-04:00,2026-08-18T20:19:27.810Z
2026-08-18T16:30:14.675988-04:00,2026-08-18,947edbee-85a5-4aa0-99f3-14c7de539542,Meet Jack Skellington and Sally at Mickey's Not-So-Scary Halloween Party,SHOW,CLOSED,2026-08-18T19:00:00-04:00,2026-08-18T23:30:00-04:00,2026-08-18T12:00:04.831Z
2026-08-18T16:30:14.675988-04:00,2026-08-18,5564113f-25b4-4646-ac35-aacf983e2fd6,Meet Mickey Mouse and Minnie Mouse at Mickey's Not-So-Scary Halloween Party,SHOW,CLOSED,2026-08-18T19:00:00-04:00,2026-08-18T23:30:00-04:00,2026-08-18T12:00:05.005Z
2026-08-18T16:30:14.675988-04:00,2026-08-18,1c708beb-41e1-43ae-8dd8-1e85075aeb38,Flag Retreat,SHOW,OPERATING,2026-08-18T17:00:00-04:00,2026-08-18T17:00:00-04:00,2026-08-18T04:05:35.450Z
2026-08-18T16:30:14.675988-04:00,2026-08-18,92524eb7-4ee5-4eab-936c-2eb8e6eb0ecd,The Cadaver Dans Barbershop Quartet at Mickey's Not-So-Scary Halloween Party,SHOW,OPERATING,2026-08-18T19:00:00-04:00,2026-08-18T19:00:00-04:00,2026-08-18T04:05:35.042Z
2026-08-18T16:30:14.675988-04:00,2026-08-18,92524eb7-4ee5-4eab-936c-2eb8e6eb0ecd,The Cadaver Dans Barbershop Quartet at Mickey's Not-So-Scary Halloween Party,SHOW,OPERATING,2026-08-18T19:50:00-04:00,2026-08-18T19:50:00-04:00,2026-08-18T04:05:35.042Z
2026-08-18T16:30:14.675988-04:00,2026-08-18,92524eb7-4ee5-4eab-936c-2eb8e6eb0ecd,The Cadaver Dans Barbershop Quartet at Mickey's Not-So-Scary Halloween Party,SHOW,OPERATING,2026-08-18T20:45:00-04:00,2026-08-18T20:45:00-04:00,2026-08-18T04:05:35.042Z
2026-08-18T16:30:14.675988-04:00,2026-08-18,92524eb7-4ee5-4eab-936c-2eb8e6eb0ecd,The Cadaver Dans Barbershop Quartet at Mickey's Not-So-Scary Halloween Party,SHOW,OPERATING,2026-08-18T21:30:00-04:00,2026-08-18T21:30:00-04:00,2026-08-18T04:05:35.042Z
2026-08-18T16:30:14.675988-04:00,2026-08-18,92524eb7-4ee5-4eab-936c-2eb8e6eb0ecd,The Cadaver Dans Barbershop Quartet at Mickey's Not-So-Scary Halloween Party,SHOW,OPERATING,2026-08-18T22:50:00-04:00,2026-08-18T22:50:00-04:00,2026-08-18T04:05:35.042Z
2026-08-18T16:30:14.675988-04:00,2026-08-18,92524eb7-4ee5-4eab-936c-2eb8e6eb0ecd,The Cadaver Dans Barbershop Quartet at Mickey's Not-So-Scary Halloween Party,SHOW,OPERATING,2026-08-18T23:45:00-04:00,2026-08-18T23:45:00-04:00,2026-08-18T04:05:35.042Z
2026-08-18T16:30:14.675988-04:00,2026-08-18,f819079e-644e-4fce-bda3-26b899ac7027,Disney Adventure Friends Cavalcade,SHOW,OPERATING,2026-08-18T11:05:00-04:00,2026-08-18T11:05:00-04:00,2026-08-18T04:05:35.242Z
2026-08-18T16:30:14.675988-04:00,2026-08-18,e0cd6a94-6dbe-4f52-aaa8-b3d2fdf5f2f6,Jessie’s Roundup: A Rip-Roarin’ Revue!,SHOW,OPERATING,2026-08-18T09:30:00-04:00,2026-08-18T17:30:00-04:00,2026-08-18T04:05:35.382Z
2026-08-18T16:30:14.675988-04:00,2026-08-18,a0613b70-293f-4a5b-8169-357be1777c62,Casey's Corner Pianist,SHOW,OPERATING,2026-08-18T10:50:00-04:00,2026-08-18T10:50:00-04:00,2026-08-18T04:05:35.503Z
2026-08-18T16:30:14.675988-04:00,2026-08-18,a0613b70-293f-4a5b-8169-357be1777c62,Casey's Corner Pianist,SHOW,OPERATING,2026-08-18T12:00:00-04:00,2026-08-18T12:00:00-04:00,2026-08-18T04:05:35.503Z
2026-08-18T16:30:14.675988-04:00,2026-08-18,a0613b70-293f-4a5b-8169-357be1777c62,Casey's Corner Pianist,SHOW,OPERATING,2026-08-18T13:15:00-04:00,2026-08-18T13:15:00-04:00,2026-08-18T04:05:35.503Z
2026-08-18T16:30:14.675988-04:00,2026-08-18,a0613b70-293f-4a5b-8169-357be1777c62,Casey's Corner Pianist,SHOW,OPERATING,2026-08-18T14:35:00-04:00,2026-08-18T14:35:00-04:00,2026-08-18T04:05:35.503Z
2026-08-18T16:30:14.675988-04:00,2026-08-18,a0613b70-293f-4a5b-8169-357be1777c62,Casey's Corner Pianist,SHOW,OPERATING,2026-08-18T15:15:00-04:00,2026-08-18T15:15:00-04:00,2026-08-18T04:05:35.503Z
2026-08-18T16:30:14.675988-04:00,2026-08-18,a0613b70-293f-4a5b-8169-357be1777c62,Casey's Corner Pianist,SHOW,OPERATING,2026-08-18T16:35:00-04:00,2026-08-18T16:35:00-04:00,2026-08-18T04:05:35.503Z
2026-08-18T16:30:14.675988-04:00,2026-08-18,a0613b70-293f-4a5b-8169-357be1777c62,Casey's Corner Pianist,SHOW,OPERATING,2026-08-18T17:30:00-04:00,2026-08-18T17:30:00-04:00,2026-08-18T04:05:35.503Z
2026-08-18T16:30:14.675988-04:00,2026-08-18,166f2985-7b27-4eff-a8b3-29c3448ba198,Meet Daring Disney Pals as Circus Stars at Pete's Silly Sideshow,SHOW,OPERATING,2026-08-18T10:00:00-04:00,2026-08-18T17:00:00-04:00,2026-08-18T20:19:27.820Z
2026-08-18T16:30:14.675988-04:00,2026-08-18,012a211b-4c91-451c-8a0e-5e3ab398eda8,Meet Ariel at Her Grotto,SHOW,OPERATING,2026-08-18T09:30:00-04:00,2026-08-18T17:30:00-04:00,2026-08-18T20:28:28.882Z
2026-08-18T16:30:14.675988-04:00,2026-08-18,cf4b2ba4-3626-4de7-9d07-abe8a65b1665,Meet Princess Tiana and a Visiting Princess at Princess Fairytale Hall,SHOW,OPERATING,2026-08-18T09:00:00-04:00,2026-08-18T17:00:00-04:00,2026-08-18T19:47:32.018Z
2026-08-18T16:30:14.675988-04:00,2026-08-18,a2d92647-634d-4eb4-886b-9da858e871f1,Meet Mickey at Town Square Theater,SHOW,OPERATING,2026-08-18T08:00:00-04:00,2026-08-18T17:30:00-04:00,2026-08-18T20:12:28.998Z
2026-08-18T16:30:14.675988-04:00,2026-08-18,40737d3d-0ff6-4a9e-a050-beb87bf90120,Meet Cinderella and a Visiting Princess at Princess Fairytale Hall,SHOW,OPERATING,2026-08-18T09:00:00-04:00,2026-08-18T17:00:00-04:00,2026-08-18T19:38:26.397Z
2026-08-18T19:30:15.319159-04:00,2026-08-18,a74421f2-5de4-4425-bd06-8b4639b29826,Meet Festive Disney Pals at Mickey’s Not-So-Scary Halloween Party,SHOW,OPERATING,2026-08-18T19:00:00-04:00,2026-08-18T23:30:00-04:00,2026-08-18T23:01:31.662Z
2026-08-18T19:30:15.319159-04:00,2026-08-18,ee56b2f3-fd49-4a29-ae1a-2d321549a633,Disney Festival of Fantasy Parade,SHOW,OPERATING,2026-08-18T14:00:00-04:00,2026-08-18T14:00:00-04:00,2026-08-18T04:05:35.050Z
2026-08-18T19:30:15.319159-04:00,2026-08-18,c1f39c15-7845-46b5-b6fd-2ae368a32a37,Captain Jack’s Buccaneer Bash at Mickey’s Not-So-Scary Halloween Party,SHOW,OPERATING,2026-08-18T19:00:00-04:00,2026-08-19T00:00:00-04:00,2026-08-18T04:05:35.399Z
2026-08-18T19:30:15.319159-04:00,2026-08-18,97c837c3-4a0f-4d52-b93c-074cf31d6f41,Stitch’s Masquerade Mashup at Mickey’s Not-So-Scary Halloween Party,SHOW,OPERATING,2026-08-18T19:00:00-04:00,2026-08-19T00:00:00-04:00,2026-08-18T04:05:35.409Z
2026-08-18T19:30:15.319159-04:00,2026-08-18,6d74b3d9-f977-4c9b-8114-93969b51b105,Hocus Pocus Villain Spelltacular,SHOW,OPERATING,2026-08-18T21:05:00-04:00,2026-08-18T21:05:00-04:00,2026-08-18T04:05:35.074Z
2026-08-18T19:30:15.319159-04:00,2026-08-18,6d74b3d9-f977-4c9b-8114-93969b51b105,Hocus Pocus Villain Spelltacular,SHOW,OPERATING,2026-08-18T22:35:00-04:00,2026-08-18T22:35:00-04:00,2026-08-18T04:05:35.074Z
2026-08-18T19:30:15.319159-04:00,2026-08-18,6d74b3d9-f977-4c9b-8114-93969b51b105,Hocus Pocus Villain Spelltacular,SHOW,OPERATING,2026-08-18T23:59:00-04:00,2026-08-18T23:59:00-04:00,2026-08-18T04:05:35.074Z
2026-08-18T19:30:15.319159-04:00,2026-08-18,4c31b3ad-5dc9-437f-ac1a-0fdff36a2818,Mickey's Magical Friendship Faire,SHOW,OPERATING,2026-08-18T10:00:00-04:00,2026-08-18T10:00:00-04:00,2026-08-18T04:05:35.081Z
2026-08-18T19:30:15.319159-04:00,2026-08-18,4c31b3ad-5dc9-437f-ac1a-0fdff36a2818,Mickey's Magical Friendship Faire,SHOW,OPERATING,2026-08-18T11:35:00-04:00,2026-08-18T11:35:00-04:00,2026-08-18T04:05:35.081Z
2026-08-18T19:30:15.319159-04:00,2026-08-18,4c31b3ad-5dc9-437f-ac1a-0fdff36a2818,Mickey's Magical Friendship Faire,SHOW,OPERATING,2026-08-18T12:45:00-04:00,2026-08-18T12:45:00-04:00,2026-08-18T04:05:35.081Z
2026-08-18T19:30:15.319159-04:00,2026-08-18,4c31b3ad-5dc9-437f-ac1a-0fdff36a2818,Mickey's Magical Friendship Faire,SHOW,OPERATING,2026-08-18T14:55:00-04:00,2026-08-18T14:55:00-04:00,2026-08-18T04:05:35.081Z
2026-08-18T19:30:15.319159-04:00,2026-08-18,4c31b3ad-5dc9-437f-ac1a-0fdff36a2818,Mickey's Magical Friendship Faire,SHOW,OPERATING,2026-08-18T16:00:00-04:00,2026-08-18T16:00:00-04:00,2026-08-18T04:05:35.081Z
2026-08-18T19:30:15.319159-04:00,2026-08-18,1eee22e8-1d0a-4809-a42b-df3ae55c69d5,The Dapper Dans,SHOW,OPERATING,2026-08-18T09:00:00-04:00,2026-08-18T09:00:00-04:00,2026-08-18T04:05:35.510Z
2026-08-18T19:30:15.319159-04:00,2026-08-18,1eee22e8-1d0a-4809-a42b-df3ae55c69d5,The Dapper Dans,SHOW,OPERATING,2026-08-18T09:50:00-04:00,2026-08-18T09:50:00-04:00,2026-08-18T04:05:35.510Z
2026-08-18T19:30:15.319159-04:00,2026-08-18,1eee22e8-1d0a-4809-a42b-df3ae55c69d5,The Dapper Dans,SHOW,OPERATING,2026-08-18T10:40:00-04:00,2026-08-18T10:40:00-04:00,2026-08-18T04:05:35.510Z
2026-08-18T19:30:15.319159-04:00,2026-08-18,1eee22e8-1d0a-4809-a42b-df3ae55c69d5,The Dapper Dans,SHOW,OPERATING,2026-08-18T12:05:00-04:00,2026-08-18T12:05:00-04:00,2026-08-18T04:05:35.510Z
2026-08-18T19:30:15.319159-04:00,2026-08-18,1eee22e8-1d0a-4809-a42b-df3ae55c69d5,The Dapper Dans,SHOW,OPERATING,2026-08-18T13:10:00-04:00,2026-08-18T13:10:00-04:00,2026-08-18T04:05:35.510Z
2026-08-18T19:30:15.319159-04:00,2026-08-18,1eee22e8-1d0a-4809-a42b-df3ae55c69d5,The Dapper Dans,SHOW,OPERATING,2026-08-18T14:55:00-04:00,2026-08-18T14:55:00-04:00,2026-08-18T04:05:35.510Z
2026-08-18T19:30:15.319159-04:00,2026-08-18,1eee22e8-1d0a-4809-a42b-df3ae55c69d5,The Dapper Dans,SHOW,OPERATING,2026-08-18T15:55:00-04:00,2026-08-18T15:55:00-04:00,2026-08-18T04:05:35.510Z
2026-08-18T19:30:15.319159-04:00,2026-08-18,51392ca4-f824-42d8-8808-8110ec8e0e22,"Main Street Philharmonic at Main Street, U.S.A.",SHOW,OPERATING,2026-08-18T12:25:00-04:00,2026-08-18T12:25:00-04:00,2026-08-18T04:05:35.495Z
2026-08-18T19:30:15.319159-04:00,2026-08-18,51392ca4-f824-42d8-8808-8110ec8e0e22,"Main Street Philharmonic at Main Street, U.S.A.",SHOW,OPERATING,2026-08-18T13:35:00-04:00,2026-08-18T13:35:00-04:00,2026-08-18T04:05:35.495Z
2026-08-18T19:30:15.319159-04:00,2026-08-18,51392ca4-f824-42d8-8808-8110ec8e0e22,"Main Street Philharmonic at Main Street, U.S.A.",SHOW,OPERATING,2026-08-18T14:35:00-04:00,2026-08-18T14:35:00-04:00,2026-08-18T04:05:35.495Z
2026-08-18T19:30:15.319159-04:00,2026-08-18,51392ca4-f824-42d8-8808-8110ec8e0e22,"Main Street Philharmonic at Main Street, U.S.A.",SHOW,OPERATING,2026-08-18T15:35:00-04:00,2026-08-18T15:35:00-04:00,2026-08-18T04:05:35.495Z
2026-08-18T19:30:15.319159-04:00,2026-08-18,86c198b0-7c02-4354-814a-27ad70067d45,Disney Enchantment at Disney After Hours at Magic Kingdom,SHOW,CLOSED,,,2026-07-28T04:04:15.245Z
2026-08-18T19:30:15.319159-04:00,2026-08-18,d69261dc-62b8-434c-83bd-93649b43c408,Disney Starlight: Dream the Night Away,SHOW,CLOSED,,,2026-08-18T04:05:35.322Z
2026-08-18T19:30:15.319159-04:00,2026-08-18,9221e600-6715-4b4f-b39a-00c318c00e03,Destination DescenDANCE Party at Mickey’s Not-So-Scary Halloween Party,SHOW,OPERATING,2026-08-18T19:00:00-04:00,2026-08-19T00:00:00-04:00,2026-08-18T04:05:35.212Z
2026-08-18T19:30:15.319159-04:00,2026-08-18,22b78ed9-a692-47cb-b6a4-6d1224ff67e3,Happily Ever After,SHOW,CLOSED,,,2026-08-18T04:05:35.139Z
2026-08-18T19:30:15.319159-04:00,2026-08-18,5c00cd7c-b207-4d9d-9c8c-a8d418fc5425,Mickey’s Boo-To-You Halloween Parade at Mickey's Not-So-Scary Halloween Party,SHOW,OPERATING,2026-08-18T20:15:00-04:00,2026-08-18T20:15:00-04:00,2026-08-18T04:05:35.519Z
2026-08-18T19:30:15.319159-04:00,2026-08-18,5c00cd7c-b207-4d9d-9c8c-a8d418fc5425,Mickey’s Boo-To-You Halloween Parade at Mickey's Not-So-Scary Halloween Party,SHOW,OPERATING,2026-08-18T23:15:00-04:00,2026-08-18T23:15:00-04:00,2026-08-18T04:05:35.519Z
2026-08-18T19:30:15.319159-04:00,2026-08-18,05ca3e51-580b-44ca-8046-7d3e57a6d248,Disney’s Not-So-Spooky Spectacular at Mickey's Not-So-Scary Halloween Party,SHOW,OPERATING,2026-08-18T22:00:00-04:00,2026-08-18T22:00:00-04:00,2026-08-18T04:05:35.432Z
2026-08-18T19:30:15.319159-04:00,2026-08-18,b5d6d1d1-e960-4c8f-a8a4-b9748b386b64,Meet Dashing Disney Pals as Circus Stars at Pete's Silly Sideshow,SHOW,CLOSED,2026-08-18T10:00:00-04:00,2026-08-18T17:00:00-04:00,2026-08-18T21:00:28.503Z
2026-08-18T19:30:15.319159-04:00,2026-08-18,947edbee-85a5-4aa0-99f3-14c7de539542,Meet Jack Skellington and Sally at Mickey's Not-So-Scary Halloween Party,SHOW,OPERATING,2026-08-18T19:00:00-04:00,2026-08-18T23:30:00-04:00,2026-08-18T23:00:27.502Z
2026-08-18T19:30:15.319159-04:00,2026-08-18,5564113f-25b4-4646-ac35-aacf983e2fd6,Meet Mickey Mouse and Minnie Mouse at Mickey's Not-So-Scary Halloween Party,SHOW,OPERATING,2026-08-18T19:00:00-04:00,2026-08-18T23:30:00-04:00,2026-08-18T23:01:31.653Z
2026-08-18T19:30:15.319159-04:00,2026-08-18,1c708beb-41e1-43ae-8dd8-1e85075aeb38,Flag Retreat,SHOW,OPERATING,2026-08-18T17:00:00-04:00,2026-08-18T17:00:00-04:00,2026-08-18T04:05:35.450Z
2026-08-18T19:30:15.319159-04:00,2026-08-18,92524eb7-4ee5-4eab-936c-2eb8e6eb0ecd,The Cadaver Dans Barbershop Quartet at Mickey's Not-So-Scary Halloween Party,SHOW,OPERATING,2026-08-18T19:00:00-04:00,2026-08-18T19:00:00-04:00,2026-08-18T04:05:35.042Z
2026-08-18T19:30:15.319159-04:00,2026-08-18,92524eb7-4ee5-4eab-936c-2eb8e6eb0ecd,The Cadaver Dans Barbershop Quartet at Mickey's Not-So-Scary Halloween Party,SHOW,OPERATING,2026-08-18T19:50:00-04:00,2026-08-18T19:50:00-04:00,2026-08-18T04:05:35.042Z
2026-08-18T19:30:15.319159-04:00,2026-08-18,92524eb7-4ee5-4eab-936c-2eb8e6eb0ecd,The Cadaver Dans Barbershop Quartet at Mickey's Not-So-Scary Halloween Party,SHOW,OPERATING,2026-08-18T20:45:00-04:00,2026-08-18T20:45:00-04:00,2026-08-18T04:05:35.042Z
2026-08-18T19:30:15.319159-04:00,2026-08-18,92524eb7-4ee5-4eab-936c-2eb8e6eb0ecd,The Cadaver Dans Barbershop Quartet at Mickey's Not-So-Scary Halloween Party,SHOW,OPERATING,2026-08-18T21:30:00-04:00,2026-08-18T21:30:00-04:00,2026-08-18T04:05:35.042Z
2026-08-18T19:30:15.319159-04:00,2026-08-18,92524eb7-4ee5-4eab-936c-2eb8e6eb0ecd,The Cadaver Dans Barbershop Quartet at Mickey's Not-So-Scary Halloween Party,SHOW,OPERATING,2026-08-18T22:50:00-04:00,2026-08-18T22:50:00-04:00,2026-08-18T04:05:35.042Z
2026-08-18T19:30:15.319159-04:00,2026-08-18,92524eb7-4ee5-4eab-936c-2eb8e6eb0ecd,The Cadaver Dans Barbershop Quartet at Mickey's Not-So-Scary Halloween Party,SHOW,OPERATING,2026-08-18T23:45:00-04:00,2026-08-18T23:45:00-04:00,2026-08-18T04:05:35.042Z
2026-08-18T19:30:15.319159-04:00,2026-08-18,f819079e-644e-4fce-bda3-26b899ac7027,Disney Adventure Friends Cavalcade,SHOW,OPERATING,2026-08-18T11:05:00-04:00,2026-08-18T11:05:00-04:00,2026-08-18T04:05:35.242Z
2026-08-18T19:30:15.319159-04:00,2026-08-18,e0cd6a94-6dbe-4f52-aaa8-b3d2fdf5f2f6,Jessie’s Roundup: A Rip-Roarin’ Revue!,SHOW,OPERATING,2026-08-18T09:30:00-04:00,2026-08-18T17:30:00-04:00,2026-08-18T04:05:35.382Z
2026-08-18T19:30:15.319159-04:00,2026-08-18,a0613b70-293f-4a5b-8169-357be1777c62,Casey's Corner Pianist,SHOW,OPERATING,2026-08-18T10:50:00-04:00,2026-08-18T10:50:00-04:00,2026-08-18T04:05:35.503Z
2026-08-18T19:30:15.319159-04:00,2026-08-18,a0613b70-293f-4a5b-8169-357be1777c62,Casey's Corner Pianist,SHOW,OPERATING,2026-08-18T12:00:00-04:00,2026-08-18T12:00:00-04:00,2026-08-18T04:05:35.503Z
2026-08-18T19:30:15.319159-04:00,2026-08-18,a0613b70-293f-4a5b-8169-357be1777c62,Casey's Corner Pianist,SHOW,OPERATING,2026-08-18T13:15:00-04:00,2026-08-18T13:15:00-04:00,2026-08-18T04:05:35.503Z
2026-08-18T19:30:15.319159-04:00,2026-08-18,a0613b70-293f-4a5b-8169-357be1777c62,Casey's Corner Pianist,SHOW,OPERATING,2026-08-18T14:35:00-04:00,2026-08-18T14:35:00-04:00,2026-08-18T04:05:35.503Z
2026-08-18T19:30:15.319159-04:00,2026-08-18,a0613b70-293f-4a5b-8169-357be1777c62,Casey's Corner Pianist,SHOW,OPERATING,2026-08-18T15:15:00-04:00,2026-08-18T15:15:00-04:00,2026-08-18T04:05:35.503Z
2026-08-18T19:30:15.319159-04:00,2026-08-18,a0613b70-293f-4a5b-8169-357be1777c62,Casey's Corner Pianist,SHOW,OPERATING,2026-08-18T16:35:00-04:00,2026-08-18T16:35:00-04:00,2026-08-18T04:05:35.503Z
2026-08-18T19:30:15.319159-04:00,2026-08-18,a0613b70-293f-4a5b-8169-357be1777c62,Casey's Corner Pianist,SHOW,OPERATING,2026-08-18T17:30:00-04:00,2026-08-18T17:30:00-04:00,2026-08-18T04:05:35.503Z
2026-08-18T19:30:15.319159-04:00,2026-08-18,166f2985-7b27-4eff-a8b3-29c3448ba198,Meet Daring Disney Pals as Circus Stars at Pete's Silly Sideshow,SHOW,CLOSED,2026-08-18T10:00:00-04:00,2026-08-18T17:00:00-04:00,2026-08-18T21:00:28.555Z
2026-08-18T19:30:15.319159-04:00,2026-08-18,012a211b-4c91-451c-8a0e-5e3ab398eda8,Meet Ariel at Her Grotto,SHOW,CLOSED,2026-08-18T09:30:00-04:00,2026-08-18T17:30:00-04:00,2026-08-18T21:30:28.550Z
2026-08-18T19:30:15.319159-04:00,2026-08-18,cf4b2ba4-3626-4de7-9d07-abe8a65b1665,Meet Princess Tiana and a Visiting Princess at Princess Fairytale Hall,SHOW,CLOSED,2026-08-18T09:00:00-04:00,2026-08-18T17:00:00-04:00,2026-08-18T21:00:28.521Z
2026-08-18T19:30:15.319159-04:00,2026-08-18,a2d92647-634d-4eb4-886b-9da858e871f1,Meet Mickey at Town Square Theater,SHOW,CLOSED,2026-08-18T08:00:00-04:00,2026-08-18T17:30:00-04:00,2026-08-18T21:30:28.541Z
2026-08-18T19:30:15.319159-04:00,2026-08-18,40737d3d-0ff6-4a9e-a050-beb87bf90120,Meet Cinderella and a Visiting Princess at Princess Fairytale Hall,SHOW,CLOSED,2026-08-18T09:00:00-04:00,2026-08-18T17:00:00-04:00,2026-08-18T21:00:28.544Z
2026-08-18T22:30:14.610218-04:00,2026-08-18,a74421f2-5de4-4425-bd06-8b4639b29826,Meet Festive Disney Pals at Mickey’s Not-So-Scary Halloween Party,SHOW,OPERATING,2026-08-18T19:00:00-04:00,2026-08-18T23:30:00-04:00,2026-08-19T01:39:31.863Z
2026-08-18T22:30:14.610218-04:00,2026-08-18,ee56b2f3-fd49-4a29-ae1a-2d321549a633,Disney Festival of Fantasy Parade,SHOW,OPERATING,2026-08-18T14:00:00-04:00,2026-08-18T14:00:00-04:00,2026-08-18T04:05:35.050Z
2026-08-18T22:30:14.610218-04:00,2026-08-18,c1f39c15-7845-46b5-b6fd-2ae368a32a37,Captain Jack’s Buccaneer Bash at Mickey’s Not-So-Scary Halloween Party,SHOW,OPERATING,2026-08-18T19:00:00-04:00,2026-08-19T00:00:00-04:00,2026-08-18T04:05:35.399Z
2026-08-18T22:30:14.610218-04:00,2026-08-18,97c837c3-4a0f-4d52-b93c-074cf31d6f41,Stitch’s Masquerade Mashup at Mickey’s Not-So-Scary Halloween Party,SHOW,OPERATING,2026-08-18T19:00:00-04:00,2026-08-19T00:00:00-04:00,2026-08-18T04:05:35.409Z
2026-08-18T22:30:14.610218-04:00,2026-08-18,6d74b3d9-f977-4c9b-8114-93969b51b105,Hocus Pocus Villain Spelltacular,SHOW,OPERATING,2026-08-18T21:05:00-04:00,2026-08-18T21:05:00-04:00,2026-08-18T04:05:35.074Z
2026-08-18T22:30:14.610218-04:00,2026-08-18,6d74b3d9-f977-4c9b-8114-93969b51b105,Hocus Pocus Villain Spelltacular,SHOW,OPERATING,2026-08-18T22:35:00-04:00,2026-08-18T22:35:00-04:00,2026-08-18T04:05:35.074Z
2026-08-18T22:30:14.610218-04:00,2026-08-18,6d74b3d9-f977-4c9b-8114-93969b51b105,Hocus Pocus Villain Spelltacular,SHOW,OPERATING,2026-08-18T23:59:00-04:00,2026-08-18T23:59:00-04:00,2026-08-18T04:05:35.074Z
2026-08-18T22:30:14.610218-04:00,2026-08-18,4c31b3ad-5dc9-437f-ac1a-0fdff36a2818,Mickey's Magical Friendship Faire,SHOW,OPERATING,2026-08-18T10:00:00-04:00,2026-08-18T10:00:00-04:00,2026-08-18T04:05:35.081Z
2026-08-18T22:30:14.610218-04:00,2026-08-18,4c31b3ad-5dc9-437f-ac1a-0fdff36a2818,Mickey's Magical Friendship Faire,SHOW,OPERATING,2026-08-18T11:35:00-04:00,2026-08-18T11:35:00-04:00,2026-08-18T04:05:35.081Z
2026-08-18T22:30:14.610218-04:00,2026-08-18,4c31b3ad-5dc9-437f-ac1a-0fdff36a2818,Mickey's Magical Friendship Faire,SHOW,OPERATING,2026-08-18T12:45:00-04:00,2026-08-18T12:45:00-04:00,2026-08-18T04:05:35.081Z
2026-08-18T22:30:14.610218-04:00,2026-08-18,4c31b3ad-5dc9-437f-ac1a-0fdff36a2818,Mickey's Magical Friendship Faire,SHOW,OPERATING,2026-08-18T14:55:00-04:00,2026-08-18T14:55:00-04:00,2026-08-18T04:05:35.081Z
2026-08-18T22:30:14.610218-04:00,2026-08-18,4c31b3ad-5dc9-437f-ac1a-0fdff36a2818,Mickey's Magical Friendship Faire,SHOW,OPERATING,2026-08-18T16:00:00-04:00,2026-08-18T16:00:00-04:00,2026-08-18T04:05:35.081Z
2026-08-18T22:30:14.610218-04:00,2026-08-18,1eee22e8-1d0a-4809-a42b-df3ae55c69d5,The Dapper Dans,SHOW,OPERATING,2026-08-18T09:00:00-04:00,2026-08-18T09:00:00-04:00,2026-08-18T04:05:35.510Z
2026-08-18T22:30:14.610218-04:00,2026-08-18,1eee22e8-1d0a-4809-a42b-df3ae55c69d5,The Dapper Dans,SHOW,OPERATING,2026-08-18T09:50:00-04:00,2026-08-18T09:50:00-04:00,2026-08-18T04:05:35.510Z
2026-08-18T22:30:14.610218-04:00,2026-08-18,1eee22e8-1d0a-4809-a42b-df3ae55c69d5,The Dapper Dans,SHOW,OPERATING,2026-08-18T10:40:00-04:00,2026-08-18T10:40:00-04:00,2026-08-18T04:05:35.510Z
2026-08-18T22:30:14.610218-04:00,2026-08-18,1eee22e8-1d0a-4809-a42b-df3ae55c69d5,The Dapper Dans,SHOW,OPERATING,2026-08-18T12:05:00-04:00,2026-08-18T12:05:00-04:00,2026-08-18T04:05:35.510Z
2026-08-18T22:30:14.610218-04:00,2026-08-18,1eee22e8-1d0a-4809-a42b-df3ae55c69d5,The Dapper Dans,SHOW,OPERATING,2026-08-18T13:10:00-04:00,2026-08-18T13:10:00-04:00,2026-08-18T04:05:35.510Z
2026-08-18T22:30:14.610218-04:00,2026-08-18,1eee22e8-1d0a-4809-a42b-df3ae55c69d5,The Dapper Dans,SHOW,OPERATING,2026-08-18T14:55:00-04:00,2026-08-18T14:55:00-04:00,2026-08-18T04:05:35.510Z
2026-08-18T22:30:14.610218-04:00,2026-08-18,1eee22e8-1d0a-4809-a42b-df3ae55c69d5,The Dapper Dans,SHOW,OPERATING,2026-08-18T15:55:00-04:00,2026-08-18T15:55:00-04:00,2026-08-18T04:05:35.510Z
2026-08-18T22:30:14.610218-04:00,2026-08-18,51392ca4-f824-42d8-8808-8110ec8e0e22,"Main Street Philharmonic at Main Street, U.S.A.",SHOW,OPERATING,2026-08-18T12:25:00-04:00,2026-08-18T12:25:00-04:00,2026-08-18T04:05:35.495Z
2026-08-18T22:30:14.610218-04:00,2026-08-18,51392ca4-f824-42d8-8808-8110ec8e0e22,"Main Street Philharmonic at Main Street, U.S.A.",SHOW,OPERATING,2026-08-18T13:35:00-04:00,2026-08-18T13:35:00-04:00,2026-08-18T04:05:35.495Z
2026-08-18T22:30:14.610218-04:00,2026-08-18,51392ca4-f824-42d8-8808-8110ec8e0e22,"Main Street Philharmonic at Main Street, U.S.A.",SHOW,OPERATING,2026-08-18T14:35:00-04:00,2026-08-18T14:35:00-04:00,2026-08-18T04:05:35.495Z
2026-08-18T22:30:14.610218-04:00,2026-08-18,51392ca4-f824-42d8-8808-8110ec8e0e22,"Main Street Philharmonic at Main Street, U.S.A.",SHOW,OPERATING,2026-08-18T15:35:00-04:00,2026-08-18T15:35:00-04:00,2026-08-18T04:05:35.495Z
2026-08-18T22:30:14.610218-04:00,2026-08-18,86c198b0-7c02-4354-814a-27ad70067d45,Disney Enchantment at Disney After Hours at Magic Kingdom,SHOW,CLOSED,,,2026-07-28T04:04:15.245Z
2026-08-18T22:30:14.610218-04:00,2026-08-18,d69261dc-62b8-434c-83bd-93649b43c408,Disney Starlight: Dream the Night Away,SHOW,CLOSED,,,2026-08-18T04:05:35.322Z
2026-08-18T22:30:14.610218-04:00,2026-08-18,9221e600-6715-4b4f-b39a-00c318c00e03,Destination DescenDANCE Party at Mickey’s Not-So-Scary Halloween Party,SHOW,OPERATING,2026-08-18T19:00:00-04:00,2026-08-19T00:00:00-04:00,2026-08-18T04:05:35.212Z
2026-08-18T22:30:14.610218-04:00,2026-08-18,22b78ed9-a692-47cb-b6a4-6d1224ff67e3,Happily Ever After,SHOW,CLOSED,,,2026-08-18T04:05:35.139Z
2026-08-18T22:30:14.610218-04:00,2026-08-18,5c00cd7c-b207-4d9d-9c8c-a8d418fc5425,Mickey’s Boo-To-You Halloween Parade at Mickey's Not-So-Scary Halloween Party,SHOW,OPERATING,2026-08-18T20:15:00-04:00,2026-08-18T20:15:00-04:00,2026-08-18T04:05:35.519Z
2026-08-18T22:30:14.610218-04:00,2026-08-18,5c00cd7c-b207-4d9d-9c8c-a8d418fc5425,Mickey’s Boo-To-You Halloween Parade at Mickey's Not-So-Scary Halloween Party,SHOW,OPERATING,2026-08-18T23:15:00-04:00,2026-08-18T23:15:00-04:00,2026-08-18T04:05:35.519Z
2026-08-18T22:30:14.610218-04:00,2026-08-18,05ca3e51-580b-44ca-8046-7d3e57a6d248,Disney’s Not-So-Spooky Spectacular at Mickey's Not-So-Scary Halloween Party,SHOW,OPERATING,2026-08-18T22:00:00-04:00,2026-08-18T22:00:00-04:00,2026-08-18T04:05:35.432Z
2026-08-18T22:30:14.610218-04:00,2026-08-18,b5d6d1d1-e960-4c8f-a8a4-b9748b386b64,Meet Dashing Disney Pals as Circus Stars at Pete's Silly Sideshow,SHOW,CLOSED,2026-08-18T10:00:00-04:00,2026-08-18T17:00:00-04:00,2026-08-18T21:00:28.503Z
2026-08-18T22:30:14.610218-04:00,2026-08-18,947edbee-85a5-4aa0-99f3-14c7de539542,Meet Jack Skellington and Sally at Mickey's Not-So-Scary Halloween Party,SHOW,OPERATING,2026-08-18T19:00:00-04:00,2026-08-18T23:30:00-04:00,2026-08-19T02:28:31.478Z
2026-08-18T22:30:14.610218-04:00,2026-08-18,5564113f-25b4-4646-ac35-aacf983e2fd6,Meet Mickey Mouse and Minnie Mouse at Mickey's Not-So-Scary Halloween Party,SHOW,OPERATING,2026-08-18T19:00:00-04:00,2026-08-18T23:30:00-04:00,2026-08-19T02:25:32.040Z
2026-08-18T22:30:14.610218-04:00,2026-08-18,1c708beb-41e1-43ae-8dd8-1e85075aeb38,Flag Retreat,SHOW,OPERATING,2026-08-18T17:00:00-04:00,2026-08-18T17:00:00-04:00,2026-08-18T04:05:35.450Z
2026-08-18T22:30:14.610218-04:00,2026-08-18,92524eb7-4ee5-4eab-936c-2eb8e6eb0ecd,The Cadaver Dans Barbershop Quartet at Mickey's Not-So-Scary Halloween Party,SHOW,OPERATING,2026-08-18T19:00:00-04:00,2026-08-18T19:00:00-04:00,2026-08-18T04:05:35.042Z
2026-08-18T22:30:14.610218-04:00,2026-08-18,92524eb7-4ee5-4eab-936c-2eb8e6eb0ecd,The Cadaver Dans Barbershop Quartet at Mickey's Not-So-Scary Halloween Party,SHOW,OPERATING,2026-08-18T19:50:00-04:00,2026-08-18T19:50:00-04:00,2026-08-18T04:05:35.042Z
2026-08-18T22:30:14.610218-04:00,2026-08-18,92524eb7-4ee5-4eab-936c-2eb8e6eb0ecd,The Cadaver Dans Barbershop Quartet at Mickey's Not-So-Scary Halloween Party,SHOW,OPERATING,2026-08-18T20:45:00-04:00,2026-08-18T20:45:00-04:00,2026-08-18T04:05:35.042Z
2026-08-18T22:30:14.610218-04:00,2026-08-18,92524eb7-4ee5-4eab-936c-2eb8e6eb0ecd,The Cadaver Dans Barbershop Quartet at Mickey's Not-So-Scary Halloween Party,SHOW,OPERATING,2026-08-18T21:30:00-04:00,2026-08-18T21:30:00-04:00,2026-08-18T04:05:35.042Z
2026-08-18T22:30:14.610218-04:00,2026-08-18,92524eb7-4ee5-4eab-936c-2eb8e6eb0ecd,The Cadaver Dans Barbershop Quartet at Mickey's Not-So-Scary Halloween Party,SHOW,OPERATING,2026-08-18T22:50:00-04:00,2026-08-18T22:50:00-04:00,2026-08-18T04:05:35.042Z
2026-08-18T22:30:14.610218-04:00,2026-08-18,92524eb7-4ee5-4eab-936c-2eb8e6eb0ecd,The Cadaver Dans Barbershop Quartet at Mickey's Not-So-Scary Halloween Party,SHOW,OPERATING,2026-08-18T23:45:00-04:00,2026-08-18T23:45:00-04:00,2026-08-18T04:05:35.042Z
2026-08-18T22:30:14.610218-04:00,2026-08-18,f819079e-644e-4fce-bda3-26b899ac7027,Disney Adventure Friends Cavalcade,SHOW,OPERATING,2026-08-18T11:05:00-04:00,2026-08-18T11:05:00-04:00,2026-08-18T04:05:35.242Z
2026-08-18T22:30:14.610218-04:00,2026-08-18,e0cd6a94-6dbe-4f52-aaa8-b3d2fdf5f2f6,Jessie’s Roundup: A Rip-Roarin’ Revue!,SHOW,OPERATING,2026-08-18T09:30:00-04:00,2026-08-18T17:30:00-04:00,2026-08-18T04:05:35.382Z
2026-08-18T22:30:14.610218-04:00,2026-08-18,a0613b70-293f-4a5b-8169-357be1777c62,Casey's Corner Pianist,SHOW,OPERATING,2026-08-18T10:50:00-04:00,2026-08-18T10:50:00-04:00,2026-08-18T04:05:35.503Z
2026-08-18T22:30:14.610218-04:00,2026-08-18,a0613b70-293f-4a5b-8169-357be1777c62,Casey's Corner Pianist,SHOW,OPERATING,2026-08-18T12:00:00-04:00,2026-08-18T12:00:00-04:00,2026-08-18T04:05:35.503Z
2026-08-18T22:30:14.610218-04:00,2026-08-18,a0613b70-293f-4a5b-8169-357be1777c62,Casey's Corner Pianist,SHOW,OPERATING,2026-08-18T13:15:00-04:00,2026-08-18T13:15:00-04:00,2026-08-18T04:05:35.503Z
2026-08-18T22:30:14.610218-04:00,2026-08-18,a0613b70-293f-4a5b-8169-357be1777c62,Casey's Corner Pianist,SHOW,OPERATING,2026-08-18T14:35:00-04:00,2026-08-18T14:35:00-04:00,2026-08-18T04:05:35.503Z
2026-08-18T22:30:14.610218-04:00,2026-08-18,a0613b70-293f-4a5b-8169-357be1777c62,Casey's Corner Pianist,SHOW,OPERATING,2026-08-18T15:15:00-04:00,2026-08-18T15:15:00-04:00,2026-08-18T04:05:35.503Z
2026-08-18T22:30:14.610218-04:00,2026-08-18,a0613b70-293f-4a5b-8169-357be1777c62,Casey's Corner Pianist,SHOW,OPERATING,2026-08-18T16:35:00-04:00,2026-08-18T16:35:00-04:00,2026-08-18T04:05:35.503Z
2026-08-18T22:30:14.610218-04:00,2026-08-18,a0613b70-293f-4a5b-8169-357be1777c62,Casey's Corner Pianist,SHOW,OPERATING,2026-08-18T17:30:00-04:00,2026-08-18T17:30:00-04:00,2026-08-18T04:05:35.503Z
2026-08-18T22:30:14.610218-04:00,2026-08-18,166f2985-7b27-4eff-a8b3-29c3448ba198,Meet Daring Disney Pals as Circus Stars at Pete's Silly Sideshow,SHOW,CLOSED,2026-08-18T10:00:00-04:00,2026-08-18T17:00:00-04:00,2026-08-18T21:00:28.555Z
2026-08-18T22:30:14.610218-04:00,2026-08-18,012a211b-4c91-451c-8a0e-5e3ab398eda8,Meet Ariel at Her Grotto,SHOW,CLOSED,2026-08-18T09:30:00-04:00,2026-08-18T17:30:00-04:00,2026-08-18T21:30:28.550Z
2026-08-18T22:30:14.610218-04:00,2026-08-18,cf4b2ba4-3626-4de7-9d07-abe8a65b1665,Meet Princess Tiana and a Visiting Princess at Princess Fairytale Hall,SHOW,CLOSED,2026-08-18T09:00:00-04:00,2026-08-18T17:00:00-04:00,2026-08-18T21:00:28.521Z
2026-08-18T22:30:14.610218-04:00,2026-08-18,a2d92647-634d-4eb4-886b-9da858e871f1,Meet Mickey at Town Square Theater,SHOW,CLOSED,2026-08-18T08:00:00-04:00,2026-08-18T17:30:00-04:00,2026-08-18T21:30:28.541Z
2026-08-18T22:30:14.610218-04:00,2026-08-18,40737d3d-0ff6-4a9e-a050-beb87bf90120,Meet Cinderella and a Visiting Princess at Princess Fairytale Hall,SHOW,CLOSED,2026-08-18T09:00:00-04:00,2026-08-18T17:00:00-04:00,2026-08-18T21:00:28.544Z
2026-08-21T16:30:13.821263-04:00,2026-08-21,a74421f2-5de4-4425-bd06-8b4639b29826,Meet Festive Disney Pals at Mickey’s Not-So-Scary Halloween Party,SHOW,CLOSED,2026-08-18T19:00:00-04:00,2026-08-18T23:30:00-04:00,2026-08-19T03:30:31.120Z
2026-08-21T16:30:13.821263-04:00,2026-08-21,c1f39c15-7845-46b5-b6fd-2ae368a32a37,Captain Jack’s Buccaneer Bash at Mickey’s Not-So-Scary Halloween Party,SHOW,OPERATING,2026-08-21T19:00:00-04:00,2026-08-22T00:00:00-04:00,2026-08-21T04:00:49.307Z
2026-08-21T16:30:13.821263-04:00,2026-08-21,97c837c3-4a0f-4d52-b93c-074cf31d6f41,Stitch’s Masquerade Mashup at Mickey’s Not-So-Scary Halloween Party,SHOW,OPERATING,2026-08-21T19:00:00-04:00,2026-08-22T00:00:00-04:00,2026-08-21T04:00:49.315Z
2026-08-21T16:30:13.821263-04:00,2026-08-21,6d74b3d9-f977-4c9b-8114-93969b51b105,Hocus Pocus Villain Spelltacular,SHOW,OPERATING,2026-08-21T21:05:00-04:00,2026-08-21T21:05:00-04:00,2026-08-21T04:00:48.969Z
2026-08-21T16:30:13.821263-04:00,2026-08-21,6d74b3d9-f977-4c9b-8114-93969b51b105,Hocus Pocus Villain Spelltacular,SHOW,OPERATING,2026-08-21T22:35:00-04:00,2026-08-21T22:35:00-04:00,2026-08-21T04:00:48.969Z
2026-08-21T16:30:13.821263-04:00,2026-08-21,6d74b3d9-f977-4c9b-8114-93969b51b105,Hocus Pocus Villain Spelltacular,SHOW,OPERATING,2026-08-21T23:59:00-04:00,2026-08-21T23:59:00-04:00,2026-08-21T04:00:48.969Z
2026-08-21T16:30:13.821263-04:00,2026-08-21,4c31b3ad-5dc9-437f-ac1a-0fdff36a2818,Mickey's Magical Friendship Faire,SHOW,OPERATING,2026-08-21T10:00:00-04:00,2026-08-21T10:00:00-04:00,2026-08-21T04:00:48.979Z
2026-08-21T16:30:13.821263-04:00,2026-08-21,4c31b3ad-5dc9-437f-ac1a-0fdff36a2818,Mickey's Magical Friendship Faire,SHOW,OPERATING,2026-08-21T11:35:00-04:00,2026-08-21T11:35:00-04:00,2026-08-21T04:00:48.979Z
2026-08-21T16:30:13.821263-04:00,2026-08-21,4c31b3ad-5dc9-437f-ac1a-0fdff36a2818,Mickey's Magical Friendship Faire,SHOW,OPERATING,2026-08-21T12:45:00-04:00,2026-08-21T12:45:00-04:00,2026-08-21T04:00:48.979Z
2026-08-21T16:30:13.821263-04:00,2026-08-21,4c31b3ad-5dc9-437f-ac1a-0fdff36a2818,Mickey's Magical Friendship Faire,SHOW,OPERATING,2026-08-21T14:55:00-04:00,2026-08-21T14:55:00-04:00,2026-08-21T04:00:48.979Z
2026-08-21T16:30:13.821263-04:00,2026-08-21,4c31b3ad-5dc9-437f-ac1a-0fdff36a2818,Mickey's Magical Friendship Faire,SHOW,OPERATING,2026-08-21T16:00:00-04:00,2026-08-21T16:00:00-04:00,2026-08-21T04:00:48.979Z
2026-08-21T16:30:13.821263-04:00,2026-08-21,51392ca4-f824-42d8-8808-8110ec8e0e22,"Main Street Philharmonic at Main Street, U.S.A.",SHOW,OPERATING,2026-08-21T12:25:00-04:00,2026-08-21T12:25:00-04:00,2026-08-21T04:00:49.399Z
2026-08-21T16:30:13.821263-04:00,2026-08-21,51392ca4-f824-42d8-8808-8110ec8e0e22,"Main Street Philharmonic at Main Street, U.S.A.",SHOW,OPERATING,2026-08-21T13:35:00-04:00,2026-08-21T13:35:00-04:00,2026-08-21T04:00:49.399Z
2026-08-21T16:30:13.821263-04:00,2026-08-21,51392ca4-f824-42d8-8808-8110ec8e0e22,"Main Street Philharmonic at Main Street, U.S.A.",SHOW,OPERATING,2026-08-21T14:35:00-04:00,2026-08-21T14:35:00-04:00,2026-08-21T04:00:49.399Z
2026-08-21T16:30:13.821263-04:00,2026-08-21,51392ca4-f824-42d8-8808-8110ec8e0e22,"Main Street Philharmonic at Main Street, U.S.A.",SHOW,OPERATING,2026-08-21T15:35:00-04:00,2026-08-21T15:35:00-04:00,2026-08-21T04:00:49.399Z
2026-08-21T16:30:13.821263-04:00,2026-08-21,86c198b0-7c02-4354-814a-27ad70067d45,Disney Enchantment at Disney After Hours at Magic Kingdom,SHOW,CLOSED,,,2026-07-28T04:04:15.245Z
2026-08-21T16:30:13.821263-04:00,2026-08-21,9221e600-6715-4b4f-b39a-00c318c00e03,Destination DescenDANCE Party at Mickey’s Not-So-Scary Halloween Party,SHOW,OPERATING,2026-08-21T19:00:00-04:00,2026-08-22T00:00:00-04:00,2026-08-21T04:00:49.078Z
2026-08-21T16:30:13.821263-04:00,2026-08-21,ee56b2f3-fd49-4a29-ae1a-2d321549a633,Disney Festival of Fantasy Parade,SHOW,OPERATING,2026-08-21T14:00:00-04:00,2026-08-21T14:00:00-04:00,2026-08-21T04:00:48.942Z
2026-08-21T16:30:13.821263-04:00,2026-08-21,92524eb7-4ee5-4eab-936c-2eb8e6eb0ecd,The Cadaver Dans Barbershop Quartet at Mickey's Not-So-Scary Halloween Party,SHOW,OPERATING,2026-08-21T19:00:00-04:00,2026-08-21T19:00:00-04:00,2026-08-21T04:00:48.933Z
2026-08-21T16:30:13.821263-04:00,2026-08-21,92524eb7-4ee5-4eab-936c-2eb8e6eb0ecd,The Cadaver Dans Barbershop Quartet at Mickey's Not-So-Scary Halloween Party,SHOW,OPERATING,2026-08-21T19:50:00-04:00,2026-08-21T19:50:00-04:00,2026-08-21T04:00:48.933Z
2026-08-21T16:30:13.821263-04:00,2026-08-21,92524eb7-4ee5-4eab-936c-2eb8e6eb0ecd,The Cadaver Dans Barbershop Quartet at Mickey's Not-So-Scary Halloween Party,SHOW,OPERATING,2026-08-21T20:45:00-04:00,2026-08-21T20:45:00-04:00,2026-08-21T04:00:48.933Z
2026-08-21T16:30:13.821263-04:00,2026-08-21,92524eb7-4ee5-4eab-936c-2eb8e6eb0ecd,The Cadaver Dans Barbershop Quartet at Mickey's Not-So-Scary Halloween Party,SHOW,OPERATING,2026-08-21T21:30:00-04:00,2026-08-21T21:30:00-04:00,2026-08-21T04:00:48.933Z
2026-08-21T16:30:13.821263-04:00,2026-08-21,92524eb7-4ee5-4eab-936c-2eb8e6eb0ecd,The Cadaver Dans Barbershop Quartet at Mickey's Not-So-Scary Halloween Party,SHOW,OPERATING,2026-08-21T22:50:00-04:00,2026-08-21T22:50:00-04:00,2026-08-21T04:00:48.933Z
2026-08-21T16:30:13.821263-04:00,2026-08-21,92524eb7-4ee5-4eab-936c-2eb8e6eb0ecd,The Cadaver Dans Barbershop Quartet at Mickey's Not-So-Scary Halloween Party,SHOW,OPERATING,2026-08-21T23:45:00-04:00,2026-08-21T23:45:00-04:00,2026-08-21T04:00:48.933Z
2026-08-21T16:30:13.821263-04:00,2026-08-21,d69261dc-62b8-434c-83bd-93649b43c408,Disney Starlight: Dream the Night Away,SHOW,CLOSED,,,2026-08-21T04:00:49.219Z
2026-08-21T16:30:13.821263-04:00,2026-08-21,22b78ed9-a692-47cb-b6a4-6d1224ff67e3,Happily Ever After,SHOW,CLOSED,,,2026-08-21T04:00:49.005Z
2026-08-21T16:30:13.821263-04:00,2026-08-21,5c00cd7c-b207-4d9d-9c8c-a8d418fc5425,Mickey’s Boo-To-You Halloween Parade at Mickey's Not-So-Scary Halloween Party,SHOW,OPERATING,2026-08-21T20:15:00-04:00,2026-08-21T20:15:00-04:00,2026-08-21T04:00:49.423Z
2026-08-21T16:30:13.821263-04:00,2026-08-21,5c00cd7c-b207-4d9d-9c8c-a8d418fc5425,Mickey’s Boo-To-You Halloween Parade at Mickey's Not-So-Scary Halloween Party,SHOW,OPERATING,2026-08-21T23:15:00-04:00,2026-08-21T23:15:00-04:00,2026-08-21T04:00:49.423Z
2026-08-21T16:30:13.821263-04:00,2026-08-21,05ca3e51-580b-44ca-8046-7d3e57a6d248,Disney’s Not-So-Spooky Spectacular at Mickey's Not-So-Scary Halloween Party,SHOW,OPERATING,2026-08-21T22:00:00-04:00,2026-08-21T22:00:00-04:00,2026-08-21T04:00:49.331Z
2026-08-21T16:30:13.821263-04:00,2026-08-21,b5d6d1d1-e960-4c8f-a8a4-b9748b386b64,Meet Dashing Disney Pals as Circus Stars at Pete's Silly Sideshow,SHOW,OPERATING,2026-08-21T10:00:00-04:00,2026-08-21T17:00:00-04:00,2026-08-21T20:18:09.222Z
2026-08-21T16:30:13.821263-04:00,2026-08-21,947edbee-85a5-4aa0-99f3-14c7de539542,Meet Jack Skellington and Sally at Mickey's Not-So-Scary Halloween Party,SHOW,CLOSED,2026-08-18T19:00:00-04:00,2026-08-18T23:30:00-04:00,2026-08-19T03:30:31.100Z
2026-08-21T16:30:13.821263-04:00,2026-08-21,5564113f-25b4-4646-ac35-aacf983e2fd6,Meet Mickey Mouse and Minnie Mouse at Mickey's Not-So-Scary Halloween Party,SHOW,CLOSED,2026-08-18T19:00:00-04:00,2026-08-18T23:30:00-04:00,2026-08-19T03:30:31.111Z
2026-08-21T16:30:13.821263-04:00,2026-08-21,1c708beb-41e1-43ae-8dd8-1e85075aeb38,Flag Retreat,SHOW,OPERATING,2026-08-21T17:00:00-04:00,2026-08-21T17:00:00-04:00,2026-08-21T04:00:49.347Z
2026-08-21T16:30:13.821263-04:00,2026-08-21,f819079e-644e-4fce-bda3-26b899ac7027,Disney Adventure Friends Cavalcade,SHOW,OPERATING,2026-08-21T11:05:00-04:00,2026-08-21T11:05:00-04:00,2026-08-21T04:00:49.126Z
2026-08-21T16:30:13.821263-04:00,2026-08-21,e0cd6a94-6dbe-4f52-aaa8-b3d2fdf5f2f6,Jessie’s Roundup: A Rip-Roarin’ Revue!,SHOW,OPERATING,2026-08-21T09:30:00-04:00,2026-08-21T17:30:00-04:00,2026-08-21T04:00:49.289Z
2026-08-21T16:30:13.821263-04:00,2026-08-21,a0613b70-293f-4a5b-8169-357be1777c62,Casey's Corner Pianist,SHOW,OPERATING,2026-08-21T10:50:00-04:00,2026-08-21T10:50:00-04:00,2026-08-21T04:00:49.407Z
2026-08-21T16:30:13.821263-04:00,2026-08-21,a0613b70-293f-4a5b-8169-357be1777c62,Casey's Corner Pianist,SHOW,OPERATING,2026-08-21T12:00:00-04:00,2026-08-21T12:00:00-04:00,2026-08-21T04:00:49.407Z
2026-08-21T16:30:13.821263-04:00,2026-08-21,a0613b70-293f-4a5b-8169-357be1777c62,Casey's Corner Pianist,SHOW,OPERATING,2026-08-21T13:15:00-04:00,2026-08-21T13:15:00-04:00,2026-08-21T04:00:49.407Z
2026-08-21T16:30:13.821263-04:00,2026-08-21,a0613b70-293f-4a5b-8169-357be1777c62,Casey's Corner Pianist,SHOW,OPERATING,2026-08-21T14:35:00-04:00,2026-08-21T14:35:00-04:00,2026-08-21T04:00:49.407Z
2026-08-21T16:30:13.821263-04:00,2026-08-21,a0613b70-293f-4a5b-8169-357be1777c62,Casey's Corner Pianist,SHOW,OPERATING,2026-08-21T15:15:00-04:00,2026-08-21T15:15:00-04:00,2026-08-21T04:00:49.407Z
2026-08-21T16:30:13.821263-04:00,2026-08-21,a0613b70-293f-4a5b-8169-357be1777c62,Casey's Corner Pianist,SHOW,OPERATING,2026-08-21T16:35:00-04:00,2026-08-21T16:35:00-04:00,2026-08-21T04:00:49.407Z
2026-08-21T16:30:13.821263-04:00,2026-08-21,a0613b70-293f-4a5b-8169-357be1777c62,Casey's Corner Pianist,SHOW,OPERATING,2026-08-21T17:30:00-04:00,2026-08-21T17:30:00-04:00,2026-08-21T04:00:49.407Z
2026-08-21T16:30:13.821263-04:00,2026-08-21,1eee22e8-1d0a-4809-a42b-df3ae55c69d5,The Dapper Dans,SHOW,OPERATING,2026-08-21T09:00:00-04:00,2026-08-21T09:00:00-04:00,2026-08-21T04:00:49.415Z
2026-08-21T16:30:13.821263-04:00,2026-08-21,1eee22e8-1d0a-4809-a42b-df3ae55c69d5,The Dapper Dans,SHOW,OPERATING,2026-08-21T09:50:00-04:00,2026-08-21T09:50:00-04:00,2026-08-21T04:00:49.415Z
2026-08-21T16:30:13.821263-04:00,2026-08-21,1eee22e8-1d0a-4809-a42b-df3ae55c69d5,The Dapper Dans,SHOW,OPERATING,2026-08-21T10:40:00-04:00,2026-08-21T10:40:00-04:00,2026-08-21T04:00:49.415Z
2026-08-21T16:30:13.821263-04:00,2026-08-21,1eee22e8-1d0a-4809-a42b-df3ae55c69d5,The Dapper Dans,SHOW,OPERATING,2026-08-21T12:05:00-04:00,2026-08-21T12:05:00-04:00,2026-08-21T04:00:49.415Z
2026-08-21T16:30:13.821263-04:00,2026-08-21,1eee22e8-1d0a-4809-a42b-df3ae55c69d5,The Dapper Dans,SHOW,OPERATING,2026-08-21T13:10:00-04:00,2026-08-21T13:10:00-04:00,2026-08-21T04:00:49.415Z
2026-08-21T16:30:13.821263-04:00,2026-08-21,1eee22e8-1d0a-4809-a42b-df3ae55c69d5,The Dapper Dans,SHOW,OPERATING,2026-08-21T14:55:00-04:00,2026-08-21T14:55:00-04:00,2026-08-21T04:00:49.415Z
2026-08-21T16:30:13.821263-04:00,2026-08-21,1eee22e8-1d0a-4809-a42b-df3ae55c69d5,The Dapper Dans,SHOW,OPERATING,2026-08-21T15:55:00-04:00,2026-08-21T15:55:00-04:00,2026-08-21T04:00:49.415Z
2026-08-21T16:30:13.821263-04:00,2026-08-21,166f2985-7b27-4eff-a8b3-29c3448ba198,Meet Daring Disney Pals as Circus Stars at Pete's Silly Sideshow,SHOW,OPERATING,2026-08-21T10:00:00-04:00,2026-08-21T17:00:00-04:00,2026-08-21T19:17:02.061Z
2026-08-21T16:30:13.821263-04:00,2026-08-21,012a211b-4c91-451c-8a0e-5e3ab398eda8,Meet Ariel at Her Grotto,SHOW,OPERATING,2026-08-21T09:30:00-04:00,2026-08-21T17:30:00-04:00,2026-08-21T20:09:03.295Z
2026-08-21T16:30:13.821263-04:00,2026-08-21,cf4b2ba4-3626-4de7-9d07-abe8a65b1665,Meet Princess Tiana and a Visiting Princess at Princess Fairytale Hall,SHOW,OPERATING,2026-08-21T09:00:00-04:00,2026-08-21T17:00:00-04:00,2026-08-21T20:14:21.206Z
2026-08-21T16:30:13.821263-04:00,2026-08-21,a2d92647-634d-4eb4-886b-9da858e871f1,Meet Mickey at Town Square Theater,SHOW,OPERATING,2026-08-21T08:00:00-04:00,2026-08-21T17:30:00-04:00,2026-08-21T20:25:01.555Z
2026-08-21T16:30:13.821263-04:00,2026-08-21,40737d3d-0ff6-4a9e-a050-beb87bf90120,Meet Cinderella and a Visiting Princess at Princess Fairytale Hall,SHOW,OPERATING,2026-08-21T09:00:00-04:00,2026-08-21T17:00:00-04:00,2026-08-21T20:13:02.785Z
2026-08-21T19:30:18.206398-04:00,2026-08-21,a74421f2-5de4-4425-bd06-8b4639b29826,Meet Festive Disney Pals at Mickey’s Not-So-Scary Halloween Party,SHOW,OPERATING,2026-08-21T19:00:00-04:00,2026-08-21T23:30:00-04:00,2026-08-21T23:28:06.863Z
2026-08-21T19:30:18.206398-04:00,2026-08-21,c1f39c15-7845-46b5-b6fd-2ae368a32a37,Captain Jack’s Buccaneer Bash at Mickey’s Not-So-Scary Halloween Party,SHOW,OPERATING,2026-08-21T19:00:00-04:00,2026-08-22T00:00:00-04:00,2026-08-21T04:00:49.307Z
2026-08-21T19:30:18.206398-04:00,2026-08-21,97c837c3-4a0f-4d52-b93c-074cf31d6f41,Stitch’s Masquerade Mashup at Mickey’s Not-So-Scary Halloween Party,SHOW,OPERATING,2026-08-21T19:00:00-04:00,2026-08-22T00:00:00-04:00,2026-08-21T04:00:49.315Z
2026-08-21T19:30:18.206398-04:00,2026-08-21,6d74b3d9-f977-4c9b-8114-93969b51b105,Hocus Pocus Villain Spelltacular,SHOW,OPERATING,2026-08-21T21:05:00-04:00,2026-08-21T21:05:00-04:00,2026-08-21T04:00:48.969Z
2026-08-21T19:30:18.206398-04:00,2026-08-21,6d74b3d9-f977-4c9b-8114-93969b51b105,Hocus Pocus Villain Spelltacular,SHOW,OPERATING,2026-08-21T22:35:00-04:00,2026-08-21T22:35:00-04:00,2026-08-21T04:00:48.969Z
2026-08-21T19:30:18.206398-04:00,2026-08-21,6d74b3d9-f977-4c9b-8114-93969b51b105,Hocus Pocus Villain Spelltacular,SHOW,OPERATING,2026-08-21T23:59:00-04:00,2026-08-21T23:59:00-04:00,2026-08-21T04:00:48.969Z
2026-08-21T19:30:18.206398-04:00,2026-08-21,4c31b3ad-5dc9-437f-ac1a-0fdff36a2818,Mickey's Magical Friendship Faire,SHOW,OPERATING,2026-08-21T10:00:00-04:00,2026-08-21T10:00:00-04:00,2026-08-21T04:00:48.979Z
2026-08-21T19:30:18.206398-04:00,2026-08-21,4c31b3ad-5dc9-437f-ac1a-0fdff36a2818,Mickey's Magical Friendship Faire,SHOW,OPERATING,2026-08-21T11:35:00-04:00,2026-08-21T11:35:00-04:00,2026-08-21T04:00:48.979Z
2026-08-21T19:30:18.206398-04:00,2026-08-21,4c31b3ad-5dc9-437f-ac1a-0fdff36a2818,Mickey's Magical Friendship Faire,SHOW,OPERATING,2026-08-21T12:45:00-04:00,2026-08-21T12:45:00-04:00,2026-08-21T04:00:48.979Z
2026-08-21T19:30:18.206398-04:00,2026-08-21,4c31b3ad-5dc9-437f-ac1a-0fdff36a2818,Mickey's Magical Friendship Faire,SHOW,OPERATING,2026-08-21T14:55:00-04:00,2026-08-21T14:55:00-04:00,2026-08-21T04:00:48.979Z
2026-08-21T19:30:18.206398-04:00,2026-08-21,4c31b3ad-5dc9-437f-ac1a-0fdff36a2818,Mickey's Magical Friendship Faire,SHOW,OPERATING,2026-08-21T16:00:00-04:00,2026-08-21T16:00:00-04:00,2026-08-21T04:00:48.979Z
2026-08-21T19:30:18.206398-04:00,2026-08-21,51392ca4-f824-42d8-8808-8110ec8e0e22,"Main Street Philharmonic at Main Street, U.S.A.",SHOW,OPERATING,2026-08-21T12:25:00-04:00,2026-08-21T12:25:00-04:00,2026-08-21T04:00:49.399Z
2026-08-21T19:30:18.206398-04:00,2026-08-21,51392ca4-f824-42d8-8808-8110ec8e0e22,"Main Street Philharmonic at Main Street, U.S.A.",SHOW,OPERATING,2026-08-21T13:35:00-04:00,2026-08-21T13:35:00-04:00,2026-08-21T04:00:49.399Z
2026-08-21T19:30:18.206398-04:00,2026-08-21,51392ca4-f824-42d8-8808-8110ec8e0e22,"Main Street Philharmonic at Main Street, U.S.A.",SHOW,OPERATING,2026-08-21T14:35:00-04:00,2026-08-21T14:35:00-04:00,2026-08-21T04:00:49.399Z
2026-08-21T19:30:18.206398-04:00,2026-08-21,51392ca4-f824-42d8-8808-8110ec8e0e22,"Main Street Philharmonic at Main Street, U.S.A.",SHOW,OPERATING,2026-08-21T15:35:00-04:00,2026-08-21T15:35:00-04:00,2026-08-21T04:00:49.399Z
2026-08-21T19:30:18.206398-04:00,2026-08-21,86c198b0-7c02-4354-814a-27ad70067d45,Disney Enchantment at Disney After Hours at Magic Kingdom,SHOW,CLOSED,,,2026-07-28T04:04:15.245Z
2026-08-21T19:30:18.206398-04:00,2026-08-21,9221e600-6715-4b4f-b39a-00c318c00e03,Destination DescenDANCE Party at Mickey’s Not-So-Scary Halloween Party,SHOW,OPERATING,2026-08-21T19:00:00-04:00,2026-08-22T00:00:00-04:00,2026-08-21T04:00:49.078Z
2026-08-21T19:30:18.206398-04:00,2026-08-21,ee56b2f3-fd49-4a29-ae1a-2d321549a633,Disney Festival of Fantasy Parade,SHOW,OPERATING,2026-08-21T14:00:00-04:00,2026-08-21T14:00:00-04:00,2026-08-21T04:00:48.942Z
2026-08-21T19:30:18.206398-04:00,2026-08-21,92524eb7-4ee5-4eab-936c-2eb8e6eb0ecd,The Cadaver Dans Barbershop Quartet at Mickey's Not-So-Scary Halloween Party,SHOW,OPERATING,2026-08-21T19:00:00-04:00,2026-08-21T19:00:00-04:00,2026-08-21T04:00:48.933Z
2026-08-21T19:30:18.206398-04:00,2026-08-21,92524eb7-4ee5-4eab-936c-2eb8e6eb0ecd,The Cadaver Dans Barbershop Quartet at Mickey's Not-So-Scary Halloween Party,SHOW,OPERATING,2026-08-21T19:50:00-04:00,2026-08-21T19:50:00-04:00,2026-08-21T04:00:48.933Z
2026-08-21T19:30:18.206398-04:00,2026-08-21,92524eb7-4ee5-4eab-936c-2eb8e6eb0ecd,The Cadaver Dans Barbershop Quartet at Mickey's Not-So-Scary Halloween Party,SHOW,OPERATING,2026-08-21T20:45:00-04:00,2026-08-21T20:45:00-04:00,2026-08-21T04:00:48.933Z
2026-08-21T19:30:18.206398-04:00,2026-08-21,92524eb7-4ee5-4eab-936c-2eb8e6eb0ecd,The Cadaver Dans Barbershop Quartet at Mickey's Not-So-Scary Halloween Party,SHOW,OPERATING,2026-08-21T21:30:00-04:00,2026-08-21T21:30:00-04:00,2026-08-21T04:00:48.933Z
2026-08-21T19:30:18.206398-04:00,2026-08-21,92524eb7-4ee5-4eab-936c-2eb8e6eb0ecd,The Cadaver Dans Barbershop Quartet at Mickey's Not-So-Scary Halloween Party,SHOW,OPERATING,2026-08-21T22:50:00-04:00,2026-08-21T22:50:00-04:00,2026-08-21T04:00:48.933Z
2026-08-21T19:30:18.206398-04:00,2026-08-21,92524eb7-4ee5-4eab-936c-2eb8e6eb0ecd,The Cadaver Dans Barbershop Quartet at Mickey's Not-So-Scary Halloween Party,SHOW,OPERATING,2026-08-21T23:45:00-04:00,2026-08-21T23:45:00-04:00,2026-08-21T04:00:48.933Z
2026-08-21T19:30:18.206398-04:00,2026-08-21,d69261dc-62b8-434c-83bd-93649b43c408,Disney Starlight: Dream the Night Away,SHOW,CLOSED,,,2026-08-21T04:00:49.219Z
2026-08-21T19:30:18.206398-04:00,2026-08-21,22b78ed9-a692-47cb-b6a4-6d1224ff67e3,Happily Ever After,SHOW,CLOSED,,,2026-08-21T04:00:49.005Z
2026-08-21T19:30:18.206398-04:00,2026-08-21,5c00cd7c-b207-4d9d-9c8c-a8d418fc5425,Mickey’s Boo-To-You Halloween Parade at Mickey's Not-So-Scary Halloween Party,SHOW,OPERATING,2026-08-21T20:15:00-04:00,2026-08-21T20:15:00-04:00,2026-08-21T04:00:49.423Z
2026-08-21T19:30:18.206398-04:00,2026-08-21,5c00cd7c-b207-4d9d-9c8c-a8d418fc5425,Mickey’s Boo-To-You Halloween Parade at Mickey's Not-So-Scary Halloween Party,SHOW,OPERATING,2026-08-21T23:15:00-04:00,2026-08-21T23:15:00-04:00,2026-08-21T04:00:49.423Z
2026-08-21T19:30:18.206398-04:00,2026-08-21,05ca3e51-580b-44ca-8046-7d3e57a6d248,Disney’s Not-So-Spooky Spectacular at Mickey's Not-So-Scary Halloween Party,SHOW,OPERATING,2026-08-21T22:00:00-04:00,2026-08-21T22:00:00-04:00,2026-08-21T04:00:49.331Z
2026-08-21T19:30:18.206398-04:00,2026-08-21,b5d6d1d1-e960-4c8f-a8a4-b9748b386b64,Meet Dashing Disney Pals as Circus Stars at Pete's Silly Sideshow,SHOW,CLOSED,2026-08-21T10:00:00-04:00,2026-08-21T17:00:00-04:00,2026-08-21T21:01:04.845Z
2026-08-21T19:30:18.206398-04:00,2026-08-21,947edbee-85a5-4aa0-99f3-14c7de539542,Meet Jack Skellington and Sally at Mickey's Not-So-Scary Halloween Party,SHOW,OPERATING,2026-08-21T19:00:00-04:00,2026-08-21T23:30:00-04:00,2026-08-21T23:03:03.172Z
2026-08-21T19:30:18.206398-04:00,2026-08-21,5564113f-25b4-4646-ac35-aacf983e2fd6,Meet Mickey Mouse and Minnie Mouse at Mickey's Not-So-Scary Halloween Party,SHOW,OPERATING,2026-08-21T19:00:00-04:00,2026-08-21T23:30:00-04:00,2026-08-21T23:03:03.186Z
2026-08-21T19:30:18.206398-04:00,2026-08-21,1c708beb-41e1-43ae-8dd8-1e85075aeb38,Flag Retreat,SHOW,OPERATING,2026-08-21T17:00:00-04:00,2026-08-21T17:00:00-04:00,2026-08-21T04:00:49.347Z
2026-08-21T19:30:18.206398-04:00,2026-08-21,f819079e-644e-4fce-bda3-26b899ac7027,Disney Adventure Friends Cavalcade,SHOW,OPERATING,2026-08-21T11:05:00-04:00,2026-08-21T11:05:00-04:00,2026-08-21T04:00:49.126Z
2026-08-21T19:30:18.206398-04:00,2026-08-21,e0cd6a94-6dbe-4f52-aaa8-b3d2fdf5f2f6,Jessie’s Roundup: A Rip-Roarin’ Revue!,SHOW,OPERATING,2026-08-21T09:30:00-04:00,2026-08-21T17:30:00-04:00,2026-08-21T04:00:49.289Z
2026-08-21T19:30:18.206398-04:00,2026-08-21,a0613b70-293f-4a5b-8169-357be1777c62,Casey's Corner Pianist,SHOW,OPERATING,2026-08-21T10:50:00-04:00,2026-08-21T10:50:00-04:00,2026-08-21T04:00:49.407Z
2026-08-21T19:30:18.206398-04:00,2026-08-21,a0613b70-293f-4a5b-8169-357be1777c62,Casey's Corner Pianist,SHOW,OPERATING,2026-08-21T12:00:00-04:00,2026-08-21T12:00:00-04:00,2026-08-21T04:00:49.407Z
2026-08-21T19:30:18.206398-04:00,2026-08-21,a0613b70-293f-4a5b-8169-357be1777c62,Casey's Corner Pianist,SHOW,OPERATING,2026-08-21T13:15:00-04:00,2026-08-21T13:15:00-04:00,2026-08-21T04:00:49.407Z
2026-08-21T19:30:18.206398-04:00,2026-08-21,a0613b70-293f-4a5b-8169-357be1777c62,Casey's Corner Pianist,SHOW,OPERATING,2026-08-21T14:35:00-04:00,2026-08-21T14:35:00-04:00,2026-08-21T04:00:49.407Z
2026-08-21T19:30:18.206398-04:00,2026-08-21,a0613b70-293f-4a5b-8169-357be1777c62,Casey's Corner Pianist,SHOW,OPERATING,2026-08-21T15:15:00-04:00,2026-08-21T15:15:00-04:00,2026-08-21T04:00:49.407Z
2026-08-21T19:30:18.206398-04:00,2026-08-21,a0613b70-293f-4a5b-8169-357be1777c62,Casey's Corner Pianist,SHOW,OPERATING,2026-08-21T16:35:00-04:00,2026-08-21T16:35:00-04:00,2026-08-21T04:00:49.407Z
2026-08-21T19:30:18.206398-04:00,2026-08-21,a0613b70-293f-4a5b-8169-357be1777c62,Casey's Corner Pianist,SHOW,OPERATING,2026-08-21T17:30:00-04:00,2026-08-21T17:30:00-04:00,2026-08-21T04:00:49.407Z
2026-08-21T19:30:18.206398-04:00,2026-08-21,1eee22e8-1d0a-4809-a42b-df3ae55c69d5,The Dapper Dans,SHOW,OPERATING,2026-08-21T09:00:00-04:00,2026-08-21T09:00:00-04:00,2026-08-21T04:00:49.415Z
2026-08-21T19:30:18.206398-04:00,2026-08-21,1eee22e8-1d0a-4809-a42b-df3ae55c69d5,The Dapper Dans,SHOW,OPERATING,2026-08-21T09:50:00-04:00,2026-08-21T09:50:00-04:00,2026-08-21T04:00:49.415Z
2026-08-21T19:30:18.206398-04:00,2026-08-21,1eee22e8-1d0a-4809-a42b-df3ae55c69d5,The Dapper Dans,SHOW,OPERATING,2026-08-21T10:40:00-04:00,2026-08-21T10:40:00-04:00,2026-08-21T04:00:49.415Z
2026-08-21T19:30:18.206398-04:00,2026-08-21,1eee22e8-1d0a-4809-a42b-df3ae55c69d5,The Dapper Dans,SHOW,OPERATING,2026-08-21T12:05:00-04:00,2026-08-21T12:05:00-04:00,2026-08-21T04:00:49.415Z
2026-08-21T19:30:18.206398-04:00,2026-08-21,1eee22e8-1d0a-4809-a42b-df3ae55c69d5,The Dapper Dans,SHOW,OPERATING,2026-08-21T13:10:00-04:00,2026-08-21T13:10:00-04:00,2026-08-21T04:00:49.415Z
2026-08-21T19:30:18.206398-04:00,2026-08-21,1eee22e8-1d0a-4809-a42b-df3ae55c69d5,The Dapper Dans,SHOW,OPERATING,2026-08-21T14:55:00-04:00,2026-08-21T14:55:00-04:00,2026-08-21T04:00:49.415Z
2026-08-21T19:30:18.206398-04:00,2026-08-21,1eee22e8-1d0a-4809-a42b-df3ae55c69d5,The Dapper Dans,SHOW,OPERATING,2026-08-21T15:55:00-04:00,2026-08-21T15:55:00-04:00,2026-08-21T04:00:49.415Z
2026-08-21T19:30:18.206398-04:00,2026-08-21,166f2985-7b27-4eff-a8b3-29c3448ba198,Meet Daring Disney Pals as Circus Stars at Pete's Silly Sideshow,SHOW,CLOSED,2026-08-21T10:00:00-04:00,2026-08-21T17:00:00-04:00,2026-08-21T21:01:04.893Z
2026-08-21T19:30:18.206398-04:00,2026-08-21,012a211b-4c91-451c-8a0e-5e3ab398eda8,Meet Ariel at Her Grotto,SHOW,CLOSED,2026-08-21T09:30:00-04:00,2026-08-21T17:30:00-04:00,2026-08-21T21:31:00.561Z
2026-08-21T19:30:18.206398-04:00,2026-08-21,cf4b2ba4-3626-4de7-9d07-abe8a65b1665,Meet Princess Tiana and a Visiting Princess at Princess Fairytale Hall,SHOW,CLOSED,2026-08-21T09:00:00-04:00,2026-08-21T17:00:00-04:00,2026-08-21T21:01:04.867Z
2026-08-21T19:30:18.206398-04:00,2026-08-21,a2d92647-634d-4eb4-886b-9da858e871f1,Meet Mickey at Town Square Theater,SHOW,CLOSED,2026-08-21T08:00:00-04:00,2026-08-21T17:30:00-04:00,2026-08-21T21:31:00.554Z
2026-08-21T19:30:18.206398-04:00,2026-08-21,40737d3d-0ff6-4a9e-a050-beb87bf90120,Meet Cinderella and a Visiting Princess at Princess Fairytale Hall,SHOW,CLOSED,2026-08-21T09:00:00-04:00,2026-08-21T17:00:00-04:00,2026-08-21T21:01:04.881Z
2026-08-21T22:30:12.754782-04:00,2026-08-21,a74421f2-5de4-4425-bd06-8b4639b29826,Meet Festive Disney Pals at Mickey’s Not-So-Scary Halloween Party,SHOW,OPERATING,2026-08-21T19:00:00-04:00,2026-08-21T23:30:00-04:00,2026-08-22T00:25:05.221Z
2026-08-21T22:30:12.754782-04:00,2026-08-21,c1f39c15-7845-46b5-b6fd-2ae368a32a37,Captain Jack’s Buccaneer Bash at Mickey’s Not-So-Scary Halloween Party,SHOW,OPERATING,2026-08-21T19:00:00-04:00,2026-08-22T00:00:00-04:00,2026-08-21T04:00:49.307Z
2026-08-21T22:30:12.754782-04:00,2026-08-21,97c837c3-4a0f-4d52-b93c-074cf31d6f41,Stitch’s Masquerade Mashup at Mickey’s Not-So-Scary Halloween Party,SHOW,OPERATING,2026-08-21T19:00:00-04:00,2026-08-22T00:00:00-04:00,2026-08-21T04:00:49.315Z
2026-08-21T22:30:12.754782-04:00,2026-08-21,6d74b3d9-f977-4c9b-8114-93969b51b105,Hocus Pocus Villain Spelltacular,SHOW,OPERATING,2026-08-21T21:05:00-04:00,2026-08-21T21:05:00-04:00,2026-08-21T04:00:48.969Z
2026-08-21T22:30:12.754782-04:00,2026-08-21,6d74b3d9-f977-4c9b-8114-93969b51b105,Hocus Pocus Villain Spelltacular,SHOW,OPERATING,2026-08-21T22:35:00-04:00,2026-08-21T22:35:00-04:00,2026-08-21T04:00:48.969Z
2026-08-21T22:30:12.754782-04:00,2026-08-21,6d74b3d9-f977-4c9b-8114-93969b51b105,Hocus Pocus Villain Spelltacular,SHOW,OPERATING,2026-08-21T23:59:00-04:00,2026-08-21T23:59:00-04:00,2026-08-21T04:00:48.969Z
2026-08-21T22:30:12.754782-04:00,2026-08-21,4c31b3ad-5dc9-437f-ac1a-0fdff36a2818,Mickey's Magical Friendship Faire,SHOW,OPERATING,2026-08-21T10:00:00-04:00,2026-08-21T10:00:00-04:00,2026-08-21T04:00:48.979Z
2026-08-21T22:30:12.754782-04:00,2026-08-21,4c31b3ad-5dc9-437f-ac1a-0fdff36a2818,Mickey's Magical Friendship Faire,SHOW,OPERATING,2026-08-21T11:35:00-04:00,2026-08-21T11:35:00-04:00,2026-08-21T04:00:48.979Z
2026-08-21T22:30:12.754782-04:00,2026-08-21,4c31b3ad-5dc9-437f-ac1a-0fdff36a2818,Mickey's Magical Friendship Faire,SHOW,OPERATING,2026-08-21T12:45:00-04:00,2026-08-21T12:45:00-04:00,2026-08-21T04:00:48.979Z
2026-08-21T22:30:12.754782-04:00,2026-08-21,4c31b3ad-5dc9-437f-ac1a-0fdff36a2818,Mickey's Magical Friendship Faire,SHOW,OPERATING,2026-08-21T14:55:00-04:00,2026-08-21T14:55:00-04:00,2026-08-21T04:00:48.979Z
2026-08-21T22:30:12.754782-04:00,2026-08-21,4c31b3ad-5dc9-437f-ac1a-0fdff36a2818,Mickey's Magical Friendship Faire,SHOW,OPERATING,2026-08-21T16:00:00-04:00,2026-08-21T16:00:00-04:00,2026-08-21T04:00:48.979Z
2026-08-21T22:30:12.754782-04:00,2026-08-21,51392ca4-f824-42d8-8808-8110ec8e0e22,"Main Street Philharmonic at Main Street, U.S.A.",SHOW,OPERATING,2026-08-21T12:25:00-04:00,2026-08-21T12:25:00-04:00,2026-08-21T04:00:49.399Z
2026-08-21T22:30:12.754782-04:00,2026-08-21,51392ca4-f824-42d8-8808-8110ec8e0e22,"Main Street Philharmonic at Main Street, U.S.A.",SHOW,OPERATING,2026-08-21T13:35:00-04:00,2026-08-21T13:35:00-04:00,2026-08-21T04:00:49.399Z
2026-08-21T22:30:12.754782-04:00,2026-08-21,51392ca4-f824-42d8-8808-8110ec8e0e22,"Main Street Philharmonic at Main Street, U.S.A.",SHOW,OPERATING,2026-08-21T14:35:00-04:00,2026-08-21T14:35:00-04:00,2026-08-21T04:00:49.399Z
2026-08-21T22:30:12.754782-04:00,2026-08-21,51392ca4-f824-42d8-8808-8110ec8e0e22,"Main Street Philharmonic at Main Street, U.S.A.",SHOW,OPERATING,2026-08-21T15:35:00-04:00,2026-08-21T15:35:00-04:00,2026-08-21T04:00:49.399Z
2026-08-21T22:30:12.754782-04:00,2026-08-21,86c198b0-7c02-4354-814a-27ad70067d45,Disney Enchantment at Disney After Hours at Magic Kingdom,SHOW,CLOSED,,,2026-07-28T04:04:15.245Z
2026-08-21T22:30:12.754782-04:00,2026-08-21,9221e600-6715-4b4f-b39a-00c318c00e03,Destination DescenDANCE Party at Mickey’s Not-So-Scary Halloween Party,SHOW,OPERATING,2026-08-21T19:00:00-04:00,2026-08-22T00:00:00-04:00,2026-08-21T04:00:49.078Z
2026-08-21T22:30:12.754782-04:00,2026-08-21,ee56b2f3-fd49-4a29-ae1a-2d321549a633,Disney Festival of Fantasy Parade,SHOW,OPERATING,2026-08-21T14:00:00-04:00,2026-08-21T14:00:00-04:00,2026-08-21T04:00:48.942Z
2026-08-21T22:30:12.754782-04:00,2026-08-21,92524eb7-4ee5-4eab-936c-2eb8e6eb0ecd,The Cadaver Dans Barbershop Quartet at Mickey's Not-So-Scary Halloween Party,SHOW,OPERATING,2026-08-21T19:00:00-04:00,2026-08-21T19:00:00-04:00,2026-08-21T04:00:48.933Z
2026-08-21T22:30:12.754782-04:00,2026-08-21,92524eb7-4ee5-4eab-936c-2eb8e6eb0ecd,The Cadaver Dans Barbershop Quartet at Mickey's Not-So-Scary Halloween Party,SHOW,OPERATING,2026-08-21T19:50:00-04:00,2026-08-21T19:50:00-04:00,2026-08-21T04:00:48.933Z
2026-08-21T22:30:12.754782-04:00,2026-08-21,92524eb7-4ee5-4eab-936c-2eb8e6eb0ecd,The Cadaver Dans Barbershop Quartet at Mickey's Not-So-Scary Halloween Party,SHOW,OPERATING,2026-08-21T20:45:00-04:00,2026-08-21T20:45:00-04:00,2026-08-21T04:00:48.933Z
2026-08-21T22:30:12.754782-04:00,2026-08-21,92524eb7-4ee5-4eab-936c-2eb8e6eb0ecd,The Cadaver Dans Barbershop Quartet at Mickey's Not-So-Scary Halloween Party,SHOW,OPERATING,2026-08-21T21:30:00-04:00,2026-08-21T21:30:00-04:00,2026-08-21T04:00:48.933Z
2026-08-21T22:30:12.754782-04:00,2026-08-21,92524eb7-4ee5-4eab-936c-2eb8e6eb0ecd,The Cadaver Dans Barbershop Quartet at Mickey's Not-So-Scary Halloween Party,SHOW,OPERATING,2026-08-21T22:50:00-04:00,2026-08-21T22:50:00-04:00,2026-08-21T04:00:48.933Z
2026-08-21T22:30:12.754782-04:00,2026-08-21,92524eb7-4ee5-4eab-936c-2eb8e6eb0ecd,The Cadaver Dans Barbershop Quartet at Mickey's Not-So-Scary Halloween Party,SHOW,OPERATING,2026-08-21T23:45:00-04:00,2026-08-21T23:45:00-04:00,2026-08-21T04:00:48.933Z
2026-08-21T22:30:12.754782-04:00,2026-08-21,d69261dc-62b8-434c-83bd-93649b43c408,Disney Starlight: Dream the Night Away,SHOW,CLOSED,,,2026-08-21T04:00:49.219Z
2026-08-21T22:30:12.754782-04:00,2026-08-21,22b78ed9-a692-47cb-b6a4-6d1224ff67e3,Happily Ever After,SHOW,CLOSED,,,2026-08-21T04:00:49.005Z
2026-08-21T22:30:12.754782-04:00,2026-08-21,5c00cd7c-b207-4d9d-9c8c-a8d418fc5425,Mickey’s Boo-To-You Halloween Parade at Mickey's Not-So-Scary Halloween Party,SHOW,OPERATING,2026-08-21T20:15:00-04:00,2026-08-21T20:15:00-04:00,2026-08-21T04:00:49.423Z
2026-08-21T22:30:12.754782-04:00,2026-08-21,5c00cd7c-b207-4d9d-9c8c-a8d418fc5425,Mickey’s Boo-To-You Halloween Parade at Mickey's Not-So-Scary Halloween Party,SHOW,OPERATING,2026-08-21T23:15:00-04:00,2026-08-21T23:15:00-04:00,2026-08-21T04:00:49.423Z
2026-08-21T22:30:12.754782-04:00,2026-08-21,05ca3e51-580b-44ca-8046-7d3e57a6d248,Disney’s Not-So-Spooky Spectacular at Mickey's Not-So-Scary Halloween Party,SHOW,OPERATING,2026-08-21T22:00:00-04:00,2026-08-21T22:00:00-04:00,2026-08-21T04:00:49.331Z
2026-08-21T22:30:12.754782-04:00,2026-08-21,b5d6d1d1-e960-4c8f-a8a4-b9748b386b64,Meet Dashing Disney Pals as Circus Stars at Pete's Silly Sideshow,SHOW,CLOSED,2026-08-21T10:00:00-04:00,2026-08-21T17:00:00-04:00,2026-08-21T21:01:04.845Z
2026-08-21T22:30:12.754782-04:00,2026-08-21,947edbee-85a5-4aa0-99f3-14c7de539542,Meet Jack Skellington and Sally at Mickey's Not-So-Scary Halloween Party,SHOW,OPERATING,2026-08-21T19:00:00-04:00,2026-08-21T23:30:00-04:00,2026-08-22T02:20:13.479Z
2026-08-21T22:30:12.754782-04:00,2026-08-21,5564113f-25b4-4646-ac35-aacf983e2fd6,Meet Mickey Mouse and Minnie Mouse at Mickey's Not-So-Scary Halloween Party,SHOW,OPERATING,2026-08-21T19:00:00-04:00,2026-08-21T23:30:00-04:00,2026-08-22T02:23:02.770Z
2026-08-21T22:30:12.754782-04:00,2026-08-21,1c708beb-41e1-43ae-8dd8-1e85075aeb38,Flag Retreat,SHOW,OPERATING,2026-08-21T17:00:00-04:00,2026-08-21T17:00:00-04:00,2026-08-21T04:00:49.347Z
2026-08-21T22:30:12.754782-04:00,2026-08-21,f819079e-644e-4fce-bda3-26b899ac7027,Disney Adventure Friends Cavalcade,SHOW,OPERATING,2026-08-21T11:05:00-04:00,2026-08-21T11:05:00-04:00,2026-08-21T04:00:49.126Z
2026-08-21T22:30:12.754782-04:00,2026-08-21,e0cd6a94-6dbe-4f52-aaa8-b3d2fdf5f2f6,Jessie’s Roundup: A Rip-Roarin’ Revue!,SHOW,OPERATING,2026-08-21T09:30:00-04:00,2026-08-21T17:30:00-04:00,2026-08-21T04:00:49.289Z
2026-08-21T22:30:12.754782-04:00,2026-08-21,a0613b70-293f-4a5b-8169-357be1777c62,Casey's Corner Pianist,SHOW,OPERATING,2026-08-21T10:50:00-04:00,2026-08-21T10:50:00-04:00,2026-08-21T04:00:49.407Z
2026-08-21T22:30:12.754782-04:00,2026-08-21,a0613b70-293f-4a5b-8169-357be1777c62,Casey's Corner Pianist,SHOW,OPERATING,2026-08-21T12:00:00-04:00,2026-08-21T12:00:00-04:00,2026-08-21T04:00:49.407Z
2026-08-21T22:30:12.754782-04:00,2026-08-21,a0613b70-293f-4a5b-8169-357be1777c62,Casey's Corner Pianist,SHOW,OPERATING,2026-08-21T13:15:00-04:00,2026-08-21T13:15:00-04:00,2026-08-21T04:00:49.407Z
2026-08-21T22:30:12.754782-04:00,2026-08-21,a0613b70-293f-4a5b-8169-357be1777c62,Casey's Corner Pianist,SHOW,OPERATING,2026-08-21T14:35:00-04:00,2026-08-21T14:35:00-04:00,2026-08-21T04:00:49.407Z
2026-08-21T22:30:12.754782-04:00,2026-08-21,a0613b70-293f-4a5b-8169-357be1777c62,Casey's Corner Pianist,SHOW,OPERATING,2026-08-21T15:15:00-04:00,2026-08-21T15:15:00-04:00,2026-08-21T04:00:49.407Z
2026-08-21T22:30:12.754782-04:00,2026-08-21,a0613b70-293f-4a5b-8169-357be1777c62,Casey's Corner Pianist,SHOW,OPERATING,2026-08-21T16:35:00-04:00,2026-08-21T16:35:00-04:00,2026-08-21T04:00:49.407Z
2026-08-21T22:30:12.754782-04:00,2026-08-21,a0613b70-293f-4a5b-8169-357be1777c62,Casey's Corner Pianist,SHOW,OPERATING,2026-08-21T17:30:00-04:00,2026-08-21T17:30:00-04:00,2026-08-21T04:00:49.407Z
2026-08-21T22:30:12.754782-04:00,2026-08-21,1eee22e8-1d0a-4809-a42b-df3ae55c69d5,The Dapper Dans,SHOW,OPERATING,2026-08-21T09:00:00-04:00,2026-08-21T09:00:00-04:00,2026-08-21T04:00:49.415Z
2026-08-21T22:30:12.754782-04:00,2026-08-21,1eee22e8-1d0a-4809-a42b-df3ae55c69d5,The Dapper Dans,SHOW,OPERATING,2026-08-21T09:50:00-04:00,2026-08-21T09:50:00-04:00,2026-08-21T04:00:49.415Z
2026-08-21T22:30:12.754782-04:00,2026-08-21,1eee22e8-1d0a-4809-a42b-df3ae55c69d5,The Dapper Dans,SHOW,OPERATING,2026-08-21T10:40:00-04:00,2026-08-21T10:40:00-04:00,2026-08-21T04:00:49.415Z
2026-08-21T22:30:12.754782-04:00,2026-08-21,1eee22e8-1d0a-4809-a42b-df3ae55c69d5,The Dapper Dans,SHOW,OPERATING,2026-08-21T12:05:00-04:00,2026-08-21T12:05:00-04:00,2026-08-21T04:00:49.415Z
2026-08-21T22:30:12.754782-04:00,2026-08-21,1eee22e8-1d0a-4809-a42b-df3ae55c69d5,The Dapper Dans,SHOW,OPERATING,2026-08-21T13:10:00-04:00,2026-08-21T13:10:00-04:00,2026-08-21T04:00:49.415Z
2026-08-21T22:30:12.754782-04:00,2026-08-21,1eee22e8-1d0a-4809-a42b-df3ae55c69d5,The Dapper Dans,SHOW,OPERATING,2026-08-21T14:55:00-04:00,2026-08-21T14:55:00-04:00,2026-08-21T04:00:49.415Z
2026-08-21T22:30:12.754782-04:00,2026-08-21,1eee22e8-1d0a-4809-a42b-df3ae55c69d5,The Dapper Dans,SHOW,OPERATING,2026-08-21T15:55:00-04:00,2026-08-21T15:55:00-04:00,2026-08-21T04:00:49.415Z
2026-08-21T22:30:12.754782-04:00,2026-08-21,166f2985-7b27-4eff-a8b3-29c3448ba198,Meet Daring Disney Pals as Circus Stars at Pete's Silly Sideshow,SHOW,CLOSED,2026-08-21T10:00:00-04:00,2026-08-21T17:00:00-04:00,2026-08-21T21:01:04.893Z
2026-08-21T22:30:12.754782-04:00,2026-08-21,012a211b-4c91-451c-8a0e-5e3ab398eda8,Meet Ariel at Her Grotto,SHOW,CLOSED,2026-08-21T09:30:00-04:00,2026-08-21T17:30:00-04:00,2026-08-21T21:31:00.561Z
2026-08-21T22:30:12.754782-04:00,2026-08-21,cf4b2ba4-3626-4de7-9d07-abe8a65b1665,Meet Princess Tiana and a Visiting Princess at Princess Fairytale Hall,SHOW,CLOSED,2026-08-21T09:00:00-04:00,2026-08-21T17:00:00-04:00,2026-08-21T21:01:04.867Z
2026-08-21T22:30:12.754782-04:00,2026-08-21,a2d92647-634d-4eb4-886b-9da858e871f1,Meet Mickey at Town Square Theater,SHOW,CLOSED,2026-08-21T08:00:00-04:00,2026-08-21T17:30:00-04:00,2026-08-21T21:31:00.554Z
2026-08-21T22:30:12.754782-04:00,2026-08-21,40737d3d-0ff6-4a9e-a050-beb87bf90120,Meet Cinderella and a Visiting Princess at Princess Fairytale Hall,SHOW,CLOSED,2026-08-21T09:00:00-04:00,2026-08-21T17:00:00-04:00,2026-08-21T21:01:04.881Z
2026-08-23T16:30:15.067199-04:00,2026-08-23,a74421f2-5de4-4425-bd06-8b4639b29826,Meet Festive Disney Pals at Mickey’s Not-So-Scary Halloween Party,SHOW,CLOSED,,,2026-08-22T04:02:16.878Z
2026-08-23T16:30:15.067199-04:00,2026-08-23,c1f39c15-7845-46b5-b6fd-2ae368a32a37,Captain Jack’s Buccaneer Bash at Mickey’s Not-So-Scary Halloween Party,SHOW,OPERATING,2026-08-23T19:00:00-04:00,2026-08-24T00:00:00-04:00,2026-08-23T04:03:18.562Z
2026-08-23T16:30:15.067199-04:00,2026-08-23,97c837c3-4a0f-4d52-b93c-074cf31d6f41,Stitch’s Masquerade Mashup at Mickey’s Not-So-Scary Halloween Party,SHOW,OPERATING,2026-08-23T19:00:00-04:00,2026-08-24T00:00:00-04:00,2026-08-23T04:03:18.568Z
2026-08-23T16:30:15.067199-04:00,2026-08-23,4c31b3ad-5dc9-437f-ac1a-0fdff36a2818,Mickey's Magical Friendship Faire,SHOW,OPERATING,2026-08-23T10:00:00-04:00,2026-08-23T10:00:00-04:00,2026-08-23T04:03:18.262Z
2026-08-23T16:30:15.067199-04:00,2026-08-23,4c31b3ad-5dc9-437f-ac1a-0fdff36a2818,Mickey's Magical Friendship Faire,SHOW,OPERATING,2026-08-23T11:35:00-04:00,2026-08-23T11:35:00-04:00,2026-08-23T04:03:18.262Z
2026-08-23T16:30:15.067199-04:00,2026-08-23,4c31b3ad-5dc9-437f-ac1a-0fdff36a2818,Mickey's Magical Friendship Faire,SHOW,OPERATING,2026-08-23T12:45:00-04:00,2026-08-23T12:45:00-04:00,2026-08-23T04:03:18.262Z
2026-08-23T16:30:15.067199-04:00,2026-08-23,4c31b3ad-5dc9-437f-ac1a-0fdff36a2818,Mickey's Magical Friendship Faire,SHOW,OPERATING,2026-08-23T14:55:00-04:00,2026-08-23T14:55:00-04:00,2026-08-23T04:03:18.262Z
2026-08-23T16:30:15.067199-04:00,2026-08-23,4c31b3ad-5dc9-437f-ac1a-0fdff36a2818,Mickey's Magical Friendship Faire,SHOW,OPERATING,2026-08-23T16:00:00-04:00,2026-08-23T16:00:00-04:00,2026-08-23T04:03:18.262Z
2026-08-23T16:30:15.067199-04:00,2026-08-23,51392ca4-f824-42d8-8808-8110ec8e0e22,"Main Street Philharmonic at Main Street, U.S.A.",SHOW,CLOSED,,,2026-08-23T04:03:18.636Z
2026-08-23T16:30:15.067199-04:00,2026-08-23,86c198b0-7c02-4354-814a-27ad70067d45,Disney Enchantment at Disney After Hours at Magic Kingdom,SHOW,CLOSED,,,2026-07-28T04:04:15.245Z
2026-08-23T16:30:15.067199-04:00,2026-08-23,166f2985-7b27-4eff-a8b3-29c3448ba198,Meet Daring Disney Pals as Circus Stars at Pete's Silly Sideshow,SHOW,OPERATING,2026-08-23T10:00:00-04:00,2026-08-23T17:00:00-04:00,2026-08-23T20:04:26.745Z
2026-08-23T16:30:15.067199-04:00,2026-08-23,9221e600-6715-4b4f-b39a-00c318c00e03,Destination DescenDANCE Party at Mickey’s Not-So-Scary Halloween Party,SHOW,OPERATING,2026-08-23T19:00:00-04:00,2026-08-24T00:00:00-04:00,2026-08-23T04:03:18.366Z
2026-08-23T16:30:15.067199-04:00,2026-08-23,ee56b2f3-fd49-4a29-ae1a-2d321549a633,Disney Festival of Fantasy Parade,SHOW,OPERATING,2026-08-23T14:00:00-04:00,2026-08-23T14:00:00-04:00,2026-08-23T04:03:18.228Z
2026-08-23T16:30:15.067199-04:00,2026-08-23,92524eb7-4ee5-4eab-936c-2eb8e6eb0ecd,The Cadaver Dans Barbershop Quartet at Mickey's Not-So-Scary Halloween Party,SHOW,OPERATING,2026-08-23T19:00:00-04:00,2026-08-23T19:00:00-04:00,2026-08-23T04:03:18.220Z
2026-08-23T16:30:15.067199-04:00,2026-08-23,92524eb7-4ee5-4eab-936c-2eb8e6eb0ecd,The Cadaver Dans Barbershop Quartet at Mickey's Not-So-Scary Halloween Party,SHOW,OPERATING,2026-08-23T19:50:00-04:00,2026-08-23T19:50:00-04:00,2026-08-23T04:03:18.220Z
2026-08-23T16:30:15.067199-04:00,2026-08-23,92524eb7-4ee5-4eab-936c-2eb8e6eb0ecd,The Cadaver Dans Barbershop Quartet at Mickey's Not-So-Scary Halloween Party,SHOW,OPERATING,2026-08-23T20:45:00-04:00,2026-08-23T20:45:00-04:00,2026-08-23T04:03:18.220Z
2026-08-23T16:30:15.067199-04:00,2026-08-23,92524eb7-4ee5-4eab-936c-2eb8e6eb0ecd,The Cadaver Dans Barbershop Quartet at Mickey's Not-So-Scary Halloween Party,SHOW,OPERATING,2026-08-23T21:30:00-04:00,2026-08-23T21:30:00-04:00,2026-08-23T04:03:18.220Z
2026-08-23T16:30:15.067199-04:00,2026-08-23,92524eb7-4ee5-4eab-936c-2eb8e6eb0ecd,The Cadaver Dans Barbershop Quartet at Mickey's Not-So-Scary Halloween Party,SHOW,OPERATING,2026-08-23T22:50:00-04:00,2026-08-23T22:50:00-04:00,2026-08-23T04:03:18.220Z
2026-08-23T16:30:15.067199-04:00,2026-08-23,92524eb7-4ee5-4eab-936c-2eb8e6eb0ecd,The Cadaver Dans Barbershop Quartet at Mickey's Not-So-Scary Halloween Party,SHOW,OPERATING,2026-08-23T23:45:00-04:00,2026-08-23T23:45:00-04:00,2026-08-23T04:03:18.220Z
2026-08-23T16:30:15.067199-04:00,2026-08-23,d69261dc-62b8-434c-83bd-93649b43c408,Disney Starlight: Dream the Night Away,SHOW,CLOSED,,,2026-08-23T04:03:18.491Z
2026-08-23T16:30:15.067199-04:00,2026-08-23,22b78ed9-a692-47cb-b6a4-6d1224ff67e3,Happily Ever After,SHOW,CLOSED,,,2026-08-23T04:03:18.287Z
2026-08-23T16:30:15.067199-04:00,2026-08-23,5c00cd7c-b207-4d9d-9c8c-a8d418fc5425,Mickey’s Boo-To-You Halloween Parade at Mickey's Not-So-Scary Halloween Party,SHOW,OPERATING,2026-08-23T20:15:00-04:00,2026-08-23T20:15:00-04:00,2026-08-23T04:03:18.663Z
2026-08-23T16:30:15.067199-04:00,2026-08-23,5c00cd7c-b207-4d9d-9c8c-a8d418fc5425,Mickey’s Boo-To-You Halloween Parade at Mickey's Not-So-Scary Halloween Party,SHOW,OPERATING,2026-08-23T23:15:00-04:00,2026-08-23T23:15:00-04:00,2026-08-23T04:03:18.663Z
2026-08-23T16:30:15.067199-04:00,2026-08-23,05ca3e51-580b-44ca-8046-7d3e57a6d248,Disney’s Not-So-Spooky Spectacular at Mickey's Not-So-Scary Halloween Party,SHOW,OPERATING,2026-08-23T22:00:00-04:00,2026-08-23T22:00:00-04:00,2026-08-23T04:03:18.582Z
2026-08-23T16:30:15.067199-04:00,2026-08-23,b5d6d1d1-e960-4c8f-a8a4-b9748b386b64,Meet Dashing Disney Pals as Circus Stars at Pete's Silly Sideshow,SHOW,OPERATING,2026-08-23T10:00:00-04:00,2026-08-23T17:00:00-04:00,2026-08-23T20:03:34.197Z
2026-08-23T16:30:15.067199-04:00,2026-08-23,947edbee-85a5-4aa0-99f3-14c7de539542,Meet Jack Skellington and Sally at Mickey's Not-So-Scary Halloween Party,SHOW,CLOSED,,,2026-08-22T04:02:16.852Z
2026-08-23T16:30:15.067199-04:00,2026-08-23,5564113f-25b4-4646-ac35-aacf983e2fd6,Meet Mickey Mouse and Minnie Mouse at Mickey's Not-So-Scary Halloween Party,SHOW,CLOSED,,,2026-08-22T04:02:16.872Z
2026-08-23T16:30:15.067199-04:00,2026-08-23,1c708beb-41e1-43ae-8dd8-1e85075aeb38,Flag Retreat,SHOW,OPERATING,2026-08-23T17:00:00-04:00,2026-08-23T17:00:00-04:00,2026-08-23T04:03:18.595Z
2026-08-23T16:30:15.067199-04:00,2026-08-23,f819079e-644e-4fce-bda3-26b899ac7027,Disney Adventure Friends Cavalcade,SHOW,OPERATING,2026-08-23T11:05:00-04:00,2026-08-23T11:05:00-04:00,2026-08-23T04:03:18.405Z
2026-08-23T16:30:15.067199-04:00,2026-08-23,6d74b3d9-f977-4c9b-8114-93969b51b105,Hocus Pocus Villain Spelltacular,SHOW,OPERATING,2026-08-23T21:05:00-04:00,2026-08-23T21:05:00-04:00,2026-08-23T04:03:18.254Z
2026-08-23T16:30:15.067199-04:00,2026-08-23,6d74b3d9-f977-4c9b-8114-93969b51b105,Hocus Pocus Villain Spelltacular,SHOW,OPERATING,2026-08-23T22:35:00-04:00,2026-08-23T22:35:00-04:00,2026-08-23T04:03:18.254Z
2026-08-23T16:30:15.067199-04:00,2026-08-23,6d74b3d9-f977-4c9b-8114-93969b51b105,Hocus Pocus Villain Spelltacular,SHOW,OPERATING,2026-08-23T23:59:00-04:00,2026-08-23T23:59:00-04:00,2026-08-23T04:03:18.254Z
2026-08-23T16:30:15.067199-04:00,2026-08-23,e0cd6a94-6dbe-4f52-aaa8-b3d2fdf5f2f6,Jessie’s Roundup: A Rip-Roarin’ Revue!,SHOW,OPERATING,2026-08-23T09:30:00-04:00,2026-08-23T17:30:00-04:00,2026-08-23T04:03:18.547Z
2026-08-23T16:30:15.067199-04:00,2026-08-23,1eee22e8-1d0a-4809-a42b-df3ae55c69d5,The Dapper Dans,SHOW,OPERATING,2026-08-23T09:00:00-04:00,2026-08-23T09:00:00-04:00,2026-08-23T04:03:18.653Z
2026-08-23T16:30:15.067199-04:00,2026-08-23,1eee22e8-1d0a-4809-a42b-df3ae55c69d5,The Dapper Dans,SHOW,OPERATING,2026-08-23T09:50:00-04:00,2026-08-23T09:50:00-04:00,2026-08-23T04:03:18.653Z
2026-08-23T16:30:15.067199-04:00,2026-08-23,1eee22e8-1d0a-4809-a42b-df3ae55c69d5,The Dapper Dans,SHOW,OPERATING,2026-08-23T10:40:00-04:00,2026-08-23T10:40:00-04:00,2026-08-23T04:03:18.653Z
2026-08-23T16:30:15.067199-04:00,2026-08-23,1eee22e8-1d0a-4809-a42b-df3ae55c69d5,The Dapper Dans,SHOW,OPERATING,2026-08-23T12:05:00-04:00,2026-08-23T12:05:00-04:00,2026-08-23T04:03:18.653Z
2026-08-23T16:30:15.067199-04:00,2026-08-23,1eee22e8-1d0a-4809-a42b-df3ae55c69d5,The Dapper Dans,SHOW,OPERATING,2026-08-23T13:10:00-04:00,2026-08-23T13:10:00-04:00,2026-08-23T04:03:18.653Z
2026-08-23T16:30:15.067199-04:00,2026-08-23,1eee22e8-1d0a-4809-a42b-df3ae55c69d5,The Dapper Dans,SHOW,OPERATING,2026-08-23T14:55:00-04:00,2026-08-23T14:55:00-04:00,2026-08-23T04:03:18.653Z
2026-08-23T16:30:15.067199-04:00,2026-08-23,1eee22e8-1d0a-4809-a42b-df3ae55c69d5,The Dapper Dans,SHOW,OPERATING,2026-08-23T15:55:00-04:00,2026-08-23T15:55:00-04:00,2026-08-23T04:03:18.653Z
2026-08-23T16:30:15.067199-04:00,2026-08-23,012a211b-4c91-451c-8a0e-5e3ab398eda8,Meet Ariel at Her Grotto,SHOW,OPERATING,2026-08-23T09:30:00-04:00,2026-08-23T17:30:00-04:00,2026-08-23T20:06:25.838Z
2026-08-23T16:30:15.067199-04:00,2026-08-23,cf4b2ba4-3626-4de7-9d07-abe8a65b1665,Meet Princess Tiana and a Visiting Princess at Princess Fairytale Hall,SHOW,OPERATING,2026-08-23T09:00:00-04:00,2026-08-23T17:00:00-04:00,2026-08-23T20:29:24.561Z
2026-08-23T16:30:15.067199-04:00,2026-08-23,40737d3d-0ff6-4a9e-a050-beb87bf90120,Meet Cinderella and a Visiting Princess at Princess Fairytale Hall,SHOW,OPERATING,2026-08-23T09:00:00-04:00,2026-08-23T17:00:00-04:00,2026-08-23T20:28:30.176Z
2026-08-23T16:30:15.067199-04:00,2026-08-23,a0613b70-293f-4a5b-8169-357be1777c62,Casey's Corner Pianist,SHOW,OPERATING,2026-08-23T10:50:00-04:00,2026-08-23T10:50:00-04:00,2026-08-23T04:03:18.643Z
2026-08-23T16:30:15.067199-04:00,2026-08-23,a0613b70-293f-4a5b-8169-357be1777c62,Casey's Corner Pianist,SHOW,OPERATING,2026-08-23T12:00:00-04:00,2026-08-23T12:00:00-04:00,2026-08-23T04:03:18.643Z
2026-08-23T16:30:15.067199-04:00,2026-08-23,a0613b70-293f-4a5b-8169-357be1777c62,Casey's Corner Pianist,SHOW,OPERATING,2026-08-23T13:15:00-04:00,2026-08-23T13:15:00-04:00,2026-08-23T04:03:18.643Z
2026-08-23T16:30:15.067199-04:00,2026-08-23,a0613b70-293f-4a5b-8169-357be1777c62,Casey's Corner Pianist,SHOW,OPERATING,2026-08-23T14:35:00-04:00,2026-08-23T14:35:00-04:00,2026-08-23T04:03:18.643Z
2026-08-23T16:30:15.067199-04:00,2026-08-23,a0613b70-293f-4a5b-8169-357be1777c62,Casey's Corner Pianist,SHOW,OPERATING,2026-08-23T15:15:00-04:00,2026-08-23T15:15:00-04:00,2026-08-23T04:03:18.643Z
2026-08-23T16:30:15.067199-04:00,2026-08-23,a0613b70-293f-4a5b-8169-357be1777c62,Casey's Corner Pianist,SHOW,OPERATING,2026-08-23T16:35:00-04:00,2026-08-23T16:35:00-04:00,2026-08-23T04:03:18.643Z
2026-08-23T16:30:15.067199-04:00,2026-08-23,a0613b70-293f-4a5b-8169-357be1777c62,Casey's Corner Pianist,SHOW,OPERATING,2026-08-23T17:30:00-04:00,2026-08-23T17:30:00-04:00,2026-08-23T04:03:18.643Z
2026-08-23T16:30:15.067199-04:00,2026-08-23,a2d92647-634d-4eb4-886b-9da858e871f1,Meet Mickey at Town Square Theater,SHOW,OPERATING,2026-08-23T08:00:00-04:00,2026-08-23T17:30:00-04:00,2026-08-23T20:29:24.555Z
2026-08-23T19:30:15.515398-04:00,2026-08-23,a74421f2-5de4-4425-bd06-8b4639b29826,Meet Festive Disney Pals at Mickey’s Not-So-Scary Halloween Party,SHOW,OPERATING,2026-08-23T19:00:00-04:00,2026-08-23T23:30:00-04:00,2026-08-23T23:20:26.662Z
2026-08-23T19:30:15.515398-04:00,2026-08-23,c1f39c15-7845-46b5-b6fd-2ae368a32a37,Captain Jack’s Buccaneer Bash at Mickey’s Not-So-Scary Halloween Party,SHOW,OPERATING,2026-08-23T19:00:00-04:00,2026-08-24T00:00:00-04:00,2026-08-23T04:03:18.562Z
2026-08-23T19:30:15.515398-04:00,2026-08-23,97c837c3-4a0f-4d52-b93c-074cf31d6f41,Stitch’s Masquerade Mashup at Mickey’s Not-So-Scary Halloween Party,SHOW,OPERATING,2026-08-23T19:00:00-04:00,2026-08-24T00:00:00-04:00,2026-08-23T04:03:18.568Z
2026-08-23T19:30:15.515398-04:00,2026-08-23,4c31b3ad-5dc9-437f-ac1a-0fdff36a2818,Mickey's Magical Friendship Faire,SHOW,OPERATING,2026-08-23T10:00:00-04:00,2026-08-23T10:00:00-04:00,2026-08-23T04:03:18.262Z
2026-08-23T19:30:15.515398-04:00,2026-08-23,4c31b3ad-5dc9-437f-ac1a-0fdff36a2818,Mickey's Magical Friendship Faire,SHOW,OPERATING,2026-08-23T11:35:00-04:00,2026-08-23T11:35:00-04:00,2026-08-23T04:03:18.262Z
2026-08-23T19:30:15.515398-04:00,2026-08-23,4c31b3ad-5dc9-437f-ac1a-0fdff36a2818,Mickey's Magical Friendship Faire,SHOW,OPERATING,2026-08-23T12:45:00-04:00,2026-08-23T12:45:00-04:00,2026-08-23T04:03:18.262Z
2026-08-23T19:30:15.515398-04:00,2026-08-23,4c31b3ad-5dc9-437f-ac1a-0fdff36a2818,Mickey's Magical Friendship Faire,SHOW,OPERATING,2026-08-23T14:55:00-04:00,2026-08-23T14:55:00-04:00,2026-08-23T04:03:18.262Z
2026-08-23T19:30:15.515398-04:00,2026-08-23,4c31b3ad-5dc9-437f-ac1a-0fdff36a2818,Mickey's Magical Friendship Faire,SHOW,OPERATING,2026-08-23T16:00:00-04:00,2026-08-23T16:00:00-04:00,2026-08-23T04:03:18.262Z
2026-08-23T19:30:15.515398-04:00,2026-08-23,51392ca4-f824-42d8-8808-8110ec8e0e22,"Main Street Philharmonic at Main Street, U.S.A.",SHOW,CLOSED,,,2026-08-23T04:03:18.636Z
2026-08-23T19:30:15.515398-04:00,2026-08-23,86c198b0-7c02-4354-814a-27ad70067d45,Disney Enchantment at Disney After Hours at Magic Kingdom,SHOW,CLOSED,,,2026-07-28T04:04:15.245Z
2026-08-23T19:30:15.515398-04:00,2026-08-23,166f2985-7b27-4eff-a8b3-29c3448ba198,Meet Daring Disney Pals as Circus Stars at Pete's Silly Sideshow,SHOW,CLOSED,2026-08-23T10:00:00-04:00,2026-08-23T17:00:00-04:00,2026-08-23T21:00:31.026Z
2026-08-23T19:30:15.515398-04:00,2026-08-23,9221e600-6715-4b4f-b39a-00c318c00e03,Destination DescenDANCE Party at Mickey’s Not-So-Scary Halloween Party,SHOW,OPERATING,2026-08-23T19:00:00-04:00,2026-08-24T00:00:00-04:00,2026-08-23T04:03:18.366Z
2026-08-23T19:30:15.515398-04:00,2026-08-23,ee56b2f3-fd49-4a29-ae1a-2d321549a633,Disney Festival of Fantasy Parade,SHOW,OPERATING,2026-08-23T14:00:00-04:00,2026-08-23T14:00:00-04:00,2026-08-23T04:03:18.228Z
2026-08-23T19:30:15.515398-04:00,2026-08-23,92524eb7-4ee5-4eab-936c-2eb8e6eb0ecd,The Cadaver Dans Barbershop Quartet at Mickey's Not-So-Scary Halloween Party,SHOW,OPERATING,2026-08-23T19:00:00-04:00,2026-08-23T19:00:00-04:00,2026-08-23T04:03:18.220Z
2026-08-23T19:30:15.515398-04:00,2026-08-23,92524eb7-4ee5-4eab-936c-2eb8e6eb0ecd,The Cadaver Dans Barbershop Quartet at Mickey's Not-So-Scary Halloween Party,SHOW,OPERATING,2026-08-23T19:50:00-04:00,2026-08-23T19:50:00-04:00,2026-08-23T04:03:18.220Z
2026-08-23T19:30:15.515398-04:00,2026-08-23,92524eb7-4ee5-4eab-936c-2eb8e6eb0ecd,The Cadaver Dans Barbershop Quartet at Mickey's Not-So-Scary Halloween Party,SHOW,OPERATING,2026-08-23T20:45:00-04:00,2026-08-23T20:45:00-04:00,2026-08-23T04:03:18.220Z
2026-08-23T19:30:15.515398-04:00,2026-08-23,92524eb7-4ee5-4eab-936c-2eb8e6eb0ecd,The Cadaver Dans Barbershop Quartet at Mickey's Not-So-Scary Halloween Party,SHOW,OPERATING,2026-08-23T21:30:00-04:00,2026-08-23T21:30:00-04:00,2026-08-23T04:03:18.220Z
2026-08-23T19:30:15.515398-04:00,2026-08-23,92524eb7-4ee5-4eab-936c-2eb8e6eb0ecd,The Cadaver Dans Barbershop Quartet at Mickey's Not-So-Scary Halloween Party,SHOW,OPERATING,2026-08-23T22:50:00-04:00,2026-08-23T22:50:00-04:00,2026-08-23T04:03:18.220Z
2026-08-23T19:30:15.515398-04:00,2026-08-23,92524eb7-4ee5-4eab-936c-2eb8e6eb0ecd,The Cadaver Dans Barbershop Quartet at Mickey's Not-So-Scary Halloween Party,SHOW,OPERATING,2026-08-23T23:45:00-04:00,2026-08-23T23:45:00-04:00,2026-08-23T04:03:18.220Z
2026-08-23T19:30:15.515398-04:00,2026-08-23,d69261dc-62b8-434c-83bd-93649b43c408,Disney Starlight: Dream the Night Away,SHOW,CLOSED,,,2026-08-23T04:03:18.491Z
2026-08-23T19:30:15.515398-04:00,2026-08-23,22b78ed9-a692-47cb-b6a4-6d1224ff67e3,Happily Ever After,SHOW,CLOSED,,,2026-08-23T04:03:18.287Z
2026-08-23T19:30:15.515398-04:00,2026-08-23,5c00cd7c-b207-4d9d-9c8c-a8d418fc5425,Mickey’s Boo-To-You Halloween Parade at Mickey's Not-So-Scary Halloween Party,SHOW,OPERATING,2026-08-23T20:15:00-04:00,2026-08-23T20:15:00-04:00,2026-08-23T04:03:18.663Z
2026-08-23T19:30:15.515398-04:00,2026-08-23,5c00cd7c-b207-4d9d-9c8c-a8d418fc5425,Mickey’s Boo-To-You Halloween Parade at Mickey's Not-So-Scary Halloween Party,SHOW,OPERATING,2026-08-23T23:15:00-04:00,2026-08-23T23:15:00-04:00,2026-08-23T04:03:18.663Z
2026-08-23T19:30:15.515398-04:00,2026-08-23,05ca3e51-580b-44ca-8046-7d3e57a6d248,Disney’s Not-So-Spooky Spectacular at Mickey's Not-So-Scary Halloween Party,SHOW,OPERATING,2026-08-23T22:00:00-04:00,2026-08-23T22:00:00-04:00,2026-08-23T04:03:18.582Z
2026-08-23T19:30:15.515398-04:00,2026-08-23,b5d6d1d1-e960-4c8f-a8a4-b9748b386b64,Meet Dashing Disney Pals as Circus Stars at Pete's Silly Sideshow,SHOW,CLOSED,2026-08-23T10:00:00-04:00,2026-08-23T17:00:00-04:00,2026-08-23T21:00:30.994Z
2026-08-23T19:30:15.515398-04:00,2026-08-23,947edbee-85a5-4aa0-99f3-14c7de539542,Meet Jack Skellington and Sally at Mickey's Not-So-Scary Halloween Party,SHOW,OPERATING,2026-08-23T19:00:00-04:00,2026-08-23T23:30:00-04:00,2026-08-23T23:24:26.431Z
2026-08-23T19:30:15.515398-04:00,2026-08-23,5564113f-25b4-4646-ac35-aacf983e2fd6,Meet Mickey Mouse and Minnie Mouse at Mickey's Not-So-Scary Halloween Party,SHOW,OPERATING,2026-08-23T19:00:00-04:00,2026-08-23T23:30:00-04:00,2026-08-23T23:23:29.951Z
2026-08-23T19:30:15.515398-04:00,2026-08-23,1c708beb-41e1-43ae-8dd8-1e85075aeb38,Flag Retreat,SHOW,OPERATING,2026-08-23T17:00:00-04:00,2026-08-23T17:00:00-04:00,2026-08-23T04:03:18.595Z
2026-08-23T19:30:15.515398-04:00,2026-08-23,f819079e-644e-4fce-bda3-26b899ac7027,Disney Adventure Friends Cavalcade,SHOW,OPERATING,2026-08-23T11:05:00-04:00,2026-08-23T11:05:00-04:00,2026-08-23T04:03:18.405Z
2026-08-23T19:30:15.515398-04:00,2026-08-23,6d74b3d9-f977-4c9b-8114-93969b51b105,Hocus Pocus Villain Spelltacular,SHOW,OPERATING,2026-08-23T21:05:00-04:00,2026-08-23T21:05:00-04:00,2026-08-23T04:03:18.254Z
2026-08-23T19:30:15.515398-04:00,2026-08-23,6d74b3d9-f977-4c9b-8114-93969b51b105,Hocus Pocus Villain Spelltacular,SHOW,OPERATING,2026-08-23T22:35:00-04:00,2026-08-23T22:35:00-04:00,2026-08-23T04:03:18.254Z
2026-08-23T19:30:15.515398-04:00,2026-08-23,6d74b3d9-f977-4c9b-8114-93969b51b105,Hocus Pocus Villain Spelltacular,SHOW,OPERATING,2026-08-23T23:59:00-04:00,2026-08-23T23:59:00-04:00,2026-08-23T04:03:18.254Z
2026-08-23T19:30:15.515398-04:00,2026-08-23,e0cd6a94-6dbe-4f52-aaa8-b3d2fdf5f2f6,Jessie’s Roundup: A Rip-Roarin’ Revue!,SHOW,OPERATING,2026-08-23T09:30:00-04:00,2026-08-23T17:30:00-04:00,2026-08-23T04:03:18.547Z
2026-08-23T19:30:15.515398-04:00,2026-08-23,1eee22e8-1d0a-4809-a42b-df3ae55c69d5,The Dapper Dans,SHOW,OPERATING,2026-08-23T09:00:00-04:00,2026-08-23T09:00:00-04:00,2026-08-23T04:03:18.653Z
2026-08-23T19:30:15.515398-04:00,2026-08-23,1eee22e8-1d0a-4809-a42b-df3ae55c69d5,The Dapper Dans,SHOW,OPERATING,2026-08-23T09:50:00-04:00,2026-08-23T09:50:00-04:00,2026-08-23T04:03:18.653Z
2026-08-23T19:30:15.515398-04:00,2026-08-23,1eee22e8-1d0a-4809-a42b-df3ae55c69d5,The Dapper Dans,SHOW,OPERATING,2026-08-23T10:40:00-04:00,2026-08-23T10:40:00-04:00,2026-08-23T04:03:18.653Z
2026-08-23T19:30:15.515398-04:00,2026-08-23,1eee22e8-1d0a-4809-a42b-df3ae55c69d5,The Dapper Dans,SHOW,OPERATING,2026-08-23T12:05:00-04:00,2026-08-23T12:05:00-04:00,2026-08-23T04:03:18.653Z
2026-08-23T19:30:15.515398-04:00,2026-08-23,1eee22e8-1d0a-4809-a42b-df3ae55c69d5,The Dapper Dans,SHOW,OPERATING,2026-08-23T13:10:00-04:00,2026-08-23T13:10:00-04:00,2026-08-23T04:03:18.653Z
2026-08-23T19:30:15.515398-04:00,2026-08-23,1eee22e8-1d0a-4809-a42b-df3ae55c69d5,The Dapper Dans,SHOW,OPERATING,2026-08-23T14:55:00-04:00,2026-08-23T14:55:00-04:00,2026-08-23T04:03:18.653Z
2026-08-23T19:30:15.515398-04:00,2026-08-23,1eee22e8-1d0a-4809-a42b-df3ae55c69d5,The Dapper Dans,SHOW,OPERATING,2026-08-23T15:55:00-04:00,2026-08-23T15:55:00-04:00,2026-08-23T04:03:18.653Z
2026-08-23T19:30:15.515398-04:00,2026-08-23,012a211b-4c91-451c-8a0e-5e3ab398eda8,Meet Ariel at Her Grotto,SHOW,CLOSED,2026-08-23T09:30:00-04:00,2026-08-23T17:30:00-04:00,2026-08-23T21:30:33.844Z
2026-08-23T19:30:15.515398-04:00,2026-08-23,cf4b2ba4-3626-4de7-9d07-abe8a65b1665,Meet Princess Tiana and a Visiting Princess at Princess Fairytale Hall,SHOW,CLOSED,2026-08-23T09:00:00-04:00,2026-08-23T17:00:00-04:00,2026-08-23T21:00:31.011Z
2026-08-23T19:30:15.515398-04:00,2026-08-23,40737d3d-0ff6-4a9e-a050-beb87bf90120,Meet Cinderella and a Visiting Princess at Princess Fairytale Hall,SHOW,CLOSED,2026-08-23T09:00:00-04:00,2026-08-23T17:00:00-04:00,2026-08-23T21:00:31.018Z
2026-08-23T19:30:15.515398-04:00,2026-08-23,a0613b70-293f-4a5b-8169-357be1777c62,Casey's Corner Pianist,SHOW,OPERATING,2026-08-23T10:50:00-04:00,2026-08-23T10:50:00-04:00,2026-08-23T04:03:18.643Z
2026-08-23T19:30:15.515398-04:00,2026-08-23,a0613b70-293f-4a5b-8169-357be1777c62,Casey's Corner Pianist,SHOW,OPERATING,2026-08-23T12:00:00-04:00,2026-08-23T12:00:00-04:00,2026-08-23T04:03:18.643Z
2026-08-23T19:30:15.515398-04:00,2026-08-23,a0613b70-293f-4a5b-8169-357be1777c62,Casey's Corner Pianist,SHOW,OPERATING,2026-08-23T13:15:00-04:00,2026-08-23T13:15:00-04:00,2026-08-23T04:03:18.643Z
2026-08-23T19:30:15.515398-04:00,2026-08-23,a0613b70-293f-4a5b-8169-357be1777c62,Casey's Corner Pianist,SHOW,OPERATING,2026-08-23T14:35:00-04:00,2026-08-23T14:35:00-04:00,2026-08-23T04:03:18.643Z
2026-08-23T19:30:15.515398-04:00,2026-08-23,a0613b70-293f-4a5b-8169-357be1777c62,Casey's Corner Pianist,SHOW,OPERATING,2026-08-23T15:15:00-04:00,2026-08-23T15:15:00-04:00,2026-08-23T04:03:18.643Z
2026-08-23T19:30:15.515398-04:00,2026-08-23,a0613b70-293f-4a5b-8169-357be1777c62,Casey's Corner Pianist,SHOW,OPERATING,2026-08-23T16:35:00-04:00,2026-08-23T16:35:00-04:00,2026-08-23T04:03:18.643Z
2026-08-23T19:30:15.515398-04:00,2026-08-23,a0613b70-293f-4a5b-8169-357be1777c62,Casey's Corner Pianist,SHOW,OPERATING,2026-08-23T17:30:00-04:00,2026-08-23T17:30:00-04:00,2026-08-23T04:03:18.643Z
2026-08-23T19:30:15.515398-04:00,2026-08-23,a2d92647-634d-4eb4-886b-9da858e871f1,Meet Mickey at Town Square Theater,SHOW,CLOSED,2026-08-23T08:00:00-04:00,2026-08-23T17:30:00-04:00,2026-08-23T21:30:33.833Z
2026-08-23T22:30:14.186262-04:00,2026-08-23,a74421f2-5de4-4425-bd06-8b4639b29826,Meet Festive Disney Pals at Mickey’s Not-So-Scary Halloween Party,SHOW,OPERATING,2026-08-23T19:00:00-04:00,2026-08-23T23:30:00-04:00,2026-08-24T02:23:35.431Z
2026-08-23T22:30:14.186262-04:00,2026-08-23,c1f39c15-7845-46b5-b6fd-2ae368a32a37,Captain Jack’s Buccaneer Bash at Mickey’s Not-So-Scary Halloween Party,SHOW,OPERATING,2026-08-23T19:00:00-04:00,2026-08-24T00:00:00-04:00,2026-08-23T04:03:18.562Z
2026-08-23T22:30:14.186262-04:00,2026-08-23,97c837c3-4a0f-4d52-b93c-074cf31d6f41,Stitch’s Masquerade Mashup at Mickey’s Not-So-Scary Halloween Party,SHOW,OPERATING,2026-08-23T19:00:00-04:00,2026-08-24T00:00:00-04:00,2026-08-23T04:03:18.568Z
2026-08-23T22:30:14.186262-04:00,2026-08-23,4c31b3ad-5dc9-437f-ac1a-0fdff36a2818,Mickey's Magical Friendship Faire,SHOW,OPERATING,2026-08-23T10:00:00-04:00,2026-08-23T10:00:00-04:00,2026-08-23T04:03:18.262Z
2026-08-23T22:30:14.186262-04:00,2026-08-23,4c31b3ad-5dc9-437f-ac1a-0fdff36a2818,Mickey's Magical Friendship Faire,SHOW,OPERATING,2026-08-23T11:35:00-04:00,2026-08-23T11:35:00-04:00,2026-08-23T04:03:18.262Z
2026-08-23T22:30:14.186262-04:00,2026-08-23,4c31b3ad-5dc9-437f-ac1a-0fdff36a2818,Mickey's Magical Friendship Faire,SHOW,OPERATING,2026-08-23T12:45:00-04:00,2026-08-23T12:45:00-04:00,2026-08-23T04:03:18.262Z
2026-08-23T22:30:14.186262-04:00,2026-08-23,4c31b3ad-5dc9-437f-ac1a-0fdff36a2818,Mickey's Magical Friendship Faire,SHOW,OPERATING,2026-08-23T14:55:00-04:00,2026-08-23T14:55:00-04:00,2026-08-23T04:03:18.262Z
2026-08-23T22:30:14.186262-04:00,2026-08-23,4c31b3ad-5dc9-437f-ac1a-0fdff36a2818,Mickey's Magical Friendship Faire,SHOW,OPERATING,2026-08-23T16:00:00-04:00,2026-08-23T16:00:00-04:00,2026-08-23T04:03:18.262Z
2026-08-23T22:30:14.186262-04:00,2026-08-23,51392ca4-f824-42d8-8808-8110ec8e0e22,"Main Street Philharmonic at Main Street, U.S.A.",SHOW,CLOSED,,,2026-08-23T04:03:18.636Z
2026-08-23T22:30:14.186262-04:00,2026-08-23,86c198b0-7c02-4354-814a-27ad70067d45,Disney Enchantment at Disney After Hours at Magic Kingdom,SHOW,CLOSED,,,2026-07-28T04:04:15.245Z
2026-08-23T22:30:14.186262-04:00,2026-08-23,166f2985-7b27-4eff-a8b3-29c3448ba198,Meet Daring Disney Pals as Circus Stars at Pete's Silly Sideshow,SHOW,CLOSED,2026-08-23T10:00:00-04:00,2026-08-23T17:00:00-04:00,2026-08-23T21:00:31.026Z
2026-08-23T22:30:14.186262-04:00,2026-08-23,9221e600-6715-4b4f-b39a-00c318c00e03,Destination DescenDANCE Party at Mickey’s Not-So-Scary Halloween Party,SHOW,OPERATING,2026-08-23T19:00:00-04:00,2026-08-24T00:00:00-04:00,2026-08-23T04:03:18.366Z
2026-08-23T22:30:14.186262-04:00,2026-08-23,ee56b2f3-fd49-4a29-ae1a-2d321549a633,Disney Festival of Fantasy Parade,SHOW,OPERATING,2026-08-23T14:00:00-04:00,2026-08-23T14:00:00-04:00,2026-08-23T04:03:18.228Z
2026-08-23T22:30:14.186262-04:00,2026-08-23,92524eb7-4ee5-4eab-936c-2eb8e6eb0ecd,The Cadaver Dans Barbershop Quartet at Mickey's Not-So-Scary Halloween Party,SHOW,OPERATING,2026-08-23T19:00:00-04:00,2026-08-23T19:00:00-04:00,2026-08-23T04:03:18.220Z
2026-08-23T22:30:14.186262-04:00,2026-08-23,92524eb7-4ee5-4eab-936c-2eb8e6eb0ecd,The Cadaver Dans Barbershop Quartet at Mickey's Not-So-Scary Halloween Party,SHOW,OPERATING,2026-08-23T19:50:00-04:00,2026-08-23T19:50:00-04:00,2026-08-23T04:03:18.220Z
2026-08-23T22:30:14.186262-04:00,2026-08-23,92524eb7-4ee5-4eab-936c-2eb8e6eb0ecd,The Cadaver Dans Barbershop Quartet at Mickey's Not-So-Scary Halloween Party,SHOW,OPERATING,2026-08-23T20:45:00-04:00,2026-08-23T20:45:00-04:00,2026-08-23T04:03:18.220Z
2026-08-23T22:30:14.186262-04:00,2026-08-23,92524eb7-4ee5-4eab-936c-2eb8e6eb0ecd,The Cadaver Dans Barbershop Quartet at Mickey's Not-So-Scary Halloween Party,SHOW,OPERATING,2026-08-23T21:30:00-04:00,2026-08-23T21:30:00-04:00,2026-08-23T04:03:18.220Z
2026-08-23T22:30:14.186262-04:00,2026-08-23,92524eb7-4ee5-4eab-936c-2eb8e6eb0ecd,The Cadaver Dans Barbershop Quartet at Mickey's Not-So-Scary Halloween Party,SHOW,OPERATING,2026-08-23T22:50:00-04:00,2026-08-23T22:50:00-04:00,2026-08-23T04:03:18.220Z
2026-08-23T22:30:14.186262-04:00,2026-08-23,92524eb7-4ee5-4eab-936c-2eb8e6eb0ecd,The Cadaver Dans Barbershop Quartet at Mickey's Not-So-Scary Halloween Party,SHOW,OPERATING,2026-08-23T23:45:00-04:00,2026-08-23T23:45:00-04:00,2026-08-23T04:03:18.220Z
2026-08-23T22:30:14.186262-04:00,2026-08-23,d69261dc-62b8-434c-83bd-93649b43c408,Disney Starlight: Dream the Night Away,SHOW,CLOSED,,,2026-08-23T04:03:18.491Z
2026-08-23T22:30:14.186262-04:00,2026-08-23,22b78ed9-a692-47cb-b6a4-6d1224ff67e3,Happily Ever After,SHOW,CLOSED,,,2026-08-23T04:03:18.287Z
2026-08-23T22:30:14.186262-04:00,2026-08-23,5c00cd7c-b207-4d9d-9c8c-a8d418fc5425,Mickey’s Boo-To-You Halloween Parade at Mickey's Not-So-Scary Halloween Party,SHOW,OPERATING,2026-08-23T20:15:00-04:00,2026-08-23T20:15:00-04:00,2026-08-23T04:03:18.663Z
2026-08-23T22:30:14.186262-04:00,2026-08-23,5c00cd7c-b207-4d9d-9c8c-a8d418fc5425,Mickey’s Boo-To-You Halloween Parade at Mickey's Not-So-Scary Halloween Party,SHOW,OPERATING,2026-08-23T23:15:00-04:00,2026-08-23T23:15:00-04:00,2026-08-23T04:03:18.663Z
2026-08-23T22:30:14.186262-04:00,2026-08-23,05ca3e51-580b-44ca-8046-7d3e57a6d248,Disney’s Not-So-Spooky Spectacular at Mickey's Not-So-Scary Halloween Party,SHOW,OPERATING,2026-08-23T22:00:00-04:00,2026-08-23T22:00:00-04:00,2026-08-23T04:03:18.582Z
2026-08-23T22:30:14.186262-04:00,2026-08-23,b5d6d1d1-e960-4c8f-a8a4-b9748b386b64,Meet Dashing Disney Pals as Circus Stars at Pete's Silly Sideshow,SHOW,CLOSED,2026-08-23T10:00:00-04:00,2026-08-23T17:00:00-04:00,2026-08-23T21:00:30.994Z
2026-08-23T22:30:14.186262-04:00,2026-08-23,947edbee-85a5-4aa0-99f3-14c7de539542,Meet Jack Skellington and Sally at Mickey's Not-So-Scary Halloween Party,SHOW,OPERATING,2026-08-23T19:00:00-04:00,2026-08-23T23:30:00-04:00,2026-08-24T02:29:34.572Z
2026-08-23T22:30:14.186262-04:00,2026-08-23,5564113f-25b4-4646-ac35-aacf983e2fd6,Meet Mickey Mouse and Minnie Mouse at Mickey's Not-So-Scary Halloween Party,SHOW,OPERATING,2026-08-23T19:00:00-04:00,2026-08-23T23:30:00-04:00,2026-08-24T02:22:31.330Z
2026-08-23T22:30:14.186262-04:00,2026-08-23,1c708beb-41e1-43ae-8dd8-1e85075aeb38,Flag Retreat,SHOW,OPERATING,2026-08-23T17:00:00-04:00,2026-08-23T17:00:00-04:00,2026-08-23T04:03:18.595Z
2026-08-23T22:30:14.186262-04:00,2026-08-23,f819079e-644e-4fce-bda3-26b899ac7027,Disney Adventure Friends Cavalcade,SHOW,OPERATING,2026-08-23T11:05:00-04:00,2026-08-23T11:05:00-04:00,2026-08-23T04:03:18.405Z
2026-08-23T22:30:14.186262-04:00,2026-08-23,6d74b3d9-f977-4c9b-8114-93969b51b105,Hocus Pocus Villain Spelltacular,SHOW,OPERATING,2026-08-23T21:05:00-04:00,2026-08-23T21:05:00-04:00,2026-08-23T04:03:18.254Z
2026-08-23T22:30:14.186262-04:00,2026-08-23,6d74b3d9-f977-4c9b-8114-93969b51b105,Hocus Pocus Villain Spelltacular,SHOW,OPERATING,2026-08-23T22:35:00-04:00,2026-08-23T22:35:00-04:00,2026-08-23T04:03:18.254Z
2026-08-23T22:30:14.186262-04:00,2026-08-23,6d74b3d9-f977-4c9b-8114-93969b51b105,Hocus Pocus Villain Spelltacular,SHOW,OPERATING,2026-08-23T23:59:00-04:00,2026-08-23T23:59:00-04:00,2026-08-23T04:03:18.254Z
2026-08-23T22:30:14.186262-04:00,2026-08-23,e0cd6a94-6dbe-4f52-aaa8-b3d2fdf5f2f6,Jessie’s Roundup: A Rip-Roarin’ Revue!,SHOW,OPERATING,2026-08-23T09:30:00-04:00,2026-08-23T17:30:00-04:00,2026-08-23T04:03:18.547Z
2026-08-23T22:30:14.186262-04:00,2026-08-23,1eee22e8-1d0a-4809-a42b-df3ae55c69d5,The Dapper Dans,SHOW,OPERATING,2026-08-23T09:00:00-04:00,2026-08-23T09:00:00-04:00,2026-08-23T04:03:18.653Z
2026-08-23T22:30:14.186262-04:00,2026-08-23,1eee22e8-1d0a-4809-a42b-df3ae55c69d5,The Dapper Dans,SHOW,OPERATING,2026-08-23T09:50:00-04:00,2026-08-23T09:50:00-04:00,2026-08-23T04:03:18.653Z
2026-08-23T22:30:14.186262-04:00,2026-08-23,1eee22e8-1d0a-4809-a42b-df3ae55c69d5,The Dapper Dans,SHOW,OPERATING,2026-08-23T10:40:00-04:00,2026-08-23T10:40:00-04:00,2026-08-23T04:03:18.653Z
2026-08-23T22:30:14.186262-04:00,2026-08-23,1eee22e8-1d0a-4809-a42b-df3ae55c69d5,The Dapper Dans,SHOW,OPERATING,2026-08-23T12:05:00-04:00,2026-08-23T12:05:00-04:00,2026-08-23T04:03:18.653Z
2026-08-23T22:30:14.186262-04:00,2026-08-23,1eee22e8-1d0a-4809-a42b-df3ae55c69d5,The Dapper Dans,SHOW,OPERATING,2026-08-23T13:10:00-04:00,2026-08-23T13:10:00-04:00,2026-08-23T04:03:18.653Z
2026-08-23T22:30:14.186262-04:00,2026-08-23,1eee22e8-1d0a-4809-a42b-df3ae55c69d5,The Dapper Dans,SHOW,OPERATING,2026-08-23T14:55:00-04:00,2026-08-23T14:55:00-04:00,2026-08-23T04:03:18.653Z
2026-08-23T22:30:14.186262-04:00,2026-08-23,1eee22e8-1d0a-4809-a42b-df3ae55c69d5,The Dapper Dans,SHOW,OPERATING,2026-08-23T15:55:00-04:00,2026-08-23T15:55:00-04:00,2026-08-23T04:03:18.653Z
2026-08-23T22:30:14.186262-04:00,2026-08-23,012a211b-4c91-451c-8a0e-5e3ab398eda8,Meet Ariel at Her Grotto,SHOW,CLOSED,2026-08-23T09:30:00-04:00,2026-08-23T17:30:00-04:00,2026-08-23T21:30:33.844Z
2026-08-23T22:30:14.186262-04:00,2026-08-23,cf4b2ba4-3626-4de7-9d07-abe8a65b1665,Meet Princess Tiana and a Visiting Princess at Princess Fairytale Hall,SHOW,CLOSED,2026-08-23T09:00:00-04:00,2026-08-23T17:00:00-04:00,2026-08-23T21:00:31.011Z
2026-08-23T22:30:14.186262-04:00,2026-08-23,40737d3d-0ff6-4a9e-a050-beb87bf90120,Meet Cinderella and a Visiting Princess at Princess Fairytale Hall,SHOW,CLOSED,2026-08-23T09:00:00-04:00,2026-08-23T17:00:00-04:00,2026-08-23T21:00:31.018Z
2026-08-23T22:30:14.186262-04:00,2026-08-23,a0613b70-293f-4a5b-8169-357be1777c62,Casey's Corner Pianist,SHOW,OPERATING,2026-08-23T10:50:00-04:00,2026-08-23T10:50:00-04:00,2026-08-23T04:03:18.643Z
2026-08-23T22:30:14.186262-04:00,2026-08-23,a0613b70-293f-4a5b-8169-357be1777c62,Casey's Corner Pianist,SHOW,OPERATING,2026-08-23T12:00:00-04:00,2026-08-23T12:00:00-04:00,2026-08-23T04:03:18.643Z
2026-08-23T22:30:14.186262-04:00,2026-08-23,a0613b70-293f-4a5b-8169-357be1777c62,Casey's Corner Pianist,SHOW,OPERATING,2026-08-23T13:15:00-04:00,2026-08-23T13:15:00-04:00,2026-08-23T04:03:18.643Z
2026-08-23T22:30:14.186262-04:00,2026-08-23,a0613b70-293f-4a5b-8169-357be1777c62,Casey's Corner Pianist,SHOW,OPERATING,2026-08-23T14:35:00-04:00,2026-08-23T14:35:00-04:00,2026-08-23T04:03:18.643Z
2026-08-23T22:30:14.186262-04:00,2026-08-23,a0613b70-293f-4a5b-8169-357be1777c62,Casey's Corner Pianist,SHOW,OPERATING,2026-08-23T15:15:00-04:00,2026-08-23T15:15:00-04:00,2026-08-23T04:03:18.643Z
2026-08-23T22:30:14.186262-04:00,2026-08-23,a0613b70-293f-4a5b-8169-357be1777c62,Casey's Corner Pianist,SHOW,OPERATING,2026-08-23T16:35:00-04:00,2026-08-23T16:35:00-04:00,2026-08-23T04:03:18.643Z
2026-08-23T22:30:14.186262-04:00,2026-08-23,a0613b70-293f-4a5b-8169-357be1777c62,Casey's Corner Pianist,SHOW,OPERATING,2026-08-23T17:30:00-04:00,2026-08-23T17:30:00-04:00,2026-08-23T04:03:18.643Z
2026-08-23T22:30:14.186262-04:00,2026-08-23,a2d92647-634d-4eb4-886b-9da858e871f1,Meet Mickey at Town Square Theater,SHOW,CLOSED,2026-08-23T08:00:00-04:00,2026-08-23T17:30:00-04:00,2026-08-23T21:30:33.833Z
2026-08-25T16:30:14.809415-04:00,2026-08-25,a74421f2-5de4-4425-bd06-8b4639b29826,Meet Festive Disney Pals at Mickey’s Not-So-Scary Halloween Party,SHOW,CLOSED,,,2026-08-25T03:27:44.264Z
2026-08-25T16:30:14.809415-04:00,2026-08-25,c1f39c15-7845-46b5-b6fd-2ae368a32a37,Captain Jack’s Buccaneer Bash at Mickey’s Not-So-Scary Halloween Party,SHOW,OPERATING,2026-08-25T19:00:00-04:00,2026-08-26T00:00:00-04:00,2026-08-25T04:01:17.395Z
2026-08-25T16:30:14.809415-04:00,2026-08-25,97c837c3-4a0f-4d52-b93c-074cf31d6f41,Stitch’s Masquerade Mashup at Mickey’s Not-So-Scary Halloween Party,SHOW,OPERATING,2026-08-25T19:00:00-04:00,2026-08-26T00:00:00-04:00,2026-08-25T04:01:17.404Z
2026-08-25T16:30:14.809415-04:00,2026-08-25,51392ca4-f824-42d8-8808-8110ec8e0e22,"Main Street Philharmonic at Main Street, U.S.A.",SHOW,OPERATING,2026-08-25T12:25:00-04:00,2026-08-25T12:25:00-04:00,2026-08-25T04:01:17.480Z
2026-08-25T16:30:14.809415-04:00,2026-08-25,51392ca4-f824-42d8-8808-8110ec8e0e22,"Main Street Philharmonic at Main Street, U.S.A.",SHOW,OPERATING,2026-08-25T13:35:00-04:00,2026-08-25T13:35:00-04:00,2026-08-25T04:01:17.480Z
2026-08-25T16:30:14.809415-04:00,2026-08-25,51392ca4-f824-42d8-8808-8110ec8e0e22,"Main Street Philharmonic at Main Street, U.S.A.",SHOW,OPERATING,2026-08-25T14:35:00-04:00,2026-08-25T14:35:00-04:00,2026-08-25T04:01:17.480Z
2026-08-25T16:30:14.809415-04:00,2026-08-25,51392ca4-f824-42d8-8808-8110ec8e0e22,"Main Street Philharmonic at Main Street, U.S.A.",SHOW,OPERATING,2026-08-25T15:35:00-04:00,2026-08-25T15:35:00-04:00,2026-08-25T04:01:17.480Z
2026-08-25T16:30:14.809415-04:00,2026-08-25,86c198b0-7c02-4354-814a-27ad70067d45,Disney Enchantment at Disney After Hours at Magic Kingdom,SHOW,CLOSED,,,2026-07-28T04:04:15.245Z
2026-08-25T16:30:14.809415-04:00,2026-08-25,166f2985-7b27-4eff-a8b3-29c3448ba198,Meet Daring Disney Pals as Circus Stars at Pete's Silly Sideshow,SHOW,OPERATING,2026-08-25T10:00:00-04:00,2026-08-25T17:00:00-04:00,2026-08-25T19:55:45.602Z
2026-08-25T16:30:14.809415-04:00,2026-08-25,9221e600-6715-4b4f-b39a-00c318c00e03,Destination DescenDANCE Party at Mickey’s Not-So-Scary Halloween Party,SHOW,OPERATING,2026-08-25T19:00:00-04:00,2026-08-26T00:00:00-04:00,2026-08-25T04:01:17.186Z
2026-08-25T16:30:14.809415-04:00,2026-08-25,ee56b2f3-fd49-4a29-ae1a-2d321549a633,Disney Festival of Fantasy Parade,SHOW,OPERATING,2026-08-25T14:00:00-04:00,2026-08-25T14:00:00-04:00,2026-08-25T04:01:17.056Z
2026-08-25T16:30:14.809415-04:00,2026-08-25,4c31b3ad-5dc9-437f-ac1a-0fdff36a2818,Mickey's Magical Friendship Faire,SHOW,OPERATING,2026-08-25T10:00:00-04:00,2026-08-25T10:00:00-04:00,2026-08-25T04:01:17.090Z
2026-08-25T16:30:14.809415-04:00,2026-08-25,4c31b3ad-5dc9-437f-ac1a-0fdff36a2818,Mickey's Magical Friendship Faire,SHOW,OPERATING,2026-08-25T11:35:00-04:00,2026-08-25T11:35:00-04:00,2026-08-25T04:01:17.090Z
2026-08-25T16:30:14.809415-04:00,2026-08-25,4c31b3ad-5dc9-437f-ac1a-0fdff36a2818,Mickey's Magical Friendship Faire,SHOW,OPERATING,2026-08-25T12:45:00-04:00,2026-08-25T12:45:00-04:00,2026-08-25T04:01:17.090Z
2026-08-25T16:30:14.809415-04:00,2026-08-25,4c31b3ad-5dc9-437f-ac1a-0fdff36a2818,Mickey's Magical Friendship Faire,SHOW,OPERATING,2026-08-25T14:55:00-04:00,2026-08-25T14:55:00-04:00,2026-08-25T04:01:17.090Z
2026-08-25T16:30:14.809415-04:00,2026-08-25,4c31b3ad-5dc9-437f-ac1a-0fdff36a2818,Mickey's Magical Friendship Faire,SHOW,OPERATING,2026-08-25T16:00:00-04:00,2026-08-25T16:00:00-04:00,2026-08-25T04:01:17.090Z
2026-08-25T16:30:14.809415-04:00,2026-08-25,92524eb7-4ee5-4eab-936c-2eb8e6eb0ecd,The Cadaver Dans Barbershop Quartet at Mickey's Not-So-Scary Halloween Party,SHOW,OPERATING,2026-08-25T19:00:00-04:00,2026-08-25T19:00:00-04:00,2026-08-25T04:01:17.035Z
2026-08-25T16:30:14.809415-04:00,2026-08-25,92524eb7-4ee5-4eab-936c-2eb8e6eb0ecd,The Cadaver Dans Barbershop Quartet at Mickey's Not-So-Scary Halloween Party,SHOW,OPERATING,2026-08-25T19:50:00-04:00,2026-08-25T19:50:00-04:00,2026-08-25T04:01:17.035Z
2026-08-25T16:30:14.809415-04:00,2026-08-25,92524eb7-4ee5-4eab-936c-2eb8e6eb0ecd,The Cadaver Dans Barbershop Quartet at Mickey's Not-So-Scary Halloween Party,SHOW,OPERATING,2026-08-25T20:45:00-04:00,2026-08-25T20:45:00-04:00,2026-08-25T04:01:17.035Z
2026-08-25T16:30:14.809415-04:00,2026-08-25,92524eb7-4ee5-4eab-936c-2eb8e6eb0ecd,The Cadaver Dans Barbershop Quartet at Mickey's Not-So-Scary Halloween Party,SHOW,OPERATING,2026-08-25T21:30:00-04:00,2026-08-25T21:30:00-04:00,2026-08-25T04:01:17.035Z
2026-08-25T16:30:14.809415-04:00,2026-08-25,92524eb7-4ee5-4eab-936c-2eb8e6eb0ecd,The Cadaver Dans Barbershop Quartet at Mickey's Not-So-Scary Halloween Party,SHOW,OPERATING,2026-08-25T22:50:00-04:00,2026-08-25T22:50:00-04:00,2026-08-25T04:01:17.035Z
2026-08-25T16:30:14.809415-04:00,2026-08-25,92524eb7-4ee5-4eab-936c-2eb8e6eb0ecd,The Cadaver Dans Barbershop Quartet at Mickey's Not-So-Scary Halloween Party,SHOW,OPERATING,2026-08-25T23:45:00-04:00,2026-08-25T23:45:00-04:00,2026-08-25T04:01:17.035Z
2026-08-25T16:30:14.809415-04:00,2026-08-25,d69261dc-62b8-434c-83bd-93649b43c408,Disney Starlight: Dream the Night Away,SHOW,CLOSED,,,2026-08-25T04:01:17.317Z
2026-08-25T16:30:14.809415-04:00,2026-08-25,22b78ed9-a692-47cb-b6a4-6d1224ff67e3,Happily Ever After,SHOW,CLOSED,,,2026-08-25T04:01:17.115Z
2026-08-25T16:30:14.809415-04:00,2026-08-25,5c00cd7c-b207-4d9d-9c8c-a8d418fc5425,Mickey’s Boo-To-You Halloween Parade at Mickey's Not-So-Scary Halloween Party,SHOW,OPERATING,2026-08-25T20:15:00-04:00,2026-08-25T20:15:00-04:00,2026-08-25T04:01:17.504Z
2026-08-25T16:30:14.809415-04:00,2026-08-25,5c00cd7c-b207-4d9d-9c8c-a8d418fc5425,Mickey’s Boo-To-You Halloween Parade at Mickey's Not-So-Scary Halloween Party,SHOW,OPERATING,2026-08-25T23:15:00-04:00,2026-08-25T23:15:00-04:00,2026-08-25T04:01:17.504Z
2026-08-25T16:30:14.809415-04:00,2026-08-25,05ca3e51-580b-44ca-8046-7d3e57a6d248,Disney’s Not-So-Spooky Spectacular at Mickey's Not-So-Scary Halloween Party,SHOW,OPERATING,2026-08-25T22:00:00-04:00,2026-08-25T22:00:00-04:00,2026-08-25T04:01:17.419Z
2026-08-25T16:30:14.809415-04:00,2026-08-25,b5d6d1d1-e960-4c8f-a8a4-b9748b386b64,Meet Dashing Disney Pals as Circus Stars at Pete's Silly Sideshow,SHOW,OPERATING,2026-08-25T10:00:00-04:00,2026-08-25T17:00:00-04:00,2026-08-25T19:55:45.588Z
2026-08-25T16:30:14.809415-04:00,2026-08-25,947edbee-85a5-4aa0-99f3-14c7de539542,Meet Jack Skellington and Sally at Mickey's Not-So-Scary Halloween Party,SHOW,CLOSED,,,2026-08-25T03:27:44.248Z
2026-08-25T16:30:14.809415-04:00,2026-08-25,5564113f-25b4-4646-ac35-aacf983e2fd6,Meet Mickey Mouse and Minnie Mouse at Mickey's Not-So-Scary Halloween Party,SHOW,CLOSED,,,2026-08-25T03:27:44.256Z
2026-08-25T16:30:14.809415-04:00,2026-08-25,1c708beb-41e1-43ae-8dd8-1e85075aeb38,Flag Retreat,SHOW,OPERATING,2026-08-25T17:00:00-04:00,2026-08-25T17:00:00-04:00,2026-08-25T04:01:17.433Z
2026-08-25T16:30:14.809415-04:00,2026-08-25,f819079e-644e-4fce-bda3-26b899ac7027,Disney Adventure Friends Cavalcade,SHOW,OPERATING,2026-08-25T11:05:00-04:00,2026-08-25T11:05:00-04:00,2026-08-25T04:01:17.219Z
2026-08-25T16:30:14.809415-04:00,2026-08-25,6d74b3d9-f977-4c9b-8114-93969b51b105,Hocus Pocus Villain Spelltacular,SHOW,OPERATING,2026-08-25T21:05:00-04:00,2026-08-25T21:05:00-04:00,2026-08-25T04:01:17.081Z
2026-08-25T16:30:14.809415-04:00,2026-08-25,6d74b3d9-f977-4c9b-8114-93969b51b105,Hocus Pocus Villain Spelltacular,SHOW,OPERATING,2026-08-25T22:35:00-04:00,2026-08-25T22:35:00-04:00,2026-08-25T04:01:17.081Z
2026-08-25T16:30:14.809415-04:00,2026-08-25,6d74b3d9-f977-4c9b-8114-93969b51b105,Hocus Pocus Villain Spelltacular,SHOW,OPERATING,2026-08-25T23:59:00-04:00,2026-08-25T23:59:00-04:00,2026-08-25T04:01:17.081Z
2026-08-25T16:30:14.809415-04:00,2026-08-25,e0cd6a94-6dbe-4f52-aaa8-b3d2fdf5f2f6,Jessie’s Roundup: A Rip-Roarin’ Revue!,SHOW,OPERATING,2026-08-25T09:30:00-04:00,2026-08-25T17:30:00-04:00,2026-08-25T04:01:17.380Z
2026-08-25T16:30:14.809415-04:00,2026-08-25,1eee22e8-1d0a-4809-a42b-df3ae55c69d5,The Dapper Dans,SHOW,OPERATING,2026-08-25T09:00:00-04:00,2026-08-25T09:00:00-04:00,2026-08-25T04:01:17.496Z
2026-08-25T16:30:14.809415-04:00,2026-08-25,1eee22e8-1d0a-4809-a42b-df3ae55c69d5,The Dapper Dans,SHOW,OPERATING,2026-08-25T09:50:00-04:00,2026-08-25T09:50:00-04:00,2026-08-25T04:01:17.496Z
2026-08-25T16:30:14.809415-04:00,2026-08-25,1eee22e8-1d0a-4809-a42b-df3ae55c69d5,The Dapper Dans,SHOW,OPERATING,2026-08-25T10:40:00-04:00,2026-08-25T10:40:00-04:00,2026-08-25T04:01:17.496Z
2026-08-25T16:30:14.809415-04:00,2026-08-25,1eee22e8-1d0a-4809-a42b-df3ae55c69d5,The Dapper Dans,SHOW,OPERATING,2026-08-25T12:05:00-04:00,2026-08-25T12:05:00-04:00,2026-08-25T04:01:17.496Z
2026-08-25T16:30:14.809415-04:00,2026-08-25,1eee22e8-1d0a-4809-a42b-df3ae55c69d5,The Dapper Dans,SHOW,OPERATING,2026-08-25T13:10:00-04:00,2026-08-25T13:10:00-04:00,2026-08-25T04:01:17.496Z
2026-08-25T16:30:14.809415-04:00,2026-08-25,1eee22e8-1d0a-4809-a42b-df3ae55c69d5,The Dapper Dans,SHOW,OPERATING,2026-08-25T14:55:00-04:00,2026-08-25T14:55:00-04:00,2026-08-25T04:01:17.496Z
2026-08-25T16:30:14.809415-04:00,2026-08-25,1eee22e8-1d0a-4809-a42b-df3ae55c69d5,The Dapper Dans,SHOW,OPERATING,2026-08-25T15:55:00-04:00,2026-08-25T15:55:00-04:00,2026-08-25T04:01:17.496Z
2026-08-25T16:30:14.809415-04:00,2026-08-25,012a211b-4c91-451c-8a0e-5e3ab398eda8,Meet Ariel at Her Grotto,SHOW,OPERATING,2026-08-25T09:30:00-04:00,2026-08-25T17:30:00-04:00,2026-08-25T20:25:47.622Z
2026-08-25T16:30:14.809415-04:00,2026-08-25,40737d3d-0ff6-4a9e-a050-beb87bf90120,Meet Cinderella and a Visiting Princess at Princess Fairytale Hall,SHOW,OPERATING,2026-08-25T09:00:00-04:00,2026-08-25T17:00:00-04:00,2026-08-25T19:53:45.740Z
2026-08-25T16:30:14.809415-04:00,2026-08-25,a0613b70-293f-4a5b-8169-357be1777c62,Casey's Corner Pianist,SHOW,OPERATING,2026-08-25T10:50:00-04:00,2026-08-25T10:50:00-04:00,2026-08-25T04:01:17.488Z
2026-08-25T16:30:14.809415-04:00,2026-08-25,a0613b70-293f-4a5b-8169-357be1777c62,Casey's Corner Pianist,SHOW,OPERATING,2026-08-25T12:00:00-04:00,2026-08-25T12:00:00-04:00,2026-08-25T04:01:17.488Z
2026-08-25T16:30:14.809415-04:00,2026-08-25,a0613b70-293f-4a5b-8169-357be1777c62,Casey's Corner Pianist,SHOW,OPERATING,2026-08-25T13:15:00-04:00,2026-08-25T13:15:00-04:00,2026-08-25T04:01:17.488Z
2026-08-25T16:30:14.809415-04:00,2026-08-25,a0613b70-293f-4a5b-8169-357be1777c62,Casey's Corner Pianist,SHOW,OPERATING,2026-08-25T14:35:00-04:00,2026-08-25T14:35:00-04:00,2026-08-25T04:01:17.488Z
2026-08-25T16:30:14.809415-04:00,2026-08-25,a0613b70-293f-4a5b-8169-357be1777c62,Casey's Corner Pianist,SHOW,OPERATING,2026-08-25T15:15:00-04:00,2026-08-25T15:15:00-04:00,2026-08-25T04:01:17.488Z
2026-08-25T16:30:14.809415-04:00,2026-08-25,a0613b70-293f-4a5b-8169-357be1777c62,Casey's Corner Pianist,SHOW,OPERATING,2026-08-25T16:35:00-04:00,2026-08-25T16:35:00-04:00,2026-08-25T04:01:17.488Z
2026-08-25T16:30:14.809415-04:00,2026-08-25,a0613b70-293f-4a5b-8169-357be1777c62,Casey's Corner Pianist,SHOW,OPERATING,2026-08-25T17:30:00-04:00,2026-08-25T17:30:00-04:00,2026-08-25T04:01:17.488Z
2026-08-25T16:30:14.809415-04:00,2026-08-25,a2d92647-634d-4eb4-886b-9da858e871f1,Meet Mickey at Town Square Theater,SHOW,OPERATING,2026-08-25T08:00:00-04:00,2026-08-25T17:30:00-04:00,2026-08-25T20:25:47.615Z
2026-08-25T16:30:14.809415-04:00,2026-08-25,cf4b2ba4-3626-4de7-9d07-abe8a65b1665,Meet Princess Tiana and a Visiting Princess at Princess Fairytale Hall,SHOW,OPERATING,2026-08-25T09:00:00-04:00,2026-08-25T17:00:00-04:00,2026-08-25T19:52:45.884Z
2026-08-25T19:30:17.094706-04:00,2026-08-25,a74421f2-5de4-4425-bd06-8b4639b29826,Meet Festive Disney Pals at Mickey’s Not-So-Scary Halloween Party,SHOW,OPERATING,2026-08-25T19:00:00-04:00,2026-08-25T23:30:00-04:00,2026-08-25T23:24:48.715Z
2026-08-25T19:30:17.094706-04:00,2026-08-25,c1f39c15-7845-46b5-b6fd-2ae368a32a37,Captain Jack’s Buccaneer Bash at Mickey’s Not-So-Scary Halloween Party,SHOW,OPERATING,2026-08-25T19:00:00-04:00,2026-08-26T00:00:00-04:00,2026-08-25T04:01:17.395Z
2026-08-25T19:30:17.094706-04:00,2026-08-25,97c837c3-4a0f-4d52-b93c-074cf31d6f41,Stitch’s Masquerade Mashup at Mickey’s Not-So-Scary Halloween Party,SHOW,OPERATING,2026-08-25T19:00:00-04:00,2026-08-26T00:00:00-04:00,2026-08-25T04:01:17.404Z
2026-08-25T19:30:17.094706-04:00,2026-08-25,51392ca4-f824-42d8-8808-8110ec8e0e22,"Main Street Philharmonic at Main Street, U.S.A.",SHOW,OPERATING,2026-08-25T12:25:00-04:00,2026-08-25T12:25:00-04:00,2026-08-25T04:01:17.480Z
2026-08-25T19:30:17.094706-04:00,2026-08-25,51392ca4-f824-42d8-8808-8110ec8e0e22,"Main Street Philharmonic at Main Street, U.S.A.",SHOW,OPERATING,2026-08-25T13:35:00-04:00,2026-08-25T13:35:00-04:00,2026-08-25T04:01:17.480Z
2026-08-25T19:30:17.094706-04:00,2026-08-25,51392ca4-f824-42d8-8808-8110ec8e0e22,"Main Street Philharmonic at Main Street, U.S.A.",SHOW,OPERATING,2026-08-25T14:35:00-04:00,2026-08-25T14:35:00-04:00,2026-08-25T04:01:17.480Z
2026-08-25T19:30:17.094706-04:00,2026-08-25,51392ca4-f824-42d8-8808-8110ec8e0e22,"Main Street Philharmonic at Main Street, U.S.A.",SHOW,OPERATING,2026-08-25T15:35:00-04:00,2026-08-25T15:35:00-04:00,2026-08-25T04:01:17.480Z
2026-08-25T19:30:17.094706-04:00,2026-08-25,86c198b0-7c02-4354-814a-27ad70067d45,Disney Enchantment at Disney After Hours at Magic Kingdom,SHOW,CLOSED,,,2026-07-28T04:04:15.245Z
2026-08-25T19:30:17.094706-04:00,2026-08-25,166f2985-7b27-4eff-a8b3-29c3448ba198,Meet Daring Disney Pals as Circus Stars at Pete's Silly Sideshow,SHOW,CLOSED,2026-08-25T10:00:00-04:00,2026-08-25T17:00:00-04:00,2026-08-25T21:00:53.587Z
2026-08-25T19:30:17.094706-04:00,2026-08-25,9221e600-6715-4b4f-b39a-00c318c00e03,Destination DescenDANCE Party at Mickey’s Not-So-Scary Halloween Party,SHOW,OPERATING,2026-08-25T19:00:00-04:00,2026-08-26T00:00:00-04:00,2026-08-25T04:01:17.186Z
2026-08-25T19:30:17.094706-04:00,2026-08-25,ee56b2f3-fd49-4a29-ae1a-2d321549a633,Disney Festival of Fantasy Parade,SHOW,OPERATING,2026-08-25T14:00:00-04:00,2026-08-25T14:00:00-04:00,2026-08-25T04:01:17.056Z
2026-08-25T19:30:17.094706-04:00,2026-08-25,4c31b3ad-5dc9-437f-ac1a-0fdff36a2818,Mickey's Magical Friendship Faire,SHOW,OPERATING,2026-08-25T10:00:00-04:00,2026-08-25T10:00:00-04:00,2026-08-25T04:01:17.090Z
2026-08-25T19:30:17.094706-04:00,2026-08-25,4c31b3ad-5dc9-437f-ac1a-0fdff36a2818,Mickey's Magical Friendship Faire,SHOW,OPERATING,2026-08-25T11:35:00-04:00,2026-08-25T11:35:00-04:00,2026-08-25T04:01:17.090Z
2026-08-25T19:30:17.094706-04:00,2026-08-25,4c31b3ad-5dc9-437f-ac1a-0fdff36a2818,Mickey's Magical Friendship Faire,SHOW,OPERATING,2026-08-25T12:45:00-04:00,2026-08-25T12:45:00-04:00,2026-08-25T04:01:17.090Z
2026-08-25T19:30:17.094706-04:00,2026-08-25,4c31b3ad-5dc9-437f-ac1a-0fdff36a2818,Mickey's Magical Friendship Faire,SHOW,OPERATING,2026-08-25T14:55:00-04:00,2026-08-25T14:55:00-04:00,2026-08-25T04:01:17.090Z
2026-08-25T19:30:17.094706-04:00,2026-08-25,4c31b3ad-5dc9-437f-ac1a-0fdff36a2818,Mickey's Magical Friendship Faire,SHOW,OPERATING,2026-08-25T16:00:00-04:00,2026-08-25T16:00:00-04:00,2026-08-25T04:01:17.090Z
2026-08-25T19:30:17.094706-04:00,2026-08-25,92524eb7-4ee5-4eab-936c-2eb8e6eb0ecd,The Cadaver Dans Barbershop Quartet at Mickey's Not-So-Scary Halloween Party,SHOW,OPERATING,2026-08-25T19:00:00-04:00,2026-08-25T19:00:00-04:00,2026-08-25T04:01:17.035Z
2026-08-25T19:30:17.094706-04:00,2026-08-25,92524eb7-4ee5-4eab-936c-2eb8e6eb0ecd,The Cadaver Dans Barbershop Quartet at Mickey's Not-So-Scary Halloween Party,SHOW,OPERATING,2026-08-25T19:50:00-04:00,2026-08-25T19:50:00-04:00,2026-08-25T04:01:17.035Z
2026-08-25T19:30:17.094706-04:00,2026-08-25,92524eb7-4ee5-4eab-936c-2eb8e6eb0ecd,The Cadaver Dans Barbershop Quartet at Mickey's Not-So-Scary Halloween Party,SHOW,OPERATING,2026-08-25T20:45:00-04:00,2026-08-25T20:45:00-04:00,2026-08-25T04:01:17.035Z
2026-08-25T19:30:17.094706-04:00,2026-08-25,92524eb7-4ee5-4eab-936c-2eb8e6eb0ecd,The Cadaver Dans Barbershop Quartet at Mickey's Not-So-Scary Halloween Party,SHOW,OPERATING,2026-08-25T21:30:00-04:00,2026-08-25T21:30:00-04:00,2026-08-25T04:01:17.035Z
2026-08-25T19:30:17.094706-04:00,2026-08-25,92524eb7-4ee5-4eab-936c-2eb8e6eb0ecd,The Cadaver Dans Barbershop Quartet at Mickey's Not-So-Scary Halloween Party,SHOW,OPERATING,2026-08-25T22:50:00-04:00,2026-08-25T22:50:00-04:00,2026-08-25T04:01:17.035Z
2026-08-25T19:30:17.094706-04:00,2026-08-25,92524eb7-4ee5-4eab-936c-2eb8e6eb0ecd,The Cadaver Dans Barbershop Quartet at Mickey's Not-So-Scary Halloween Party,SHOW,OPERATING,2026-08-25T23:45:00-04:00,2026-08-25T23:45:00-04:00,2026-08-25T04:01:17.035Z
2026-08-25T19:30:17.094706-04:00,2026-08-25,d69261dc-62b8-434c-83bd-93649b43c408,Disney Starlight: Dream the Night Away,SHOW,CLOSED,,,2026-08-25T04:01:17.317Z
2026-08-25T19:30:17.094706-04:00,2026-08-25,22b78ed9-a692-47cb-b6a4-6d1224ff67e3,Happily Ever After,SHOW,CLOSED,,,2026-08-25T04:01:17.115Z
2026-08-25T19:30:17.094706-04:00,2026-08-25,5c00cd7c-b207-4d9d-9c8c-a8d418fc5425,Mickey’s Boo-To-You Halloween Parade at Mickey's Not-So-Scary Halloween Party,SHOW,OPERATING,2026-08-25T20:15:00-04:00,2026-08-25T20:15:00-04:00,2026-08-25T04:01:17.504Z
2026-08-25T19:30:17.094706-04:00,2026-08-25,5c00cd7c-b207-4d9d-9c8c-a8d418fc5425,Mickey’s Boo-To-You Halloween Parade at Mickey's Not-So-Scary Halloween Party,SHOW,OPERATING,2026-08-25T23:15:00-04:00,2026-08-25T23:15:00-04:00,2026-08-25T04:01:17.504Z
2026-08-25T19:30:17.094706-04:00,2026-08-25,05ca3e51-580b-44ca-8046-7d3e57a6d248,Disney’s Not-So-Spooky Spectacular at Mickey's Not-So-Scary Halloween Party,SHOW,OPERATING,2026-08-25T22:00:00-04:00,2026-08-25T22:00:00-04:00,2026-08-25T04:01:17.419Z
2026-08-25T19:30:17.094706-04:00,2026-08-25,b5d6d1d1-e960-4c8f-a8a4-b9748b386b64,Meet Dashing Disney Pals as Circus Stars at Pete's Silly Sideshow,SHOW,CLOSED,2026-08-25T10:00:00-04:00,2026-08-25T17:00:00-04:00,2026-08-25T21:00:53.547Z
2026-08-25T19:30:17.094706-04:00,2026-08-25,947edbee-85a5-4aa0-99f3-14c7de539542,Meet Jack Skellington and Sally at Mickey's Not-So-Scary Halloween Party,SHOW,OPERATING,2026-08-25T19:00:00-04:00,2026-08-25T23:30:00-04:00,2026-08-25T23:28:47.390Z
2026-08-25T19:30:17.094706-04:00,2026-08-25,5564113f-25b4-4646-ac35-aacf983e2fd6,Meet Mickey Mouse and Minnie Mouse at Mickey's Not-So-Scary Halloween Party,SHOW,OPERATING,2026-08-25T19:00:00-04:00,2026-08-25T23:30:00-04:00,2026-08-25T23:28:47.397Z
2026-08-25T19:30:17.094706-04:00,2026-08-25,1c708beb-41e1-43ae-8dd8-1e85075aeb38,Flag Retreat,SHOW,OPERATING,2026-08-25T17:00:00-04:00,2026-08-25T17:00:00-04:00,2026-08-25T04:01:17.433Z
2026-08-25T19:30:17.094706-04:00,2026-08-25,f819079e-644e-4fce-bda3-26b899ac7027,Disney Adventure Friends Cavalcade,SHOW,OPERATING,2026-08-25T11:05:00-04:00,2026-08-25T11:05:00-04:00,2026-08-25T04:01:17.219Z
2026-08-25T19:30:17.094706-04:00,2026-08-25,6d74b3d9-f977-4c9b-8114-93969b51b105,Hocus Pocus Villain Spelltacular,SHOW,OPERATING,2026-08-25T21:05:00-04:00,2026-08-25T21:05:00-04:00,2026-08-25T04:01:17.081Z
2026-08-25T19:30:17.094706-04:00,2026-08-25,6d74b3d9-f977-4c9b-8114-93969b51b105,Hocus Pocus Villain Spelltacular,SHOW,OPERATING,2026-08-25T22:35:00-04:00,2026-08-25T22:35:00-04:00,2026-08-25T04:01:17.081Z
2026-08-25T19:30:17.094706-04:00,2026-08-25,6d74b3d9-f977-4c9b-8114-93969b51b105,Hocus Pocus Villain Spelltacular,SHOW,OPERATING,2026-08-25T23:59:00-04:00,2026-08-25T23:59:00-04:00,2026-08-25T04:01:17.081Z
2026-08-25T19:30:17.094706-04:00,2026-08-25,e0cd6a94-6dbe-4f52-aaa8-b3d2fdf5f2f6,Jessie’s Roundup: A Rip-Roarin’ Revue!,SHOW,OPERATING,2026-08-25T09:30:00-04:00,2026-08-25T17:30:00-04:00,2026-08-25T04:01:17.380Z
2026-08-25T19:30:17.094706-04:00,2026-08-25,1eee22e8-1d0a-4809-a42b-df3ae55c69d5,The Dapper Dans,SHOW,OPERATING,2026-08-25T09:00:00-04:00,2026-08-25T09:00:00-04:00,2026-08-25T04:01:17.496Z
2026-08-25T19:30:17.094706-04:00,2026-08-25,1eee22e8-1d0a-4809-a42b-df3ae55c69d5,The Dapper Dans,SHOW,OPERATING,2026-08-25T09:50:00-04:00,2026-08-25T09:50:00-04:00,2026-08-25T04:01:17.496Z
2026-08-25T19:30:17.094706-04:00,2026-08-25,1eee22e8-1d0a-4809-a42b-df3ae55c69d5,The Dapper Dans,SHOW,OPERATING,2026-08-25T10:40:00-04:00,2026-08-25T10:40:00-04:00,2026-08-25T04:01:17.496Z
2026-08-25T19:30:17.094706-04:00,2026-08-25,1eee22e8-1d0a-4809-a42b-df3ae55c69d5,The Dapper Dans,SHOW,OPERATING,2026-08-25T12:05:00-04:00,2026-08-25T12:05:00-04:00,2026-08-25T04:01:17.496Z
2026-08-25T19:30:17.094706-04:00,2026-08-25,1eee22e8-1d0a-4809-a42b-df3ae55c69d5,The Dapper Dans,SHOW,OPERATING,2026-08-25T13:10:00-04:00,2026-08-25T13:10:00-04:00,2026-08-25T04:01:17.496Z
2026-08-25T19:30:17.094706-04:00,2026-08-25,1eee22e8-1d0a-4809-a42b-df3ae55c69d5,The Dapper Dans,SHOW,OPERATING,2026-08-25T14:55:00-04:00,2026-08-25T14:55:00-04:00,2026-08-25T04:01:17.496Z
2026-08-25T19:30:17.094706-04:00,2026-08-25,1eee22e8-1d0a-4809-a42b-df3ae55c69d5,The Dapper Dans,SHOW,OPERATING,2026-08-25T15:55:00-04:00,2026-08-25T15:55:00-04:00,2026-08-25T04:01:17.496Z
2026-08-25T19:30:17.094706-04:00,2026-08-25,012a211b-4c91-451c-8a0e-5e3ab398eda8,Meet Ariel at Her Grotto,SHOW,CLOSED,2026-08-25T09:30:00-04:00,2026-08-25T17:30:00-04:00,2026-08-25T21:30:52.264Z
2026-08-25T19:30:17.094706-04:00,2026-08-25,40737d3d-0ff6-4a9e-a050-beb87bf90120,Meet Cinderella and a Visiting Princess at Princess Fairytale Hall,SHOW,CLOSED,2026-08-25T09:00:00-04:00,2026-08-25T17:00:00-04:00,2026-08-25T21:00:53.573Z
2026-08-25T19:30:17.094706-04:00,2026-08-25,a0613b70-293f-4a5b-8169-357be1777c62,Casey's Corner Pianist,SHOW,OPERATING,2026-08-25T10:50:00-04:00,2026-08-25T10:50:00-04:00,2026-08-25T04:01:17.488Z
2026-08-25T19:30:17.094706-04:00,2026-08-25,a0613b70-293f-4a5b-8169-357be1777c62,Casey's Corner Pianist,SHOW,OPERATING,2026-08-25T12:00:00-04:00,2026-08-25T12:00:00-04:00,2026-08-25T04:01:17.488Z
2026-08-25T19:30:17.094706-04:00,2026-08-25,a0613b70-293f-4a5b-8169-357be1777c62,Casey's Corner Pianist,SHOW,OPERATING,2026-08-25T13:15:00-04:00,2026-08-25T13:15:00-04:00,2026-08-25T04:01:17.488Z
2026-08-25T19:30:17.094706-04:00,2026-08-25,a0613b70-293f-4a5b-8169-357be1777c62,Casey's Corner Pianist,SHOW,OPERATING,2026-08-25T14:35:00-04:00,2026-08-25T14:35:00-04:00,2026-08-25T04:01:17.488Z
2026-08-25T19:30:17.094706-04:00,2026-08-25,a0613b70-293f-4a5b-8169-357be1777c62,Casey's Corner Pianist,SHOW,OPERATING,2026-08-25T15:15:00-04:00,2026-08-25T15:15:00-04:00,2026-08-25T04:01:17.488Z
2026-08-25T19:30:17.094706-04:00,2026-08-25,a0613b70-293f-4a5b-8169-357be1777c62,Casey's Corner Pianist,SHOW,OPERATING,2026-08-25T16:35:00-04:00,2026-08-25T16:35:00-04:00,2026-08-25T04:01:17.488Z
2026-08-25T19:30:17.094706-04:00,2026-08-25,a0613b70-293f-4a5b-8169-357be1777c62,Casey's Corner Pianist,SHOW,OPERATING,2026-08-25T17:30:00-04:00,2026-08-25T17:30:00-04:00,2026-08-25T04:01:17.488Z
2026-08-25T19:30:17.094706-04:00,2026-08-25,a2d92647-634d-4eb4-886b-9da858e871f1,Meet Mickey at Town Square Theater,SHOW,CLOSED,2026-08-25T08:00:00-04:00,2026-08-25T17:30:00-04:00,2026-08-25T21:30:52.376Z
2026-08-25T19:30:17.094706-04:00,2026-08-25,cf4b2ba4-3626-4de7-9d07-abe8a65b1665,Meet Princess Tiana and a Visiting Princess at Princess Fairytale Hall,SHOW,CLOSED,2026-08-25T09:00:00-04:00,2026-08-25T17:00:00-04:00,2026-08-25T21:00:53.559Z
2026-08-25T22:30:14.321404-04:00,2026-08-25,c1f39c15-7845-46b5-b6fd-2ae368a32a37,Captain Jack’s Buccaneer Bash at Mickey’s Not-So-Scary Halloween Party,SHOW,OPERATING,2026-08-25T19:00:00-04:00,2026-08-26T00:00:00-04:00,2026-08-25T04:01:17.395Z
2026-08-25T22:30:14.321404-04:00,2026-08-25,97c837c3-4a0f-4d52-b93c-074cf31d6f41,Stitch’s Masquerade Mashup at Mickey’s Not-So-Scary Halloween Party,SHOW,OPERATING,2026-08-25T19:00:00-04:00,2026-08-26T00:00:00-04:00,2026-08-25T04:01:17.404Z
2026-08-25T22:30:14.321404-04:00,2026-08-25,a74421f2-5de4-4425-bd06-8b4639b29826,Meet Festive Disney Pals at Mickey’s Not-So-Scary Halloween Party,SHOW,OPERATING,2026-08-25T19:00:00-04:00,2026-08-25T23:30:00-04:00,2026-08-26T02:17:47.289Z
2026-08-25T22:30:14.321404-04:00,2026-08-25,51392ca4-f824-42d8-8808-8110ec8e0e22,"Main Street Philharmonic at Main Street, U.S.A.",SHOW,OPERATING,2026-08-25T12:25:00-04:00,2026-08-25T12:25:00-04:00,2026-08-25T04:01:17.480Z
2026-08-25T22:30:14.321404-04:00,2026-08-25,51392ca4-f824-42d8-8808-8110ec8e0e22,"Main Street Philharmonic at Main Street, U.S.A.",SHOW,OPERATING,2026-08-25T13:35:00-04:00,2026-08-25T13:35:00-04:00,2026-08-25T04:01:17.480Z
2026-08-25T22:30:14.321404-04:00,2026-08-25,51392ca4-f824-42d8-8808-8110ec8e0e22,"Main Street Philharmonic at Main Street, U.S.A.",SHOW,OPERATING,2026-08-25T14:35:00-04:00,2026-08-25T14:35:00-04:00,2026-08-25T04:01:17.480Z
2026-08-25T22:30:14.321404-04:00,2026-08-25,51392ca4-f824-42d8-8808-8110ec8e0e22,"Main Street Philharmonic at Main Street, U.S.A.",SHOW,OPERATING,2026-08-25T15:35:00-04:00,2026-08-25T15:35:00-04:00,2026-08-25T04:01:17.480Z
2026-08-25T22:30:14.321404-04:00,2026-08-25,86c198b0-7c02-4354-814a-27ad70067d45,Disney Enchantment at Disney After Hours at Magic Kingdom,SHOW,CLOSED,,,2026-07-28T04:04:15.245Z
2026-08-25T22:30:14.321404-04:00,2026-08-25,166f2985-7b27-4eff-a8b3-29c3448ba198,Meet Daring Disney Pals as Circus Stars at Pete's Silly Sideshow,SHOW,CLOSED,2026-08-25T10:00:00-04:00,2026-08-25T17:00:00-04:00,2026-08-25T21:00:53.587Z
2026-08-25T22:30:14.321404-04:00,2026-08-25,9221e600-6715-4b4f-b39a-00c318c00e03,Destination DescenDANCE Party at Mickey’s Not-So-Scary Halloween Party,SHOW,OPERATING,2026-08-25T19:00:00-04:00,2026-08-26T00:00:00-04:00,2026-08-25T04:01:17.186Z
2026-08-25T22:30:14.321404-04:00,2026-08-25,ee56b2f3-fd49-4a29-ae1a-2d321549a633,Disney Festival of Fantasy Parade,SHOW,OPERATING,2026-08-25T14:00:00-04:00,2026-08-25T14:00:00-04:00,2026-08-25T04:01:17.056Z
2026-08-25T22:30:14.321404-04:00,2026-08-25,4c31b3ad-5dc9-437f-ac1a-0fdff36a2818,Mickey's Magical Friendship Faire,SHOW,OPERATING,2026-08-25T10:00:00-04:00,2026-08-25T10:00:00-04:00,2026-08-25T04:01:17.090Z
2026-08-25T22:30:14.321404-04:00,2026-08-25,4c31b3ad-5dc9-437f-ac1a-0fdff36a2818,Mickey's Magical Friendship Faire,SHOW,OPERATING,2026-08-25T11:35:00-04:00,2026-08-25T11:35:00-04:00,2026-08-25T04:01:17.090Z
2026-08-25T22:30:14.321404-04:00,2026-08-25,4c31b3ad-5dc9-437f-ac1a-0fdff36a2818,Mickey's Magical Friendship Faire,SHOW,OPERATING,2026-08-25T12:45:00-04:00,2026-08-25T12:45:00-04:00,2026-08-25T04:01:17.090Z
2026-08-25T22:30:14.321404-04:00,2026-08-25,4c31b3ad-5dc9-437f-ac1a-0fdff36a2818,Mickey's Magical Friendship Faire,SHOW,OPERATING,2026-08-25T14:55:00-04:00,2026-08-25T14:55:00-04:00,2026-08-25T04:01:17.090Z
2026-08-25T22:30:14.321404-04:00,2026-08-25,4c31b3ad-5dc9-437f-ac1a-0fdff36a2818,Mickey's Magical Friendship Faire,SHOW,OPERATING,2026-08-25T16:00:00-04:00,2026-08-25T16:00:00-04:00,2026-08-25T04:01:17.090Z
2026-08-25T22:30:14.321404-04:00,2026-08-25,92524eb7-4ee5-4eab-936c-2eb8e6eb0ecd,The Cadaver Dans Barbershop Quartet at Mickey's Not-So-Scary Halloween Party,SHOW,OPERATING,2026-08-25T19:00:00-04:00,2026-08-25T19:00:00-04:00,2026-08-25T04:01:17.035Z
2026-08-25T22:30:14.321404-04:00,2026-08-25,92524eb7-4ee5-4eab-936c-2eb8e6eb0ecd,The Cadaver Dans Barbershop Quartet at Mickey's Not-So-Scary Halloween Party,SHOW,OPERATING,2026-08-25T19:50:00-04:00,2026-08-25T19:50:00-04:00,2026-08-25T04:01:17.035Z
2026-08-25T22:30:14.321404-04:00,2026-08-25,92524eb7-4ee5-4eab-936c-2eb8e6eb0ecd,The Cadaver Dans Barbershop Quartet at Mickey's Not-So-Scary Halloween Party,SHOW,OPERATING,2026-08-25T20:45:00-04:00,2026-08-25T20:45:00-04:00,2026-08-25T04:01:17.035Z
2026-08-25T22:30:14.321404-04:00,2026-08-25,92524eb7-4ee5-4eab-936c-2eb8e6eb0ecd,The Cadaver Dans Barbershop Quartet at Mickey's Not-So-Scary Halloween Party,SHOW,OPERATING,2026-08-25T21:30:00-04:00,2026-08-25T21:30:00-04:00,2026-08-25T04:01:17.035Z
2026-08-25T22:30:14.321404-04:00,2026-08-25,92524eb7-4ee5-4eab-936c-2eb8e6eb0ecd,The Cadaver Dans Barbershop Quartet at Mickey's Not-So-Scary Halloween Party,SHOW,OPERATING,2026-08-25T22:50:00-04:00,2026-08-25T22:50:00-04:00,2026-08-25T04:01:17.035Z
2026-08-25T22:30:14.321404-04:00,2026-08-25,92524eb7-4ee5-4eab-936c-2eb8e6eb0ecd,The Cadaver Dans Barbershop Quartet at Mickey's Not-So-Scary Halloween Party,SHOW,OPERATING,2026-08-25T23:45:00-04:00,2026-08-25T23:45:00-04:00,2026-08-25T04:01:17.035Z
2026-08-25T22:30:14.321404-04:00,2026-08-25,d69261dc-62b8-434c-83bd-93649b43c408,Disney Starlight: Dream the Night Away,SHOW,CLOSED,,,2026-08-25T04:01:17.317Z
2026-08-25T22:30:14.321404-04:00,2026-08-25,22b78ed9-a692-47cb-b6a4-6d1224ff67e3,Happily Ever After,SHOW,CLOSED,,,2026-08-25T04:01:17.115Z
2026-08-25T22:30:14.321404-04:00,2026-08-25,5c00cd7c-b207-4d9d-9c8c-a8d418fc5425,Mickey’s Boo-To-You Halloween Parade at Mickey's Not-So-Scary Halloween Party,SHOW,OPERATING,2026-08-25T20:15:00-04:00,2026-08-25T20:15:00-04:00,2026-08-25T04:01:17.504Z
2026-08-25T22:30:14.321404-04:00,2026-08-25,5c00cd7c-b207-4d9d-9c8c-a8d418fc5425,Mickey’s Boo-To-You Halloween Parade at Mickey's Not-So-Scary Halloween Party,SHOW,OPERATING,2026-08-25T23:15:00-04:00,2026-08-25T23:15:00-04:00,2026-08-25T04:01:17.504Z
2026-08-25T22:30:14.321404-04:00,2026-08-25,05ca3e51-580b-44ca-8046-7d3e57a6d248,Disney’s Not-So-Spooky Spectacular at Mickey's Not-So-Scary Halloween Party,SHOW,OPERATING,2026-08-25T22:00:00-04:00,2026-08-25T22:00:00-04:00,2026-08-25T04:01:17.419Z
2026-08-25T22:30:14.321404-04:00,2026-08-25,b5d6d1d1-e960-4c8f-a8a4-b9748b386b64,Meet Dashing Disney Pals as Circus Stars at Pete's Silly Sideshow,SHOW,CLOSED,2026-08-25T10:00:00-04:00,2026-08-25T17:00:00-04:00,2026-08-25T21:00:53.547Z
2026-08-25T22:30:14.321404-04:00,2026-08-25,5564113f-25b4-4646-ac35-aacf983e2fd6,Meet Mickey Mouse and Minnie Mouse at Mickey's Not-So-Scary Halloween Party,SHOW,OPERATING,2026-08-25T19:00:00-04:00,2026-08-25T23:30:00-04:00,2026-08-26T02:25:47.136Z
2026-08-25T22:30:14.321404-04:00,2026-08-25,947edbee-85a5-4aa0-99f3-14c7de539542,Meet Jack Skellington and Sally at Mickey's Not-So-Scary Halloween Party,SHOW,OPERATING,2026-08-25T19:00:00-04:00,2026-08-25T23:30:00-04:00,2026-08-26T02:24:58.263Z
2026-08-25T22:30:14.321404-04:00,2026-08-25,1c708beb-41e1-43ae-8dd8-1e85075aeb38,Flag Retreat,SHOW,OPERATING,2026-08-25T17:00:00-04:00,2026-08-25T17:00:00-04:00,2026-08-25T04:01:17.433Z
2026-08-25T22:30:14.321404-04:00,2026-08-25,f819079e-644e-4fce-bda3-26b899ac7027,Disney Adventure Friends Cavalcade,SHOW,OPERATING,2026-08-25T11:05:00-04:00,2026-08-25T11:05:00-04:00,2026-08-25T04:01:17.219Z
2026-08-25T22:30:14.321404-04:00,2026-08-25,6d74b3d9-f977-4c9b-8114-93969b51b105,Hocus Pocus Villain Spelltacular,SHOW,OPERATING,2026-08-25T21:05:00-04:00,2026-08-25T21:05:00-04:00,2026-08-25T04:01:17.081Z
2026-08-25T22:30:14.321404-04:00,2026-08-25,6d74b3d9-f977-4c9b-8114-93969b51b105,Hocus Pocus Villain Spelltacular,SHOW,OPERATING,2026-08-25T22:35:00-04:00,2026-08-25T22:35:00-04:00,2026-08-25T04:01:17.081Z
2026-08-25T22:30:14.321404-04:00,2026-08-25,6d74b3d9-f977-4c9b-8114-93969b51b105,Hocus Pocus Villain Spelltacular,SHOW,OPERATING,2026-08-25T23:59:00-04:00,2026-08-25T23:59:00-04:00,2026-08-25T04:01:17.081Z
2026-08-25T22:30:14.321404-04:00,2026-08-25,e0cd6a94-6dbe-4f52-aaa8-b3d2fdf5f2f6,Jessie’s Roundup: A Rip-Roarin’ Revue!,SHOW,OPERATING,2026-08-25T09:30:00-04:00,2026-08-25T17:30:00-04:00,2026-08-25T04:01:17.380Z
2026-08-25T22:30:14.321404-04:00,2026-08-25,1eee22e8-1d0a-4809-a42b-df3ae55c69d5,The Dapper Dans,SHOW,OPERATING,2026-08-25T09:00:00-04:00,2026-08-25T09:00:00-04:00,2026-08-25T04:01:17.496Z
2026-08-25T22:30:14.321404-04:00,2026-08-25,1eee22e8-1d0a-4809-a42b-df3ae55c69d5,The Dapper Dans,SHOW,OPERATING,2026-08-25T09:50:00-04:00,2026-08-25T09:50:00-04:00,2026-08-25T04:01:17.496Z
2026-08-25T22:30:14.321404-04:00,2026-08-25,1eee22e8-1d0a-4809-a42b-df3ae55c69d5,The Dapper Dans,SHOW,OPERATING,2026-08-25T10:40:00-04:00,2026-08-25T10:40:00-04:00,2026-08-25T04:01:17.496Z
2026-08-25T22:30:14.321404-04:00,2026-08-25,1eee22e8-1d0a-4809-a42b-df3ae55c69d5,The Dapper Dans,SHOW,OPERATING,2026-08-25T12:05:00-04:00,2026-08-25T12:05:00-04:00,2026-08-25T04:01:17.496Z
2026-08-25T22:30:14.321404-04:00,2026-08-25,1eee22e8-1d0a-4809-a42b-df3ae55c69d5,The Dapper Dans,SHOW,OPERATING,2026-08-25T13:10:00-04:00,2026-08-25T13:10:00-04:00,2026-08-25T04:01:17.496Z
2026-08-25T22:30:14.321404-04:00,2026-08-25,1eee22e8-1d0a-4809-a42b-df3ae55c69d5,The Dapper Dans,SHOW,OPERATING,2026-08-25T14:55:00-04:00,2026-08-25T14:55:00-04:00,2026-08-25T04:01:17.496Z
2026-08-25T22:30:14.321404-04:00,2026-08-25,1eee22e8-1d0a-4809-a42b-df3ae55c69d5,The Dapper Dans,SHOW,OPERATING,2026-08-25T15:55:00-04:00,2026-08-25T15:55:00-04:00,2026-08-25T04:01:17.496Z
2026-08-25T22:30:14.321404-04:00,2026-08-25,012a211b-4c91-451c-8a0e-5e3ab398eda8,Meet Ariel at Her Grotto,SHOW,CLOSED,2026-08-25T09:30:00-04:00,2026-08-25T17:30:00-04:00,2026-08-25T21:30:52.264Z
2026-08-25T22:30:14.321404-04:00,2026-08-25,40737d3d-0ff6-4a9e-a050-beb87bf90120,Meet Cinderella and a Visiting Princess at Princess Fairytale Hall,SHOW,CLOSED,2026-08-25T09:00:00-04:00,2026-08-25T17:00:00-04:00,2026-08-25T21:00:53.573Z
2026-08-25T22:30:14.321404-04:00,2026-08-25,a0613b70-293f-4a5b-8169-357be1777c62,Casey's Corner Pianist,SHOW,OPERATING,2026-08-25T10:50:00-04:00,2026-08-25T10:50:00-04:00,2026-08-25T04:01:17.488Z
2026-08-25T22:30:14.321404-04:00,2026-08-25,a0613b70-293f-4a5b-8169-357be1777c62,Casey's Corner Pianist,SHOW,OPERATING,2026-08-25T12:00:00-04:00,2026-08-25T12:00:00-04:00,2026-08-25T04:01:17.488Z
2026-08-25T22:30:14.321404-04:00,2026-08-25,a0613b70-293f-4a5b-8169-357be1777c62,Casey's Corner Pianist,SHOW,OPERATING,2026-08-25T13:15:00-04:00,2026-08-25T13:15:00-04:00,2026-08-25T04:01:17.488Z
2026-08-25T22:30:14.321404-04:00,2026-08-25,a0613b70-293f-4a5b-8169-357be1777c62,Casey's Corner Pianist,SHOW,OPERATING,2026-08-25T14:35:00-04:00,2026-08-25T14:35:00-04:00,2026-08-25T04:01:17.488Z
2026-08-25T22:30:14.321404-04:00,2026-08-25,a0613b70-293f-4a5b-8169-357be1777c62,Casey's Corner Pianist,SHOW,OPERATING,2026-08-25T15:15:00-04:00,2026-08-25T15:15:00-04:00,2026-08-25T04:01:17.488Z
2026-08-25T22:30:14.321404-04:00,2026-08-25,a0613b70-293f-4a5b-8169-357be1777c62,Casey's Corner Pianist,SHOW,OPERATING,2026-08-25T16:35:00-04:00,2026-08-25T16:35:00-04:00,2026-08-25T04:01:17.488Z
2026-08-25T22:30:14.321404-04:00,2026-08-25,a0613b70-293f-4a5b-8169-357be1777c62,Casey's Corner Pianist,SHOW,OPERATING,2026-08-25T17:30:00-04:00,2026-08-25T17:30:00-04:00,2026-08-25T04:01:17.488Z
2026-08-25T22:30:14.321404-04:00,2026-08-25,a2d92647-634d-4eb4-886b-9da858e871f1,Meet Mickey at Town Square Theater,SHOW,CLOSED,2026-08-25T08:00:00-04:00,2026-08-25T17:30:00-04:00,2026-08-25T21:30:52.376Z
2026-08-25T22:30:14.321404-04:00,2026-08-25,cf4b2ba4-3626-4de7-9d07-abe8a65b1665,Meet Princess Tiana and a Visiting Princess at Princess Fairytale Hall,SHOW,CLOSED,2026-08-25T09:00:00-04:00,2026-08-25T17:00:00-04:00,2026-08-25T21:00:53.559Z
2026-08-28T16:30:15.831595-04:00,2026-08-28,166f2985-7b27-4eff-a8b3-29c3448ba198,Meet Daring Disney Pals as Circus Stars at Pete's Silly Sideshow,SHOW,OPERATING,2026-08-28T10:00:00-04:00,2026-08-28T17:00:00-04:00,2026-08-28T16:15:28.277Z
2026-08-28T16:30:15.831595-04:00,2026-08-28,c1f39c15-7845-46b5-b6fd-2ae368a32a37,Captain Jack’s Buccaneer Bash at Mickey’s Not-So-Scary Halloween Party,SHOW,OPERATING,2026-08-28T19:00:00-04:00,2026-08-29T00:00:00-04:00,2026-08-28T04:03:00.671Z
2026-08-28T16:30:15.831595-04:00,2026-08-28,97c837c3-4a0f-4d52-b93c-074cf31d6f41,Stitch’s Masquerade Mashup at Mickey’s Not-So-Scary Halloween Party,SHOW,OPERATING,2026-08-28T19:00:00-04:00,2026-08-29T00:00:00-04:00,2026-08-28T04:03:00.682Z
2026-08-28T16:30:15.831595-04:00,2026-08-28,a74421f2-5de4-4425-bd06-8b4639b29826,Meet Festive Disney Pals at Mickey’s Not-So-Scary Halloween Party,SHOW,CLOSED,2026-08-28T19:00:00-04:00,2026-08-28T23:30:00-04:00,2026-08-28T08:32:11.546Z
2026-08-28T16:30:15.831595-04:00,2026-08-28,51392ca4-f824-42d8-8808-8110ec8e0e22,"Main Street Philharmonic at Main Street, U.S.A.",SHOW,OPERATING,2026-08-28T12:25:00-04:00,2026-08-28T12:25:00-04:00,2026-08-28T04:03:00.774Z
2026-08-28T16:30:15.831595-04:00,2026-08-28,51392ca4-f824-42d8-8808-8110ec8e0e22,"Main Street Philharmonic at Main Street, U.S.A.",SHOW,OPERATING,2026-08-28T13:35:00-04:00,2026-08-28T13:35:00-04:00,2026-08-28T04:03:00.774Z
2026-08-28T16:30:15.831595-04:00,2026-08-28,51392ca4-f824-42d8-8808-8110ec8e0e22,"Main Street Philharmonic at Main Street, U.S.A.",SHOW,OPERATING,2026-08-28T14:35:00-04:00,2026-08-28T14:35:00-04:00,2026-08-28T04:03:00.774Z
2026-08-28T16:30:15.831595-04:00,2026-08-28,51392ca4-f824-42d8-8808-8110ec8e0e22,"Main Street Philharmonic at Main Street, U.S.A.",SHOW,OPERATING,2026-08-28T15:35:00-04:00,2026-08-28T15:35:00-04:00,2026-08-28T04:03:00.774Z
2026-08-28T16:30:15.831595-04:00,2026-08-28,86c198b0-7c02-4354-814a-27ad70067d45,Disney Enchantment at Disney After Hours at Magic Kingdom,SHOW,CLOSED,,,2026-07-28T04:04:15.245Z
2026-08-28T16:30:15.831595-04:00,2026-08-28,ee56b2f3-fd49-4a29-ae1a-2d321549a633,Disney Festival of Fantasy Parade,SHOW,OPERATING,2026-08-28T14:00:00-04:00,2026-08-28T14:00:00-04:00,2026-08-28T04:03:00.235Z
2026-08-28T16:30:15.831595-04:00,2026-08-28,4c31b3ad-5dc9-437f-ac1a-0fdff36a2818,Mickey's Magical Friendship Faire,SHOW,OPERATING,2026-08-28T10:00:00-04:00,2026-08-28T10:00:00-04:00,2026-08-28T04:03:00.305Z
2026-08-28T16:30:15.831595-04:00,2026-08-28,4c31b3ad-5dc9-437f-ac1a-0fdff36a2818,Mickey's Magical Friendship Faire,SHOW,OPERATING,2026-08-28T11:35:00-04:00,2026-08-28T11:35:00-04:00,2026-08-28T04:03:00.305Z
2026-08-28T16:30:15.831595-04:00,2026-08-28,4c31b3ad-5dc9-437f-ac1a-0fdff36a2818,Mickey's Magical Friendship Faire,SHOW,OPERATING,2026-08-28T12:45:00-04:00,2026-08-28T12:45:00-04:00,2026-08-28T04:03:00.305Z
2026-08-28T16:30:15.831595-04:00,2026-08-28,4c31b3ad-5dc9-437f-ac1a-0fdff36a2818,Mickey's Magical Friendship Faire,SHOW,OPERATING,2026-08-28T14:55:00-04:00,2026-08-28T14:55:00-04:00,2026-08-28T04:03:00.305Z
2026-08-28T16:30:15.831595-04:00,2026-08-28,4c31b3ad-5dc9-437f-ac1a-0fdff36a2818,Mickey's Magical Friendship Faire,SHOW,OPERATING,2026-08-28T16:00:00-04:00,2026-08-28T16:00:00-04:00,2026-08-28T04:03:00.305Z
2026-08-28T16:30:15.831595-04:00,2026-08-28,d69261dc-62b8-434c-83bd-93649b43c408,Disney Starlight: Dream the Night Away,SHOW,CLOSED,,,2026-08-28T04:03:00.587Z
2026-08-28T16:30:15.831595-04:00,2026-08-28,92524eb7-4ee5-4eab-936c-2eb8e6eb0ecd,The Cadaver Dans Barbershop Quartet at Mickey's Not-So-Scary Halloween Party,SHOW,OPERATING,2026-08-28T19:00:00-04:00,2026-08-28T19:00:00-04:00,2026-08-28T04:03:00.220Z
2026-08-28T16:30:15.831595-04:00,2026-08-28,92524eb7-4ee5-4eab-936c-2eb8e6eb0ecd,The Cadaver Dans Barbershop Quartet at Mickey's Not-So-Scary Halloween Party,SHOW,OPERATING,2026-08-28T19:50:00-04:00,2026-08-28T19:50:00-04:00,2026-08-28T04:03:00.220Z
2026-08-28T16:30:15.831595-04:00,2026-08-28,92524eb7-4ee5-4eab-936c-2eb8e6eb0ecd,The Cadaver Dans Barbershop Quartet at Mickey's Not-So-Scary Halloween Party,SHOW,OPERATING,2026-08-28T20:45:00-04:00,2026-08-28T20:45:00-04:00,2026-08-28T04:03:00.220Z
2026-08-28T16:30:15.831595-04:00,2026-08-28,92524eb7-4ee5-4eab-936c-2eb8e6eb0ecd,The Cadaver Dans Barbershop Quartet at Mickey's Not-So-Scary Halloween Party,SHOW,OPERATING,2026-08-28T21:30:00-04:00,2026-08-28T21:30:00-04:00,2026-08-28T04:03:00.220Z
2026-08-28T16:30:15.831595-04:00,2026-08-28,92524eb7-4ee5-4eab-936c-2eb8e6eb0ecd,The Cadaver Dans Barbershop Quartet at Mickey's Not-So-Scary Halloween Party,SHOW,OPERATING,2026-08-28T22:50:00-04:00,2026-08-28T22:50:00-04:00,2026-08-28T04:03:00.220Z
2026-08-28T16:30:15.831595-04:00,2026-08-28,92524eb7-4ee5-4eab-936c-2eb8e6eb0ecd,The Cadaver Dans Barbershop Quartet at Mickey's Not-So-Scary Halloween Party,SHOW,OPERATING,2026-08-28T23:45:00-04:00,2026-08-28T23:45:00-04:00,2026-08-28T04:03:00.220Z
2026-08-28T16:30:15.831595-04:00,2026-08-28,9221e600-6715-4b4f-b39a-00c318c00e03,Destination DescenDANCE Party at Mickey’s Not-So-Scary Halloween Party,SHOW,OPERATING,2026-08-28T19:00:00-04:00,2026-08-29T00:00:00-04:00,2026-08-28T04:03:00.455Z
2026-08-28T16:30:15.831595-04:00,2026-08-28,22b78ed9-a692-47cb-b6a4-6d1224ff67e3,Happily Ever After,SHOW,CLOSED,,,2026-08-28T04:03:00.363Z
2026-08-28T16:30:15.831595-04:00,2026-08-28,5c00cd7c-b207-4d9d-9c8c-a8d418fc5425,Mickey’s Boo-To-You Halloween Parade at Mickey's Not-So-Scary Halloween Party,SHOW,OPERATING,2026-08-28T20:15:00-04:00,2026-08-28T20:15:00-04:00,2026-08-28T04:03:00.800Z
2026-08-28T16:30:15.831595-04:00,2026-08-28,5c00cd7c-b207-4d9d-9c8c-a8d418fc5425,Mickey’s Boo-To-You Halloween Parade at Mickey's Not-So-Scary Halloween Party,SHOW,OPERATING,2026-08-28T23:15:00-04:00,2026-08-28T23:15:00-04:00,2026-08-28T04:03:00.800Z
2026-08-28T16:30:15.831595-04:00,2026-08-28,05ca3e51-580b-44ca-8046-7d3e57a6d248,Disney’s Not-So-Spooky Spectacular at Mickey's Not-So-Scary Halloween Party,SHOW,OPERATING,2026-08-28T22:00:00-04:00,2026-08-28T22:00:00-04:00,2026-08-28T04:03:00.699Z
2026-08-28T16:30:15.831595-04:00,2026-08-28,b5d6d1d1-e960-4c8f-a8a4-b9748b386b64,Meet Dashing Disney Pals as Circus Stars at Pete's Silly Sideshow,SHOW,OPERATING,2026-08-28T10:00:00-04:00,2026-08-28T17:00:00-04:00,2026-08-28T19:23:26.452Z
2026-08-28T16:30:15.831595-04:00,2026-08-28,5564113f-25b4-4646-ac35-aacf983e2fd6,Meet Mickey Mouse and Minnie Mouse at Mickey's Not-So-Scary Halloween Party,SHOW,CLOSED,2026-08-28T19:00:00-04:00,2026-08-28T23:30:00-04:00,2026-08-28T08:32:11.524Z
2026-08-28T16:30:15.831595-04:00,2026-08-28,947edbee-85a5-4aa0-99f3-14c7de539542,Meet Jack Skellington and Sally at Mickey's Not-So-Scary Halloween Party,SHOW,CLOSED,2026-08-28T19:00:00-04:00,2026-08-28T23:30:00-04:00,2026-08-28T08:32:11.471Z
2026-08-28T16:30:15.831595-04:00,2026-08-28,1c708beb-41e1-43ae-8dd8-1e85075aeb38,Flag Retreat,SHOW,OPERATING,2026-08-28T17:00:00-04:00,2026-08-28T17:00:00-04:00,2026-08-28T04:03:00.716Z
2026-08-28T16:30:15.831595-04:00,2026-08-28,f819079e-644e-4fce-bda3-26b899ac7027,Disney Adventure Friends Cavalcade,SHOW,OPERATING,2026-08-28T11:05:00-04:00,2026-08-28T11:05:00-04:00,2026-08-28T04:03:00.504Z
2026-08-28T16:30:15.831595-04:00,2026-08-28,6d74b3d9-f977-4c9b-8114-93969b51b105,Hocus Pocus Villain Spelltacular,SHOW,OPERATING,2026-08-28T21:05:00-04:00,2026-08-28T21:05:00-04:00,2026-08-28T04:03:00.288Z
2026-08-28T16:30:15.831595-04:00,2026-08-28,6d74b3d9-f977-4c9b-8114-93969b51b105,Hocus Pocus Villain Spelltacular,SHOW,OPERATING,2026-08-28T22:35:00-04:00,2026-08-28T22:35:00-04:00,2026-08-28T04:03:00.288Z
2026-08-28T16:30:15.831595-04:00,2026-08-28,6d74b3d9-f977-4c9b-8114-93969b51b105,Hocus Pocus Villain Spelltacular,SHOW,OPERATING,2026-08-28T23:59:00-04:00,2026-08-28T23:59:00-04:00,2026-08-28T04:03:00.288Z
2026-08-28T16:30:15.831595-04:00,2026-08-28,e0cd6a94-6dbe-4f52-aaa8-b3d2fdf5f2f6,Jessie’s Roundup: A Rip-Roarin’ Revue!,SHOW,OPERATING,2026-08-28T09:30:00-04:00,2026-08-28T17:30:00-04:00,2026-08-28T04:03:00.655Z
2026-08-28T16:30:15.831595-04:00,2026-08-28,1eee22e8-1d0a-4809-a42b-df3ae55c69d5,The Dapper Dans,SHOW,OPERATING,2026-08-28T09:00:00-04:00,2026-08-28T09:00:00-04:00,2026-08-28T04:03:00.791Z
2026-08-28T16:30:15.831595-04:00,2026-08-28,1eee22e8-1d0a-4809-a42b-df3ae55c69d5,The Dapper Dans,SHOW,OPERATING,2026-08-28T09:50:00-04:00,2026-08-28T09:50:00-04:00,2026-08-28T04:03:00.791Z
2026-08-28T16:30:15.831595-04:00,2026-08-28,1eee22e8-1d0a-4809-a42b-df3ae55c69d5,The Dapper Dans,SHOW,OPERATING,2026-08-28T10:40:00-04:00,2026-08-28T10:40:00-04:00,2026-08-28T04:03:00.791Z
2026-08-28T16:30:15.831595-04:00,2026-08-28,1eee22e8-1d0a-4809-a42b-df3ae55c69d5,The Dapper Dans,SHOW,OPERATING,2026-08-28T12:05:00-04:00,2026-08-28T12:05:00-04:00,2026-08-28T04:03:00.791Z
2026-08-28T16:30:15.831595-04:00,2026-08-28,1eee22e8-1d0a-4809-a42b-df3ae55c69d5,The Dapper Dans,SHOW,OPERATING,2026-08-28T13:10:00-04:00,2026-08-28T13:10:00-04:00,2026-08-28T04:03:00.791Z
2026-08-28T16:30:15.831595-04:00,2026-08-28,1eee22e8-1d0a-4809-a42b-df3ae55c69d5,The Dapper Dans,SHOW,OPERATING,2026-08-28T14:55:00-04:00,2026-08-28T14:55:00-04:00,2026-08-28T04:03:00.791Z
2026-08-28T16:30:15.831595-04:00,2026-08-28,1eee22e8-1d0a-4809-a42b-df3ae55c69d5,The Dapper Dans,SHOW,OPERATING,2026-08-28T15:55:00-04:00,2026-08-28T15:55:00-04:00,2026-08-28T04:03:00.791Z
2026-08-28T16:30:15.831595-04:00,2026-08-28,012a211b-4c91-451c-8a0e-5e3ab398eda8,Meet Ariel at Her Grotto,SHOW,OPERATING,2026-08-28T09:30:00-04:00,2026-08-28T17:30:00-04:00,2026-08-28T19:54:28.068Z
2026-08-28T16:30:15.831595-04:00,2026-08-28,40737d3d-0ff6-4a9e-a050-beb87bf90120,Meet Cinderella and a Visiting Princess at Princess Fairytale Hall,SHOW,OPERATING,2026-08-28T09:00:00-04:00,2026-08-28T17:00:00-04:00,2026-08-28T20:13:42.836Z
2026-08-28T16:30:15.831595-04:00,2026-08-28,a0613b70-293f-4a5b-8169-357be1777c62,Casey's Corner Pianist,SHOW,OPERATING,2026-08-28T10:50:00-04:00,2026-08-28T10:50:00-04:00,2026-08-28T04:03:00.783Z
2026-08-28T16:30:15.831595-04:00,2026-08-28,a0613b70-293f-4a5b-8169-357be1777c62,Casey's Corner Pianist,SHOW,OPERATING,2026-08-28T12:00:00-04:00,2026-08-28T12:00:00-04:00,2026-08-28T04:03:00.783Z
2026-08-28T16:30:15.831595-04:00,2026-08-28,a0613b70-293f-4a5b-8169-357be1777c62,Casey's Corner Pianist,SHOW,OPERATING,2026-08-28T13:15:00-04:00,2026-08-28T13:15:00-04:00,2026-08-28T04:03:00.783Z
2026-08-28T16:30:15.831595-04:00,2026-08-28,a0613b70-293f-4a5b-8169-357be1777c62,Casey's Corner Pianist,SHOW,OPERATING,2026-08-28T14:35:00-04:00,2026-08-28T14:35:00-04:00,2026-08-28T04:03:00.783Z
2026-08-28T16:30:15.831595-04:00,2026-08-28,a0613b70-293f-4a5b-8169-357be1777c62,Casey's Corner Pianist,SHOW,OPERATING,2026-08-28T15:15:00-04:00,2026-08-28T15:15:00-04:00,2026-08-28T04:03:00.783Z
2026-08-28T16:30:15.831595-04:00,2026-08-28,a0613b70-293f-4a5b-8169-357be1777c62,Casey's Corner Pianist,SHOW,OPERATING,2026-08-28T16:35:00-04:00,2026-08-28T16:35:00-04:00,2026-08-28T04:03:00.783Z
2026-08-28T16:30:15.831595-04:00,2026-08-28,a0613b70-293f-4a5b-8169-357be1777c62,Casey's Corner Pianist,SHOW,OPERATING,2026-08-28T17:30:00-04:00,2026-08-28T17:30:00-04:00,2026-08-28T04:03:00.783Z
2026-08-28T16:30:15.831595-04:00,2026-08-28,a2d92647-634d-4eb4-886b-9da858e871f1,Meet Mickey at Town Square Theater,SHOW,OPERATING,2026-08-28T08:00:00-04:00,2026-08-28T17:30:00-04:00,2026-08-28T20:29:27.476Z
2026-08-28T16:30:15.831595-04:00,2026-08-28,cf4b2ba4-3626-4de7-9d07-abe8a65b1665,Meet Princess Tiana and a Visiting Princess at Princess Fairytale Hall,SHOW,OPERATING,2026-08-28T09:00:00-04:00,2026-08-28T17:00:00-04:00,2026-08-28T20:13:42.823Z
2026-08-28T19:30:14.428973-04:00,2026-08-28,166f2985-7b27-4eff-a8b3-29c3448ba198,Meet Daring Disney Pals as Circus Stars at Pete's Silly Sideshow,SHOW,CLOSED,2026-08-28T10:00:00-04:00,2026-08-28T17:00:00-04:00,2026-08-28T21:00:32.299Z
2026-08-28T19:30:14.428973-04:00,2026-08-28,c1f39c15-7845-46b5-b6fd-2ae368a32a37,Captain Jack’s Buccaneer Bash at Mickey’s Not-So-Scary Halloween Party,SHOW,OPERATING,2026-08-28T19:00:00-04:00,2026-08-29T00:00:00-04:00,2026-08-28T04:03:00.671Z
2026-08-28T19:30:14.428973-04:00,2026-08-28,97c837c3-4a0f-4d52-b93c-074cf31d6f41,Stitch’s Masquerade Mashup at Mickey’s Not-So-Scary Halloween Party,SHOW,OPERATING,2026-08-28T19:00:00-04:00,2026-08-29T00:00:00-04:00,2026-08-28T04:03:00.682Z
2026-08-28T19:30:14.428973-04:00,2026-08-28,a74421f2-5de4-4425-bd06-8b4639b29826,Meet Festive Disney Pals at Mickey’s Not-So-Scary Halloween Party,SHOW,OPERATING,2026-08-28T19:00:00-04:00,2026-08-28T23:30:00-04:00,2026-08-28T23:26:35.073Z
2026-08-28T19:30:14.428973-04:00,2026-08-28,51392ca4-f824-42d8-8808-8110ec8e0e22,"Main Street Philharmonic at Main Street, U.S.A.",SHOW,OPERATING,2026-08-28T12:25:00-04:00,2026-08-28T12:25:00-04:00,2026-08-28T04:03:00.774Z
2026-08-28T19:30:14.428973-04:00,2026-08-28,51392ca4-f824-42d8-8808-8110ec8e0e22,"Main Street Philharmonic at Main Street, U.S.A.",SHOW,OPERATING,2026-08-28T13:35:00-04:00,2026-08-28T13:35:00-04:00,2026-08-28T04:03:00.774Z
2026-08-28T19:30:14.428973-04:00,2026-08-28,51392ca4-f824-42d8-8808-8110ec8e0e22,"Main Street Philharmonic at Main Street, U.S.A.",SHOW,OPERATING,2026-08-28T14:35:00-04:00,2026-08-28T14:35:00-04:00,2026-08-28T04:03:00.774Z
2026-08-28T19:30:14.428973-04:00,2026-08-28,51392ca4-f824-42d8-8808-8110ec8e0e22,"Main Street Philharmonic at Main Street, U.S.A.",SHOW,OPERATING,2026-08-28T15:35:00-04:00,2026-08-28T15:35:00-04:00,2026-08-28T04:03:00.774Z
2026-08-28T19:30:14.428973-04:00,2026-08-28,86c198b0-7c02-4354-814a-27ad70067d45,Disney Enchantment at Disney After Hours at Magic Kingdom,SHOW,CLOSED,,,2026-07-28T04:04:15.245Z
2026-08-28T19:30:14.428973-04:00,2026-08-28,ee56b2f3-fd49-4a29-ae1a-2d321549a633,Disney Festival of Fantasy Parade,SHOW,OPERATING,2026-08-28T14:00:00-04:00,2026-08-28T14:00:00-04:00,2026-08-28T04:03:00.235Z
2026-08-28T19:30:14.428973-04:00,2026-08-28,4c31b3ad-5dc9-437f-ac1a-0fdff36a2818,Mickey's Magical Friendship Faire,SHOW,OPERATING,2026-08-28T10:00:00-04:00,2026-08-28T10:00:00-04:00,2026-08-28T04:03:00.305Z
2026-08-28T19:30:14.428973-04:00,2026-08-28,4c31b3ad-5dc9-437f-ac1a-0fdff36a2818,Mickey's Magical Friendship Faire,SHOW,OPERATING,2026-08-28T11:35:00-04:00,2026-08-28T11:35:00-04:00,2026-08-28T04:03:00.305Z
2026-08-28T19:30:14.428973-04:00,2026-08-28,4c31b3ad-5dc9-437f-ac1a-0fdff36a2818,Mickey's Magical Friendship Faire,SHOW,OPERATING,2026-08-28T12:45:00-04:00,2026-08-28T12:45:00-04:00,2026-08-28T04:03:00.305Z
2026-08-28T19:30:14.428973-04:00,2026-08-28,4c31b3ad-5dc9-437f-ac1a-0fdff36a2818,Mickey's Magical Friendship Faire,SHOW,OPERATING,2026-08-28T14:55:00-04:00,2026-08-28T14:55:00-04:00,2026-08-28T04:03:00.305Z
2026-08-28T19:30:14.428973-04:00,2026-08-28,4c31b3ad-5dc9-437f-ac1a-0fdff36a2818,Mickey's Magical Friendship Faire,SHOW,OPERATING,2026-08-28T16:00:00-04:00,2026-08-28T16:00:00-04:00,2026-08-28T04:03:00.305Z
2026-08-28T19:30:14.428973-04:00,2026-08-28,d69261dc-62b8-434c-83bd-93649b43c408,Disney Starlight: Dream the Night Away,SHOW,CLOSED,,,2026-08-28T04:03:00.587Z
2026-08-28T19:30:14.428973-04:00,2026-08-28,92524eb7-4ee5-4eab-936c-2eb8e6eb0ecd,The Cadaver Dans Barbershop Quartet at Mickey's Not-So-Scary Halloween Party,SHOW,OPERATING,2026-08-28T19:00:00-04:00,2026-08-28T19:00:00-04:00,2026-08-28T04:03:00.220Z
2026-08-28T19:30:14.428973-04:00,2026-08-28,92524eb7-4ee5-4eab-936c-2eb8e6eb0ecd,The Cadaver Dans Barbershop Quartet at Mickey's Not-So-Scary Halloween Party,SHOW,OPERATING,2026-08-28T19:50:00-04:00,2026-08-28T19:50:00-04:00,2026-08-28T04:03:00.220Z
2026-08-28T19:30:14.428973-04:00,2026-08-28,92524eb7-4ee5-4eab-936c-2eb8e6eb0ecd,The Cadaver Dans Barbershop Quartet at Mickey's Not-So-Scary Halloween Party,SHOW,OPERATING,2026-08-28T20:45:00-04:00,2026-08-28T20:45:00-04:00,2026-08-28T04:03:00.220Z
2026-08-28T19:30:14.428973-04:00,2026-08-28,92524eb7-4ee5-4eab-936c-2eb8e6eb0ecd,The Cadaver Dans Barbershop Quartet at Mickey's Not-So-Scary Halloween Party,SHOW,OPERATING,2026-08-28T21:30:00-04:00,2026-08-28T21:30:00-04:00,2026-08-28T04:03:00.220Z
2026-08-28T19:30:14.428973-04:00,2026-08-28,92524eb7-4ee5-4eab-936c-2eb8e6eb0ecd,The Cadaver Dans Barbershop Quartet at Mickey's Not-So-Scary Halloween Party,SHOW,OPERATING,2026-08-28T22:50:00-04:00,2026-08-28T22:50:00-04:00,2026-08-28T04:03:00.220Z
2026-08-28T19:30:14.428973-04:00,2026-08-28,92524eb7-4ee5-4eab-936c-2eb8e6eb0ecd,The Cadaver Dans Barbershop Quartet at Mickey's Not-So-Scary Halloween Party,SHOW,OPERATING,2026-08-28T23:45:00-04:00,2026-08-28T23:45:00-04:00,2026-08-28T04:03:00.220Z
2026-08-28T19:30:14.428973-04:00,2026-08-28,9221e600-6715-4b4f-b39a-00c318c00e03,Destination DescenDANCE Party at Mickey’s Not-So-Scary Halloween Party,SHOW,OPERATING,2026-08-28T19:00:00-04:00,2026-08-29T00:00:00-04:00,2026-08-28T04:03:00.455Z
2026-08-28T19:30:14.428973-04:00,2026-08-28,22b78ed9-a692-47cb-b6a4-6d1224ff67e3,Happily Ever After,SHOW,CLOSED,,,2026-08-28T04:03:00.363Z
2026-08-28T19:30:14.428973-04:00,2026-08-28,5c00cd7c-b207-4d9d-9c8c-a8d418fc5425,Mickey’s Boo-To-You Halloween Parade at Mickey's Not-So-Scary Halloween Party,SHOW,OPERATING,2026-08-28T20:15:00-04:00,2026-08-28T20:15:00-04:00,2026-08-28T04:03:00.800Z
2026-08-28T19:30:14.428973-04:00,2026-08-28,5c00cd7c-b207-4d9d-9c8c-a8d418fc5425,Mickey’s Boo-To-You Halloween Parade at Mickey's Not-So-Scary Halloween Party,SHOW,OPERATING,2026-08-28T23:15:00-04:00,2026-08-28T23:15:00-04:00,2026-08-28T04:03:00.800Z
2026-08-28T19:30:14.428973-04:00,2026-08-28,05ca3e51-580b-44ca-8046-7d3e57a6d248,Disney’s Not-So-Spooky Spectacular at Mickey's Not-So-Scary Halloween Party,SHOW,OPERATING,2026-08-28T22:00:00-04:00,2026-08-28T22:00:00-04:00,2026-08-28T04:03:00.699Z
2026-08-28T19:30:14.428973-04:00,2026-08-28,b5d6d1d1-e960-4c8f-a8a4-b9748b386b64,Meet Dashing Disney Pals as Circus Stars at Pete's Silly Sideshow,SHOW,CLOSED,2026-08-28T10:00:00-04:00,2026-08-28T17:00:00-04:00,2026-08-28T21:00:32.266Z
2026-08-28T19:30:14.428973-04:00,2026-08-28,5564113f-25b4-4646-ac35-aacf983e2fd6,Meet Mickey Mouse and Minnie Mouse at Mickey's Not-So-Scary Halloween Party,SHOW,OPERATING,2026-08-28T19:00:00-04:00,2026-08-28T23:30:00-04:00,2026-08-28T23:04:30.143Z
2026-08-28T19:30:14.428973-04:00,2026-08-28,947edbee-85a5-4aa0-99f3-14c7de539542,Meet Jack Skellington and Sally at Mickey's Not-So-Scary Halloween Party,SHOW,OPERATING,2026-08-28T19:00:00-04:00,2026-08-28T23:30:00-04:00,2026-08-28T23:04:30.135Z
2026-08-28T19:30:14.428973-04:00,2026-08-28,1c708beb-41e1-43ae-8dd8-1e85075aeb38,Flag Retreat,SHOW,OPERATING,2026-08-28T17:00:00-04:00,2026-08-28T17:00:00-04:00,2026-08-28T04:03:00.716Z
2026-08-28T19:30:14.428973-04:00,2026-08-28,f819079e-644e-4fce-bda3-26b899ac7027,Disney Adventure Friends Cavalcade,SHOW,OPERATING,2026-08-28T11:05:00-04:00,2026-08-28T11:05:00-04:00,2026-08-28T04:03:00.504Z
2026-08-28T19:30:14.428973-04:00,2026-08-28,6d74b3d9-f977-4c9b-8114-93969b51b105,Hocus Pocus Villain Spelltacular,SHOW,OPERATING,2026-08-28T21:05:00-04:00,2026-08-28T21:05:00-04:00,2026-08-28T04:03:00.288Z
2026-08-28T19:30:14.428973-04:00,2026-08-28,6d74b3d9-f977-4c9b-8114-93969b51b105,Hocus Pocus Villain Spelltacular,SHOW,OPERATING,2026-08-28T22:35:00-04:00,2026-08-28T22:35:00-04:00,2026-08-28T04:03:00.288Z
2026-08-28T19:30:14.428973-04:00,2026-08-28,6d74b3d9-f977-4c9b-8114-93969b51b105,Hocus Pocus Villain Spelltacular,SHOW,OPERATING,2026-08-28T23:59:00-04:00,2026-08-28T23:59:00-04:00,2026-08-28T04:03:00.288Z
2026-08-28T19:30:14.428973-04:00,2026-08-28,e0cd6a94-6dbe-4f52-aaa8-b3d2fdf5f2f6,Jessie’s Roundup: A Rip-Roarin’ Revue!,SHOW,OPERATING,2026-08-28T09:30:00-04:00,2026-08-28T17:30:00-04:00,2026-08-28T04:03:00.655Z
2026-08-28T19:30:14.428973-04:00,2026-08-28,1eee22e8-1d0a-4809-a42b-df3ae55c69d5,The Dapper Dans,SHOW,OPERATING,2026-08-28T09:00:00-04:00,2026-08-28T09:00:00-04:00,2026-08-28T04:03:00.791Z
2026-08-28T19:30:14.428973-04:00,2026-08-28,1eee22e8-1d0a-4809-a42b-df3ae55c69d5,The Dapper Dans,SHOW,OPERATING,2026-08-28T09:50:00-04:00,2026-08-28T09:50:00-04:00,2026-08-28T04:03:00.791Z
2026-08-28T19:30:14.428973-04:00,2026-08-28,1eee22e8-1d0a-4809-a42b-df3ae55c69d5,The Dapper Dans,SHOW,OPERATING,2026-08-28T10:40:00-04:00,2026-08-28T10:40:00-04:00,2026-08-28T04:03:00.791Z
2026-08-28T19:30:14.428973-04:00,2026-08-28,1eee22e8-1d0a-4809-a42b-df3ae55c69d5,The Dapper Dans,SHOW,OPERATING,2026-08-28T12:05:00-04:00,2026-08-28T12:05:00-04:00,2026-08-28T04:03:00.791Z
2026-08-28T19:30:14.428973-04:00,2026-08-28,1eee22e8-1d0a-4809-a42b-df3ae55c69d5,The Dapper Dans,SHOW,OPERATING,2026-08-28T13:10:00-04:00,2026-08-28T13:10:00-04:00,2026-08-28T04:03:00.791Z
2026-08-28T19:30:14.428973-04:00,2026-08-28,1eee22e8-1d0a-4809-a42b-df3ae55c69d5,The Dapper Dans,SHOW,OPERATING,2026-08-28T14:55:00-04:00,2026-08-28T14:55:00-04:00,2026-08-28T04:03:00.791Z
2026-08-28T19:30:14.428973-04:00,2026-08-28,1eee22e8-1d0a-4809-a42b-df3ae55c69d5,The Dapper Dans,SHOW,OPERATING,2026-08-28T15:55:00-04:00,2026-08-28T15:55:00-04:00,2026-08-28T04:03:00.791Z
2026-08-28T19:30:14.428973-04:00,2026-08-28,012a211b-4c91-451c-8a0e-5e3ab398eda8,Meet Ariel at Her Grotto,SHOW,CLOSED,2026-08-28T09:30:00-04:00,2026-08-28T17:30:00-04:00,2026-08-28T21:30:29.828Z
2026-08-28T19:30:14.428973-04:00,2026-08-28,40737d3d-0ff6-4a9e-a050-beb87bf90120,Meet Cinderella and a Visiting Princess at Princess Fairytale Hall,SHOW,CLOSED,2026-08-28T09:00:00-04:00,2026-08-28T17:00:00-04:00,2026-08-28T21:00:32.291Z
2026-08-28T19:30:14.428973-04:00,2026-08-28,a0613b70-293f-4a5b-8169-357be1777c62,Casey's Corner Pianist,SHOW,OPERATING,2026-08-28T10:50:00-04:00,2026-08-28T10:50:00-04:00,2026-08-28T04:03:00.783Z
2026-08-28T19:30:14.428973-04:00,2026-08-28,a0613b70-293f-4a5b-8169-357be1777c62,Casey's Corner Pianist,SHOW,OPERATING,2026-08-28T12:00:00-04:00,2026-08-28T12:00:00-04:00,2026-08-28T04:03:00.783Z
2026-08-28T19:30:14.428973-04:00,2026-08-28,a0613b70-293f-4a5b-8169-357be1777c62,Casey's Corner Pianist,SHOW,OPERATING,2026-08-28T13:15:00-04:00,2026-08-28T13:15:00-04:00,2026-08-28T04:03:00.783Z
2026-08-28T19:30:14.428973-04:00,2026-08-28,a0613b70-293f-4a5b-8169-357be1777c62,Casey's Corner Pianist,SHOW,OPERATING,2026-08-28T14:35:00-04:00,2026-08-28T14:35:00-04:00,2026-08-28T04:03:00.783Z
2026-08-28T19:30:14.428973-04:00,2026-08-28,a0613b70-293f-4a5b-8169-357be1777c62,Casey's Corner Pianist,SHOW,OPERATING,2026-08-28T15:15:00-04:00,2026-08-28T15:15:00-04:00,2026-08-28T04:03:00.783Z
2026-08-28T19:30:14.428973-04:00,2026-08-28,a0613b70-293f-4a5b-8169-357be1777c62,Casey's Corner Pianist,SHOW,OPERATING,2026-08-28T16:35:00-04:00,2026-08-28T16:35:00-04:00,2026-08-28T04:03:00.783Z
2026-08-28T19:30:14.428973-04:00,2026-08-28,a0613b70-293f-4a5b-8169-357be1777c62,Casey's Corner Pianist,SHOW,OPERATING,2026-08-28T17:30:00-04:00,2026-08-28T17:30:00-04:00,2026-08-28T04:03:00.783Z
2026-08-28T19:30:14.428973-04:00,2026-08-28,a2d92647-634d-4eb4-886b-9da858e871f1,Meet Mickey at Town Square Theater,SHOW,CLOSED,2026-08-28T08:00:00-04:00,2026-08-28T17:30:00-04:00,2026-08-28T21:30:29.821Z
2026-08-28T19:30:14.428973-04:00,2026-08-28,cf4b2ba4-3626-4de7-9d07-abe8a65b1665,Meet Princess Tiana and a Visiting Princess at Princess Fairytale Hall,SHOW,CLOSED,2026-08-28T09:00:00-04:00,2026-08-28T17:00:00-04:00,2026-08-28T21:00:32.282Z
2026-08-28T22:30:16.510456-04:00,2026-08-28,166f2985-7b27-4eff-a8b3-29c3448ba198,Meet Daring Disney Pals as Circus Stars at Pete's Silly Sideshow,SHOW,CLOSED,2026-08-28T10:00:00-04:00,2026-08-28T17:00:00-04:00,2026-08-28T21:00:32.299Z
2026-08-28T22:30:16.510456-04:00,2026-08-28,c1f39c15-7845-46b5-b6fd-2ae368a32a37,Captain Jack’s Buccaneer Bash at Mickey’s Not-So-Scary Halloween Party,SHOW,OPERATING,2026-08-28T19:00:00-04:00,2026-08-29T00:00:00-04:00,2026-08-28T04:03:00.671Z
2026-08-28T22:30:16.510456-04:00,2026-08-28,97c837c3-4a0f-4d52-b93c-074cf31d6f41,Stitch’s Masquerade Mashup at Mickey’s Not-So-Scary Halloween Party,SHOW,OPERATING,2026-08-28T19:00:00-04:00,2026-08-29T00:00:00-04:00,2026-08-28T04:03:00.682Z
2026-08-28T22:30:16.510456-04:00,2026-08-28,51392ca4-f824-42d8-8808-8110ec8e0e22,"Main Street Philharmonic at Main Street, U.S.A.",SHOW,OPERATING,2026-08-28T12:25:00-04:00,2026-08-28T12:25:00-04:00,2026-08-28T04:03:00.774Z
2026-08-28T22:30:16.510456-04:00,2026-08-28,51392ca4-f824-42d8-8808-8110ec8e0e22,"Main Street Philharmonic at Main Street, U.S.A.",SHOW,OPERATING,2026-08-28T13:35:00-04:00,2026-08-28T13:35:00-04:00,2026-08-28T04:03:00.774Z
2026-08-28T22:30:16.510456-04:00,2026-08-28,51392ca4-f824-42d8-8808-8110ec8e0e22,"Main Street Philharmonic at Main Street, U.S.A.",SHOW,OPERATING,2026-08-28T14:35:00-04:00,2026-08-28T14:35:00-04:00,2026-08-28T04:03:00.774Z
2026-08-28T22:30:16.510456-04:00,2026-08-28,51392ca4-f824-42d8-8808-8110ec8e0e22,"Main Street Philharmonic at Main Street, U.S.A.",SHOW,OPERATING,2026-08-28T15:35:00-04:00,2026-08-28T15:35:00-04:00,2026-08-28T04:03:00.774Z
2026-08-28T22:30:16.510456-04:00,2026-08-28,86c198b0-7c02-4354-814a-27ad70067d45,Disney Enchantment at Disney After Hours at Magic Kingdom,SHOW,CLOSED,,,2026-07-28T04:04:15.245Z
2026-08-28T22:30:16.510456-04:00,2026-08-28,ee56b2f3-fd49-4a29-ae1a-2d321549a633,Disney Festival of Fantasy Parade,SHOW,OPERATING,2026-08-28T14:00:00-04:00,2026-08-28T14:00:00-04:00,2026-08-28T04:03:00.235Z
2026-08-28T22:30:16.510456-04:00,2026-08-28,4c31b3ad-5dc9-437f-ac1a-0fdff36a2818,Mickey's Magical Friendship Faire,SHOW,OPERATING,2026-08-28T10:00:00-04:00,2026-08-28T10:00:00-04:00,2026-08-28T04:03:00.305Z
2026-08-28T22:30:16.510456-04:00,2026-08-28,4c31b3ad-5dc9-437f-ac1a-0fdff36a2818,Mickey's Magical Friendship Faire,SHOW,OPERATING,2026-08-28T11:35:00-04:00,2026-08-28T11:35:00-04:00,2026-08-28T04:03:00.305Z
2026-08-28T22:30:16.510456-04:00,2026-08-28,4c31b3ad-5dc9-437f-ac1a-0fdff36a2818,Mickey's Magical Friendship Faire,SHOW,OPERATING,2026-08-28T12:45:00-04:00,2026-08-28T12:45:00-04:00,2026-08-28T04:03:00.305Z
2026-08-28T22:30:16.510456-04:00,2026-08-28,4c31b3ad-5dc9-437f-ac1a-0fdff36a2818,Mickey's Magical Friendship Faire,SHOW,OPERATING,2026-08-28T14:55:00-04:00,2026-08-28T14:55:00-04:00,2026-08-28T04:03:00.305Z
2026-08-28T22:30:16.510456-04:00,2026-08-28,4c31b3ad-5dc9-437f-ac1a-0fdff36a2818,Mickey's Magical Friendship Faire,SHOW,OPERATING,2026-08-28T16:00:00-04:00,2026-08-28T16:00:00-04:00,2026-08-28T04:03:00.305Z
2026-08-28T22:30:16.510456-04:00,2026-08-28,d69261dc-62b8-434c-83bd-93649b43c408,Disney Starlight: Dream the Night Away,SHOW,CLOSED,,,2026-08-28T04:03:00.587Z
2026-08-28T22:30:16.510456-04:00,2026-08-28,92524eb7-4ee5-4eab-936c-2eb8e6eb0ecd,The Cadaver Dans Barbershop Quartet at Mickey's Not-So-Scary Halloween Party,SHOW,OPERATING,2026-08-28T19:00:00-04:00,2026-08-28T19:00:00-04:00,2026-08-28T04:03:00.220Z
2026-08-28T22:30:16.510456-04:00,2026-08-28,92524eb7-4ee5-4eab-936c-2eb8e6eb0ecd,The Cadaver Dans Barbershop Quartet at Mickey's Not-So-Scary Halloween Party,SHOW,OPERATING,2026-08-28T19:50:00-04:00,2026-08-28T19:50:00-04:00,2026-08-28T04:03:00.220Z
2026-08-28T22:30:16.510456-04:00,2026-08-28,92524eb7-4ee5-4eab-936c-2eb8e6eb0ecd,The Cadaver Dans Barbershop Quartet at Mickey's Not-So-Scary Halloween Party,SHOW,OPERATING,2026-08-28T20:45:00-04:00,2026-08-28T20:45:00-04:00,2026-08-28T04:03:00.220Z
2026-08-28T22:30:16.510456-04:00,2026-08-28,92524eb7-4ee5-4eab-936c-2eb8e6eb0ecd,The Cadaver Dans Barbershop Quartet at Mickey's Not-So-Scary Halloween Party,SHOW,OPERATING,2026-08-28T21:30:00-04:00,2026-08-28T21:30:00-04:00,2026-08-28T04:03:00.220Z
2026-08-28T22:30:16.510456-04:00,2026-08-28,92524eb7-4ee5-4eab-936c-2eb8e6eb0ecd,The Cadaver Dans Barbershop Quartet at Mickey's Not-So-Scary Halloween Party,SHOW,OPERATING,2026-08-28T22:50:00-04:00,2026-08-28T22:50:00-04:00,2026-08-28T04:03:00.220Z
2026-08-28T22:30:16.510456-04:00,2026-08-28,92524eb7-4ee5-4eab-936c-2eb8e6eb0ecd,The Cadaver Dans Barbershop Quartet at Mickey's Not-So-Scary Halloween Party,SHOW,OPERATING,2026-08-28T23:45:00-04:00,2026-08-28T23:45:00-04:00,2026-08-28T04:03:00.220Z
2026-08-28T22:30:16.510456-04:00,2026-08-28,9221e600-6715-4b4f-b39a-00c318c00e03,Destination DescenDANCE Party at Mickey’s Not-So-Scary Halloween Party,SHOW,OPERATING,2026-08-28T19:00:00-04:00,2026-08-29T00:00:00-04:00,2026-08-28T04:03:00.455Z
2026-08-28T22:30:16.510456-04:00,2026-08-28,22b78ed9-a692-47cb-b6a4-6d1224ff67e3,Happily Ever After,SHOW,CLOSED,,,2026-08-28T04:03:00.363Z
2026-08-28T22:30:16.510456-04:00,2026-08-28,5c00cd7c-b207-4d9d-9c8c-a8d418fc5425,Mickey’s Boo-To-You Halloween Parade at Mickey's Not-So-Scary Halloween Party,SHOW,OPERATING,2026-08-28T20:15:00-04:00,2026-08-28T20:15:00-04:00,2026-08-28T04:03:00.800Z
2026-08-28T22:30:16.510456-04:00,2026-08-28,5c00cd7c-b207-4d9d-9c8c-a8d418fc5425,Mickey’s Boo-To-You Halloween Parade at Mickey's Not-So-Scary Halloween Party,SHOW,OPERATING,2026-08-28T23:15:00-04:00,2026-08-28T23:15:00-04:00,2026-08-28T04:03:00.800Z
2026-08-28T22:30:16.510456-04:00,2026-08-28,05ca3e51-580b-44ca-8046-7d3e57a6d248,Disney’s Not-So-Spooky Spectacular at Mickey's Not-So-Scary Halloween Party,SHOW,OPERATING,2026-08-28T22:00:00-04:00,2026-08-28T22:00:00-04:00,2026-08-28T04:03:00.699Z
2026-08-28T22:30:16.510456-04:00,2026-08-28,b5d6d1d1-e960-4c8f-a8a4-b9748b386b64,Meet Dashing Disney Pals as Circus Stars at Pete's Silly Sideshow,SHOW,CLOSED,2026-08-28T10:00:00-04:00,2026-08-28T17:00:00-04:00,2026-08-28T21:00:32.266Z
2026-08-28T22:30:16.510456-04:00,2026-08-28,a74421f2-5de4-4425-bd06-8b4639b29826,Meet Festive Disney Pals at Mickey’s Not-So-Scary Halloween Party,SHOW,OPERATING,2026-08-28T19:00:00-04:00,2026-08-28T23:30:00-04:00,2026-08-29T02:17:29.471Z
2026-08-28T22:30:16.510456-04:00,2026-08-28,5564113f-25b4-4646-ac35-aacf983e2fd6,Meet Mickey Mouse and Minnie Mouse at Mickey's Not-So-Scary Halloween Party,SHOW,OPERATING,2026-08-28T19:00:00-04:00,2026-08-28T23:30:00-04:00,2026-08-29T02:17:29.464Z
2026-08-28T22:30:16.510456-04:00,2026-08-28,947edbee-85a5-4aa0-99f3-14c7de539542,Meet Jack Skellington and Sally at Mickey's Not-So-Scary Halloween Party,SHOW,OPERATING,2026-08-28T19:00:00-04:00,2026-08-28T23:30:00-04:00,2026-08-29T02:18:28.912Z
2026-08-28T22:30:16.510456-04:00,2026-08-28,1c708beb-41e1-43ae-8dd8-1e85075aeb38,Flag Retreat,SHOW,OPERATING,2026-08-28T17:00:00-04:00,2026-08-28T17:00:00-04:00,2026-08-28T04:03:00.716Z
2026-08-28T22:30:16.510456-04:00,2026-08-28,f819079e-644e-4fce-bda3-26b899ac7027,Disney Adventure Friends Cavalcade,SHOW,OPERATING,2026-08-28T11:05:00-04:00,2026-08-28T11:05:00-04:00,2026-08-28T04:03:00.504Z
2026-08-28T22:30:16.510456-04:00,2026-08-28,6d74b3d9-f977-4c9b-8114-93969b51b105,Hocus Pocus Villain Spelltacular,SHOW,OPERATING,2026-08-28T21:05:00-04:00,2026-08-28T21:05:00-04:00,2026-08-28T04:03:00.288Z
2026-08-28T22:30:16.510456-04:00,2026-08-28,6d74b3d9-f977-4c9b-8114-93969b51b105,Hocus Pocus Villain Spelltacular,SHOW,OPERATING,2026-08-28T22:35:00-04:00,2026-08-28T22:35:00-04:00,2026-08-28T04:03:00.288Z
2026-08-28T22:30:16.510456-04:00,2026-08-28,6d74b3d9-f977-4c9b-8114-93969b51b105,Hocus Pocus Villain Spelltacular,SHOW,OPERATING,2026-08-28T23:59:00-04:00,2026-08-28T23:59:00-04:00,2026-08-28T04:03:00.288Z
2026-08-28T22:30:16.510456-04:00,2026-08-28,e0cd6a94-6dbe-4f52-aaa8-b3d2fdf5f2f6,Jessie’s Roundup: A Rip-Roarin’ Revue!,SHOW,OPERATING,2026-08-28T09:30:00-04:00,2026-08-28T17:30:00-04:00,2026-08-28T04:03:00.655Z
2026-08-28T22:30:16.510456-04:00,2026-08-28,1eee22e8-1d0a-4809-a42b-df3ae55c69d5,The Dapper Dans,SHOW,OPERATING,2026-08-28T09:00:00-04:00,2026-08-28T09:00:00-04:00,2026-08-28T04:03:00.791Z
2026-08-28T22:30:16.510456-04:00,2026-08-28,1eee22e8-1d0a-4809-a42b-df3ae55c69d5,The Dapper Dans,SHOW,OPERATING,2026-08-28T09:50:00-04:00,2026-08-28T09:50:00-04:00,2026-08-28T04:03:00.791Z
2026-08-28T22:30:16.510456-04:00,2026-08-28,1eee22e8-1d0a-4809-a42b-df3ae55c69d5,The Dapper Dans,SHOW,OPERATING,2026-08-28T10:40:00-04:00,2026-08-28T10:40:00-04:00,2026-08-28T04:03:00.791Z
2026-08-28T22:30:16.510456-04:00,2026-08-28,1eee22e8-1d0a-4809-a42b-df3ae55c69d5,The Dapper Dans,SHOW,OPERATING,2026-08-28T12:05:00-04:00,2026-08-28T12:05:00-04:00,2026-08-28T04:03:00.791Z
2026-08-28T22:30:16.510456-04:00,2026-08-28,1eee22e8-1d0a-4809-a42b-df3ae55c69d5,The Dapper Dans,SHOW,OPERATING,2026-08-28T13:10:00-04:00,2026-08-28T13:10:00-04:00,2026-08-28T04:03:00.791Z
2026-08-28T22:30:16.510456-04:00,2026-08-28,1eee22e8-1d0a-4809-a42b-df3ae55c69d5,The Dapper Dans,SHOW,OPERATING,2026-08-28T14:55:00-04:00,2026-08-28T14:55:00-04:00,2026-08-28T04:03:00.791Z
2026-08-28T22:30:16.510456-04:00,2026-08-28,1eee22e8-1d0a-4809-a42b-df3ae55c69d5,The Dapper Dans,SHOW,OPERATING,2026-08-28T15:55:00-04:00,2026-08-28T15:55:00-04:00,2026-08-28T04:03:00.791Z
2026-08-28T22:30:16.510456-04:00,2026-08-28,012a211b-4c91-451c-8a0e-5e3ab398eda8,Meet Ariel at Her Grotto,SHOW,CLOSED,2026-08-28T09:30:00-04:00,2026-08-28T17:30:00-04:00,2026-08-28T21:30:29.828Z
2026-08-28T22:30:16.510456-04:00,2026-08-28,40737d3d-0ff6-4a9e-a050-beb87bf90120,Meet Cinderella and a Visiting Princess at Princess Fairytale Hall,SHOW,CLOSED,2026-08-28T09:00:00-04:00,2026-08-28T17:00:00-04:00,2026-08-28T21:00:32.291Z
2026-08-28T22:30:16.510456-04:00,2026-08-28,a0613b70-293f-4a5b-8169-357be1777c62,Casey's Corner Pianist,SHOW,OPERATING,2026-08-28T10:50:00-04:00,2026-08-28T10:50:00-04:00,2026-08-28T04:03:00.783Z
2026-08-28T22:30:16.510456-04:00,2026-08-28,a0613b70-293f-4a5b-8169-357be1777c62,Casey's Corner Pianist,SHOW,OPERATING,2026-08-28T12:00:00-04:00,2026-08-28T12:00:00-04:00,2026-08-28T04:03:00.783Z
2026-08-28T22:30:16.510456-04:00,2026-08-28,a0613b70-293f-4a5b-8169-357be1777c62,Casey's Corner Pianist,SHOW,OPERATING,2026-08-28T13:15:00-04:00,2026-08-28T13:15:00-04:00,2026-08-28T04:03:00.783Z
2026-08-28T22:30:16.510456-04:00,2026-08-28,a0613b70-293f-4a5b-8169-357be1777c62,Casey's Corner Pianist,SHOW,OPERATING,2026-08-28T14:35:00-04:00,2026-08-28T14:35:00-04:00,2026-08-28T04:03:00.783Z
2026-08-28T22:30:16.510456-04:00,2026-08-28,a0613b70-293f-4a5b-8169-357be1777c62,Casey's Corner Pianist,SHOW,OPERATING,2026-08-28T15:15:00-04:00,2026-08-28T15:15:00-04:00,2026-08-28T04:03:00.783Z
2026-08-28T22:30:16.510456-04:00,2026-08-28,a0613b70-293f-4a5b-8169-357be1777c62,Casey's Corner Pianist,SHOW,OPERATING,2026-08-28T16:35:00-04:00,2026-08-28T16:35:00-04:00,2026-08-28T04:03:00.783Z
2026-08-28T22:30:16.510456-04:00,2026-08-28,a0613b70-293f-4a5b-8169-357be1777c62,Casey's Corner Pianist,SHOW,OPERATING,2026-08-28T17:30:00-04:00,2026-08-28T17:30:00-04:00,2026-08-28T04:03:00.783Z
2026-08-28T22:30:16.510456-04:00,2026-08-28,a2d92647-634d-4eb4-886b-9da858e871f1,Meet Mickey at Town Square Theater,SHOW,CLOSED,2026-08-28T08:00:00-04:00,2026-08-28T17:30:00-04:00,2026-08-28T21:30:29.821Z
2026-08-28T22:30:16.510456-04:00,2026-08-28,cf4b2ba4-3626-4de7-9d07-abe8a65b1665,Meet Princess Tiana and a Visiting Princess at Princess Fairytale Hall,SHOW,CLOSED,2026-08-28T09:00:00-04:00,2026-08-28T17:00:00-04:00,2026-08-28T21:00:32.282Z
2026-08-30T16:30:18.548660-04:00,2026-08-30,c1f39c15-7845-46b5-b6fd-2ae368a32a37,Captain Jack’s Buccaneer Bash at Mickey’s Not-So-Scary Halloween Party,SHOW,OPERATING,2026-08-30T19:00:00-04:00,2026-08-31T00:00:00-04:00,2026-08-30T04:03:16.378Z
2026-08-30T16:30:18.548660-04:00,2026-08-30,97c837c3-4a0f-4d52-b93c-074cf31d6f41,Stitch’s Masquerade Mashup at Mickey’s Not-So-Scary Halloween Party,SHOW,OPERATING,2026-08-30T19:00:00-04:00,2026-08-31T00:00:00-04:00,2026-08-30T04:03:16.389Z
2026-08-30T16:30:18.548660-04:00,2026-08-30,51392ca4-f824-42d8-8808-8110ec8e0e22,"Main Street Philharmonic at Main Street, U.S.A.",SHOW,CLOSED,,,2026-08-30T04:03:16.461Z
2026-08-30T16:30:18.548660-04:00,2026-08-30,86c198b0-7c02-4354-814a-27ad70067d45,Disney Enchantment at Disney After Hours at Magic Kingdom,SHOW,CLOSED,,,2026-07-28T04:04:15.245Z
2026-08-30T16:30:18.548660-04:00,2026-08-30,92524eb7-4ee5-4eab-936c-2eb8e6eb0ecd,The Cadaver Dans Barbershop Quartet at Mickey's Not-So-Scary Halloween Party,SHOW,OPERATING,2026-08-30T19:00:00-04:00,2026-08-30T19:00:00-04:00,2026-08-30T04:03:16.063Z
2026-08-30T16:30:18.548660-04:00,2026-08-30,92524eb7-4ee5-4eab-936c-2eb8e6eb0ecd,The Cadaver Dans Barbershop Quartet at Mickey's Not-So-Scary Halloween Party,SHOW,OPERATING,2026-08-30T19:50:00-04:00,2026-08-30T19:50:00-04:00,2026-08-30T04:03:16.063Z
2026-08-30T16:30:18.548660-04:00,2026-08-30,92524eb7-4ee5-4eab-936c-2eb8e6eb0ecd,The Cadaver Dans Barbershop Quartet at Mickey's Not-So-Scary Halloween Party,SHOW,OPERATING,2026-08-30T20:45:00-04:00,2026-08-30T20:45:00-04:00,2026-08-30T04:03:16.063Z
2026-08-30T16:30:18.548660-04:00,2026-08-30,92524eb7-4ee5-4eab-936c-2eb8e6eb0ecd,The Cadaver Dans Barbershop Quartet at Mickey's Not-So-Scary Halloween Party,SHOW,OPERATING,2026-08-30T21:30:00-04:00,2026-08-30T21:30:00-04:00,2026-08-30T04:03:16.063Z
2026-08-30T16:30:18.548660-04:00,2026-08-30,92524eb7-4ee5-4eab-936c-2eb8e6eb0ecd,The Cadaver Dans Barbershop Quartet at Mickey's Not-So-Scary Halloween Party,SHOW,OPERATING,2026-08-30T22:50:00-04:00,2026-08-30T22:50:00-04:00,2026-08-30T04:03:16.063Z
2026-08-30T16:30:18.548660-04:00,2026-08-30,92524eb7-4ee5-4eab-936c-2eb8e6eb0ecd,The Cadaver Dans Barbershop Quartet at Mickey's Not-So-Scary Halloween Party,SHOW,OPERATING,2026-08-30T23:45:00-04:00,2026-08-30T23:45:00-04:00,2026-08-30T04:03:16.063Z
2026-08-30T16:30:18.548660-04:00,2026-08-30,ee56b2f3-fd49-4a29-ae1a-2d321549a633,Disney Festival of Fantasy Parade,SHOW,OPERATING,2026-08-30T14:00:00-04:00,2026-08-30T14:00:00-04:00,2026-08-30T04:03:16.070Z
2026-08-30T16:30:18.548660-04:00,2026-08-30,4c31b3ad-5dc9-437f-ac1a-0fdff36a2818,Mickey's Magical Friendship Faire,SHOW,OPERATING,2026-08-30T10:00:00-04:00,2026-08-30T10:00:00-04:00,2026-08-30T04:03:16.099Z
2026-08-30T16:30:18.548660-04:00,2026-08-30,4c31b3ad-5dc9-437f-ac1a-0fdff36a2818,Mickey's Magical Friendship Faire,SHOW,OPERATING,2026-08-30T11:35:00-04:00,2026-08-30T11:35:00-04:00,2026-08-30T04:03:16.099Z
2026-08-30T16:30:18.548660-04:00,2026-08-30,4c31b3ad-5dc9-437f-ac1a-0fdff36a2818,Mickey's Magical Friendship Faire,SHOW,OPERATING,2026-08-30T12:45:00-04:00,2026-08-30T12:45:00-04:00,2026-08-30T04:03:16.099Z
2026-08-30T16:30:18.548660-04:00,2026-08-30,4c31b3ad-5dc9-437f-ac1a-0fdff36a2818,Mickey's Magical Friendship Faire,SHOW,OPERATING,2026-08-30T14:55:00-04:00,2026-08-30T14:55:00-04:00,2026-08-30T04:03:16.099Z
2026-08-30T16:30:18.548660-04:00,2026-08-30,4c31b3ad-5dc9-437f-ac1a-0fdff36a2818,Mickey's Magical Friendship Faire,SHOW,OPERATING,2026-08-30T16:00:00-04:00,2026-08-30T16:00:00-04:00,2026-08-30T04:03:16.099Z
2026-08-30T16:30:18.548660-04:00,2026-08-30,d69261dc-62b8-434c-83bd-93649b43c408,Disney Starlight: Dream the Night Away,SHOW,CLOSED,,,2026-08-30T04:03:16.301Z
2026-08-30T16:30:18.548660-04:00,2026-08-30,9221e600-6715-4b4f-b39a-00c318c00e03,Destination DescenDANCE Party at Mickey’s Not-So-Scary Halloween Party,SHOW,OPERATING,2026-08-30T19:00:00-04:00,2026-08-31T00:00:00-04:00,2026-08-30T04:03:16.188Z
2026-08-30T16:30:18.548660-04:00,2026-08-30,22b78ed9-a692-47cb-b6a4-6d1224ff67e3,Happily Ever After,SHOW,CLOSED,,,2026-08-30T04:03:16.125Z
2026-08-30T16:30:18.548660-04:00,2026-08-30,5c00cd7c-b207-4d9d-9c8c-a8d418fc5425,Mickey’s Boo-To-You Halloween Parade at Mickey's Not-So-Scary Halloween Party,SHOW,OPERATING,2026-08-30T20:15:00-04:00,2026-08-30T20:15:00-04:00,2026-08-30T04:03:16.484Z
2026-08-30T16:30:18.548660-04:00,2026-08-30,5c00cd7c-b207-4d9d-9c8c-a8d418fc5425,Mickey’s Boo-To-You Halloween Parade at Mickey's Not-So-Scary Halloween Party,SHOW,OPERATING,2026-08-30T23:15:00-04:00,2026-08-30T23:15:00-04:00,2026-08-30T04:03:16.484Z
2026-08-30T16:30:18.548660-04:00,2026-08-30,05ca3e51-580b-44ca-8046-7d3e57a6d248,Disney’s Not-So-Spooky Spectacular at Mickey's Not-So-Scary Halloween Party,SHOW,OPERATING,2026-08-30T22:00:00-04:00,2026-08-30T22:00:00-04:00,2026-08-30T04:03:16.405Z
2026-08-30T16:30:18.548660-04:00,2026-08-30,b5d6d1d1-e960-4c8f-a8a4-b9748b386b64,Meet Dashing Disney Pals as Circus Stars at Pete's Silly Sideshow,SHOW,OPERATING,2026-08-30T10:00:00-04:00,2026-08-30T17:00:00-04:00,2026-08-30T20:02:48.687Z
2026-08-30T16:30:18.548660-04:00,2026-08-30,166f2985-7b27-4eff-a8b3-29c3448ba198,Meet Daring Disney Pals as Circus Stars at Pete's Silly Sideshow,SHOW,OPERATING,2026-08-30T10:00:00-04:00,2026-08-30T17:00:00-04:00,2026-08-30T17:40:11.278Z
2026-08-30T16:30:18.548660-04:00,2026-08-30,a74421f2-5de4-4425-bd06-8b4639b29826,Meet Festive Disney Pals at Mickey’s Not-So-Scary Halloween Party,SHOW,CLOSED,,,2026-08-29T10:11:06.165Z
2026-08-30T16:30:18.548660-04:00,2026-08-30,5564113f-25b4-4646-ac35-aacf983e2fd6,Meet Mickey Mouse and Minnie Mouse at Mickey's Not-So-Scary Halloween Party,SHOW,CLOSED,,,2026-08-29T10:11:06.136Z
2026-08-30T16:30:18.548660-04:00,2026-08-30,947edbee-85a5-4aa0-99f3-14c7de539542,Meet Jack Skellington and Sally at Mickey's Not-So-Scary Halloween Party,SHOW,CLOSED,,,2026-08-29T10:11:06.082Z
2026-08-30T16:30:18.548660-04:00,2026-08-30,1c708beb-41e1-43ae-8dd8-1e85075aeb38,Flag Retreat,SHOW,OPERATING,2026-08-30T17:00:00-04:00,2026-08-30T17:00:00-04:00,2026-08-30T04:03:16.419Z
2026-08-30T16:30:18.548660-04:00,2026-08-30,f819079e-644e-4fce-bda3-26b899ac7027,Disney Adventure Friends Cavalcade,SHOW,OPERATING,2026-08-30T11:05:00-04:00,2026-08-30T11:05:00-04:00,2026-08-30T04:03:16.223Z
2026-08-30T16:30:18.548660-04:00,2026-08-30,6d74b3d9-f977-4c9b-8114-93969b51b105,Hocus Pocus Villain Spelltacular,SHOW,OPERATING,2026-08-30T21:05:00-04:00,2026-08-30T21:05:00-04:00,2026-08-30T04:03:16.092Z
2026-08-30T16:30:18.548660-04:00,2026-08-30,6d74b3d9-f977-4c9b-8114-93969b51b105,Hocus Pocus Villain Spelltacular,SHOW,OPERATING,2026-08-30T22:35:00-04:00,2026-08-30T22:35:00-04:00,2026-08-30T04:03:16.092Z
2026-08-30T16:30:18.548660-04:00,2026-08-30,6d74b3d9-f977-4c9b-8114-93969b51b105,Hocus Pocus Villain Spelltacular,SHOW,OPERATING,2026-08-30T23:59:00-04:00,2026-08-30T23:59:00-04:00,2026-08-30T04:03:16.092Z
2026-08-30T16:30:18.548660-04:00,2026-08-30,e0cd6a94-6dbe-4f52-aaa8-b3d2fdf5f2f6,Jessie’s Roundup: A Rip-Roarin’ Revue!,SHOW,OPERATING,2026-08-30T09:30:00-04:00,2026-08-30T17:30:00-04:00,2026-08-30T04:03:16.362Z
2026-08-30T16:30:18.548660-04:00,2026-08-30,1eee22e8-1d0a-4809-a42b-df3ae55c69d5,The Dapper Dans,SHOW,OPERATING,2026-08-30T09:00:00-04:00,2026-08-30T09:00:00-04:00,2026-08-30T04:03:16.477Z
2026-08-30T16:30:18.548660-04:00,2026-08-30,1eee22e8-1d0a-4809-a42b-df3ae55c69d5,The Dapper Dans,SHOW,OPERATING,2026-08-30T09:50:00-04:00,2026-08-30T09:50:00-04:00,2026-08-30T04:03:16.477Z
2026-08-30T16:30:18.548660-04:00,2026-08-30,1eee22e8-1d0a-4809-a42b-df3ae55c69d5,The Dapper Dans,SHOW,OPERATING,2026-08-30T10:40:00-04:00,2026-08-30T10:40:00-04:00,2026-08-30T04:03:16.477Z
2026-08-30T16:30:18.548660-04:00,2026-08-30,1eee22e8-1d0a-4809-a42b-df3ae55c69d5,The Dapper Dans,SHOW,OPERATING,2026-08-30T12:05:00-04:00,2026-08-30T12:05:00-04:00,2026-08-30T04:03:16.477Z
2026-08-30T16:30:18.548660-04:00,2026-08-30,1eee22e8-1d0a-4809-a42b-df3ae55c69d5,The Dapper Dans,SHOW,OPERATING,2026-08-30T13:10:00-04:00,2026-08-30T13:10:00-04:00,2026-08-30T04:03:16.477Z
2026-08-30T16:30:18.548660-04:00,2026-08-30,1eee22e8-1d0a-4809-a42b-df3ae55c69d5,The Dapper Dans,SHOW,OPERATING,2026-08-30T14:55:00-04:00,2026-08-30T14:55:00-04:00,2026-08-30T04:03:16.477Z
2026-08-30T16:30:18.548660-04:00,2026-08-30,1eee22e8-1d0a-4809-a42b-df3ae55c69d5,The Dapper Dans,SHOW,OPERATING,2026-08-30T15:55:00-04:00,2026-08-30T15:55:00-04:00,2026-08-30T04:03:16.477Z
2026-08-30T16:30:18.548660-04:00,2026-08-30,012a211b-4c91-451c-8a0e-5e3ab398eda8,Meet Ariel at Her Grotto,SHOW,OPERATING,2026-08-30T09:30:00-04:00,2026-08-30T17:30:00-04:00,2026-08-30T20:24:04.039Z
2026-08-30T16:30:18.548660-04:00,2026-08-30,40737d3d-0ff6-4a9e-a050-beb87bf90120,Meet Cinderella and a Visiting Princess at Princess Fairytale Hall,SHOW,OPERATING,2026-08-30T09:00:00-04:00,2026-08-30T17:00:00-04:00,2026-08-30T20:28:49.496Z
2026-08-30T16:30:18.548660-04:00,2026-08-30,a0613b70-293f-4a5b-8169-357be1777c62,Casey's Corner Pianist,SHOW,OPERATING,2026-08-30T10:50:00-04:00,2026-08-30T10:50:00-04:00,2026-08-30T04:03:16.469Z
2026-08-30T16:30:18.548660-04:00,2026-08-30,a0613b70-293f-4a5b-8169-357be1777c62,Casey's Corner Pianist,SHOW,OPERATING,2026-08-30T12:00:00-04:00,2026-08-30T12:00:00-04:00,2026-08-30T04:03:16.469Z
2026-08-30T16:30:18.548660-04:00,2026-08-30,a0613b70-293f-4a5b-8169-357be1777c62,Casey's Corner Pianist,SHOW,OPERATING,2026-08-30T13:15:00-04:00,2026-08-30T13:15:00-04:00,2026-08-30T04:03:16.469Z
2026-08-30T16:30:18.548660-04:00,2026-08-30,a0613b70-293f-4a5b-8169-357be1777c62,Casey's Corner Pianist,SHOW,OPERATING,2026-08-30T14:35:00-04:00,2026-08-30T14:35:00-04:00,2026-08-30T04:03:16.469Z
2026-08-30T16:30:18.548660-04:00,2026-08-30,a0613b70-293f-4a5b-8169-357be1777c62,Casey's Corner Pianist,SHOW,OPERATING,2026-08-30T15:15:00-04:00,2026-08-30T15:15:00-04:00,2026-08-30T04:03:16.469Z
2026-08-30T16:30:18.548660-04:00,2026-08-30,a0613b70-293f-4a5b-8169-357be1777c62,Casey's Corner Pianist,SHOW,OPERATING,2026-08-30T16:35:00-04:00,2026-08-30T16:35:00-04:00,2026-08-30T04:03:16.469Z
2026-08-30T16:30:18.548660-04:00,2026-08-30,a0613b70-293f-4a5b-8169-357be1777c62,Casey's Corner Pianist,SHOW,OPERATING,2026-08-30T17:30:00-04:00,2026-08-30T17:30:00-04:00,2026-08-30T04:03:16.469Z
2026-08-30T16:30:18.548660-04:00,2026-08-30,a2d92647-634d-4eb4-886b-9da858e871f1,Meet Mickey at Town Square Theater,SHOW,OPERATING,2026-08-30T09:00:00-04:00,2026-08-30T17:30:00-04:00,2026-08-30T20:25:57.268Z
2026-08-30T16:30:18.548660-04:00,2026-08-30,cf4b2ba4-3626-4de7-9d07-abe8a65b1665,Meet Princess Tiana and a Visiting Princess at Princess Fairytale Hall,SHOW,OPERATING,2026-08-30T09:00:00-04:00,2026-08-30T17:00:00-04:00,2026-08-30T20:28:49.490Z
2026-08-30T19:30:14.704412-04:00,2026-08-30,c1f39c15-7845-46b5-b6fd-2ae368a32a37,Captain Jack’s Buccaneer Bash at Mickey’s Not-So-Scary Halloween Party,SHOW,OPERATING,2026-08-30T19:00:00-04:00,2026-08-31T00:00:00-04:00,2026-08-30T04:03:16.378Z
2026-08-30T19:30:14.704412-04:00,2026-08-30,97c837c3-4a0f-4d52-b93c-074cf31d6f41,Stitch’s Masquerade Mashup at Mickey’s Not-So-Scary Halloween Party,SHOW,OPERATING,2026-08-30T19:00:00-04:00,2026-08-31T00:00:00-04:00,2026-08-30T04:03:16.389Z
2026-08-30T19:30:14.704412-04:00,2026-08-30,51392ca4-f824-42d8-8808-8110ec8e0e22,"Main Street Philharmonic at Main Street, U.S.A.",SHOW,CLOSED,,,2026-08-30T04:03:16.461Z
2026-08-30T19:30:14.704412-04:00,2026-08-30,86c198b0-7c02-4354-814a-27ad70067d45,Disney Enchantment at Disney After Hours at Magic Kingdom,SHOW,CLOSED,,,2026-07-28T04:04:15.245Z
2026-08-30T19:30:14.704412-04:00,2026-08-30,92524eb7-4ee5-4eab-936c-2eb8e6eb0ecd,The Cadaver Dans Barbershop Quartet at Mickey's Not-So-Scary Halloween Party,SHOW,OPERATING,2026-08-30T19:00:00-04:00,2026-08-30T19:00:00-04:00,2026-08-30T04:03:16.063Z
2026-08-30T19:30:14.704412-04:00,2026-08-30,92524eb7-4ee5-4eab-936c-2eb8e6eb0ecd,The Cadaver Dans Barbershop Quartet at Mickey's Not-So-Scary Halloween Party,SHOW,OPERATING,2026-08-30T19:50:00-04:00,2026-08-30T19:50:00-04:00,2026-08-30T04:03:16.063Z
2026-08-30T19:30:14.704412-04:00,2026-08-30,92524eb7-4ee5-4eab-936c-2eb8e6eb0ecd,The Cadaver Dans Barbershop Quartet at Mickey's Not-So-Scary Halloween Party,SHOW,OPERATING,2026-08-30T20:45:00-04:00,2026-08-30T20:45:00-04:00,2026-08-30T04:03:16.063Z
2026-08-30T19:30:14.704412-04:00,2026-08-30,92524eb7-4ee5-4eab-936c-2eb8e6eb0ecd,The Cadaver Dans Barbershop Quartet at Mickey's Not-So-Scary Halloween Party,SHOW,OPERATING,2026-08-30T21:30:00-04:00,2026-08-30T21:30:00-04:00,2026-08-30T04:03:16.063Z
2026-08-30T19:30:14.704412-04:00,2026-08-30,92524eb7-4ee5-4eab-936c-2eb8e6eb0ecd,The Cadaver Dans Barbershop Quartet at Mickey's Not-So-Scary Halloween Party,SHOW,OPERATING,2026-08-30T22:50:00-04:00,2026-08-30T22:50:00-04:00,2026-08-30T04:03:16.063Z
2026-08-30T19:30:14.704412-04:00,2026-08-30,92524eb7-4ee5-4eab-936c-2eb8e6eb0ecd,The Cadaver Dans Barbershop Quartet at Mickey's Not-So-Scary Halloween Party,SHOW,OPERATING,2026-08-30T23:45:00-04:00,2026-08-30T23:45:00-04:00,2026-08-30T04:03:16.063Z
2026-08-30T19:30:14.704412-04:00,2026-08-30,ee56b2f3-fd49-4a29-ae1a-2d321549a633,Disney Festival of Fantasy Parade,SHOW,OPERATING,2026-08-30T14:00:00-04:00,2026-08-30T14:00:00-04:00,2026-08-30T04:03:16.070Z
2026-08-30T19:30:14.704412-04:00,2026-08-30,4c31b3ad-5dc9-437f-ac1a-0fdff36a2818,Mickey's Magical Friendship Faire,SHOW,OPERATING,2026-08-30T10:00:00-04:00,2026-08-30T10:00:00-04:00,2026-08-30T04:03:16.099Z
2026-08-30T19:30:14.704412-04:00,2026-08-30,4c31b3ad-5dc9-437f-ac1a-0fdff36a2818,Mickey's Magical Friendship Faire,SHOW,OPERATING,2026-08-30T11:35:00-04:00,2026-08-30T11:35:00-04:00,2026-08-30T04:03:16.099Z
2026-08-30T19:30:14.704412-04:00,2026-08-30,4c31b3ad-5dc9-437f-ac1a-0fdff36a2818,Mickey's Magical Friendship Faire,SHOW,OPERATING,2026-08-30T12:45:00-04:00,2026-08-30T12:45:00-04:00,2026-08-30T04:03:16.099Z
2026-08-30T19:30:14.704412-04:00,2026-08-30,4c31b3ad-5dc9-437f-ac1a-0fdff36a2818,Mickey's Magical Friendship Faire,SHOW,OPERATING,2026-08-30T14:55:00-04:00,2026-08-30T14:55:00-04:00,2026-08-30T04:03:16.099Z
2026-08-30T19:30:14.704412-04:00,2026-08-30,4c31b3ad-5dc9-437f-ac1a-0fdff36a2818,Mickey's Magical Friendship Faire,SHOW,OPERATING,2026-08-30T16:00:00-04:00,2026-08-30T16:00:00-04:00,2026-08-30T04:03:16.099Z
2026-08-30T19:30:14.704412-04:00,2026-08-30,d69261dc-62b8-434c-83bd-93649b43c408,Disney Starlight: Dream the Night Away,SHOW,CLOSED,,,2026-08-30T04:03:16.301Z
2026-08-30T19:30:14.704412-04:00,2026-08-30,9221e600-6715-4b4f-b39a-00c318c00e03,Destination DescenDANCE Party at Mickey’s Not-So-Scary Halloween Party,SHOW,OPERATING,2026-08-30T19:00:00-04:00,2026-08-31T00:00:00-04:00,2026-08-30T04:03:16.188Z
2026-08-30T19:30:14.704412-04:00,2026-08-30,22b78ed9-a692-47cb-b6a4-6d1224ff67e3,Happily Ever After,SHOW,CLOSED,,,2026-08-30T04:03:16.125Z
2026-08-30T19:30:14.704412-04:00,2026-08-30,5c00cd7c-b207-4d9d-9c8c-a8d418fc5425,Mickey’s Boo-To-You Halloween Parade at Mickey's Not-So-Scary Halloween Party,SHOW,OPERATING,2026-08-30T20:15:00-04:00,2026-08-30T20:15:00-04:00,2026-08-30T04:03:16.484Z
2026-08-30T19:30:14.704412-04:00,2026-08-30,5c00cd7c-b207-4d9d-9c8c-a8d418fc5425,Mickey’s Boo-To-You Halloween Parade at Mickey's Not-So-Scary Halloween Party,SHOW,OPERATING,2026-08-30T23:15:00-04:00,2026-08-30T23:15:00-04:00,2026-08-30T04:03:16.484Z
2026-08-30T19:30:14.704412-04:00,2026-08-30,05ca3e51-580b-44ca-8046-7d3e57a6d248,Disney’s Not-So-Spooky Spectacular at Mickey's Not-So-Scary Halloween Party,SHOW,OPERATING,2026-08-30T22:00:00-04:00,2026-08-30T22:00:00-04:00,2026-08-30T04:03:16.405Z
2026-08-30T19:30:14.704412-04:00,2026-08-30,b5d6d1d1-e960-4c8f-a8a4-b9748b386b64,Meet Dashing Disney Pals as Circus Stars at Pete's Silly Sideshow,SHOW,CLOSED,2026-08-30T10:00:00-04:00,2026-08-30T17:00:00-04:00,2026-08-30T21:00:49.116Z
2026-08-30T19:30:14.704412-04:00,2026-08-30,166f2985-7b27-4eff-a8b3-29c3448ba198,Meet Daring Disney Pals as Circus Stars at Pete's Silly Sideshow,SHOW,CLOSED,2026-08-30T10:00:00-04:00,2026-08-30T17:00:00-04:00,2026-08-30T21:00:49.156Z
2026-08-30T19:30:14.704412-04:00,2026-08-30,a74421f2-5de4-4425-bd06-8b4639b29826,Meet Festive Disney Pals at Mickey’s Not-So-Scary Halloween Party,SHOW,OPERATING,2026-08-30T19:00:00-04:00,2026-08-30T23:30:00-04:00,2026-08-30T23:13:53.355Z
2026-08-30T19:30:14.704412-04:00,2026-08-30,5564113f-25b4-4646-ac35-aacf983e2fd6,Meet Mickey Mouse and Minnie Mouse at Mickey's Not-So-Scary Halloween Party,SHOW,OPERATING,2026-08-30T19:00:00-04:00,2026-08-30T23:30:00-04:00,2026-08-30T23:12:49.845Z
2026-08-30T19:30:14.704412-04:00,2026-08-30,947edbee-85a5-4aa0-99f3-14c7de539542,Meet Jack Skellington and Sally at Mickey's Not-So-Scary Halloween Party,SHOW,OPERATING,2026-08-30T19:00:00-04:00,2026-08-30T23:30:00-04:00,2026-08-30T23:00:50.030Z
2026-08-30T19:30:14.704412-04:00,2026-08-30,1c708beb-41e1-43ae-8dd8-1e85075aeb38,Flag Retreat,SHOW,OPERATING,2026-08-30T17:00:00-04:00,2026-08-30T17:00:00-04:00,2026-08-30T04:03:16.419Z
2026-08-30T19:30:14.704412-04:00,2026-08-30,f819079e-644e-4fce-bda3-26b899ac7027,Disney Adventure Friends Cavalcade,SHOW,OPERATING,2026-08-30T11:05:00-04:00,2026-08-30T11:05:00-04:00,2026-08-30T04:03:16.223Z
2026-08-30T19:30:14.704412-04:00,2026-08-30,6d74b3d9-f977-4c9b-8114-93969b51b105,Hocus Pocus Villain Spelltacular,SHOW,OPERATING,2026-08-30T21:05:00-04:00,2026-08-30T21:05:00-04:00,2026-08-30T04:03:16.092Z
2026-08-30T19:30:14.704412-04:00,2026-08-30,6d74b3d9-f977-4c9b-8114-93969b51b105,Hocus Pocus Villain Spelltacular,SHOW,OPERATING,2026-08-30T22:35:00-04:00,2026-08-30T22:35:00-04:00,2026-08-30T04:03:16.092Z
2026-08-30T19:30:14.704412-04:00,2026-08-30,6d74b3d9-f977-4c9b-8114-93969b51b105,Hocus Pocus Villain Spelltacular,SHOW,OPERATING,2026-08-30T23:59:00-04:00,2026-08-30T23:59:00-04:00,2026-08-30T04:03:16.092Z
2026-08-30T19:30:14.704412-04:00,2026-08-30,e0cd6a94-6dbe-4f52-aaa8-b3d2fdf5f2f6,Jessie’s Roundup: A Rip-Roarin’ Revue!,SHOW,OPERATING,2026-08-30T09:30:00-04:00,2026-08-30T17:30:00-04:00,2026-08-30T04:03:16.362Z
2026-08-30T19:30:14.704412-04:00,2026-08-30,1eee22e8-1d0a-4809-a42b-df3ae55c69d5,The Dapper Dans,SHOW,OPERATING,2026-08-30T09:00:00-04:00,2026-08-30T09:00:00-04:00,2026-08-30T04:03:16.477Z
2026-08-30T19:30:14.704412-04:00,2026-08-30,1eee22e8-1d0a-4809-a42b-df3ae55c69d5,The Dapper Dans,SHOW,OPERATING,2026-08-30T09:50:00-04:00,2026-08-30T09:50:00-04:00,2026-08-30T04:03:16.477Z
2026-08-30T19:30:14.704412-04:00,2026-08-30,1eee22e8-1d0a-4809-a42b-df3ae55c69d5,The Dapper Dans,SHOW,OPERATING,2026-08-30T10:40:00-04:00,2026-08-30T10:40:00-04:00,2026-08-30T04:03:16.477Z
2026-08-30T19:30:14.704412-04:00,2026-08-30,1eee22e8-1d0a-4809-a42b-df3ae55c69d5,The Dapper Dans,SHOW,OPERATING,2026-08-30T12:05:00-04:00,2026-08-30T12:05:00-04:00,2026-08-30T04:03:16.477Z
2026-08-30T19:30:14.704412-04:00,2026-08-30,1eee22e8-1d0a-4809-a42b-df3ae55c69d5,The Dapper Dans,SHOW,OPERATING,2026-08-30T13:10:00-04:00,2026-08-30T13:10:00-04:00,2026-08-30T04:03:16.477Z
2026-08-30T19:30:14.704412-04:00,2026-08-30,1eee22e8-1d0a-4809-a42b-df3ae55c69d5,The Dapper Dans,SHOW,OPERATING,2026-08-30T14:55:00-04:00,2026-08-30T14:55:00-04:00,2026-08-30T04:03:16.477Z
2026-08-30T19:30:14.704412-04:00,2026-08-30,1eee22e8-1d0a-4809-a42b-df3ae55c69d5,The Dapper Dans,SHOW,OPERATING,2026-08-30T15:55:00-04:00,2026-08-30T15:55:00-04:00,2026-08-30T04:03:16.477Z
2026-08-30T19:30:14.704412-04:00,2026-08-30,012a211b-4c91-451c-8a0e-5e3ab398eda8,Meet Ariel at Her Grotto,SHOW,CLOSED,2026-08-30T09:30:00-04:00,2026-08-30T17:30:00-04:00,2026-08-30T21:30:49.195Z
2026-08-30T19:30:14.704412-04:00,2026-08-30,40737d3d-0ff6-4a9e-a050-beb87bf90120,Meet Cinderella and a Visiting Princess at Princess Fairytale Hall,SHOW,CLOSED,2026-08-30T09:00:00-04:00,2026-08-30T17:00:00-04:00,2026-08-30T21:00:49.146Z
2026-08-30T19:30:14.704412-04:00,2026-08-30,a0613b70-293f-4a5b-8169-357be1777c62,Casey's Corner Pianist,SHOW,OPERATING,2026-08-30T10:50:00-04:00,2026-08-30T10:50:00-04:00,2026-08-30T04:03:16.469Z
2026-08-30T19:30:14.704412-04:00,2026-08-30,a0613b70-293f-4a5b-8169-357be1777c62,Casey's Corner Pianist,SHOW,OPERATING,2026-08-30T12:00:00-04:00,2026-08-30T12:00:00-04:00,2026-08-30T04:03:16.469Z
2026-08-30T19:30:14.704412-04:00,2026-08-30,a0613b70-293f-4a5b-8169-357be1777c62,Casey's Corner Pianist,SHOW,OPERATING,2026-08-30T13:15:00-04:00,2026-08-30T13:15:00-04:00,2026-08-30T04:03:16.469Z
2026-08-30T19:30:14.704412-04:00,2026-08-30,a0613b70-293f-4a5b-8169-357be1777c62,Casey's Corner Pianist,SHOW,OPERATING,2026-08-30T14:35:00-04:00,2026-08-30T14:35:00-04:00,2026-08-30T04:03:16.469Z
2026-08-30T19:30:14.704412-04:00,2026-08-30,a0613b70-293f-4a5b-8169-357be1777c62,Casey's Corner Pianist,SHOW,OPERATING,2026-08-30T15:15:00-04:00,2026-08-30T15:15:00-04:00,2026-08-30T04:03:16.469Z
2026-08-30T19:30:14.704412-04:00,2026-08-30,a0613b70-293f-4a5b-8169-357be1777c62,Casey's Corner Pianist,SHOW,OPERATING,2026-08-30T16:35:00-04:00,2026-08-30T16:35:00-04:00,2026-08-30T04:03:16.469Z
2026-08-30T19:30:14.704412-04:00,2026-08-30,a0613b70-293f-4a5b-8169-357be1777c62,Casey's Corner Pianist,SHOW,OPERATING,2026-08-30T17:30:00-04:00,2026-08-30T17:30:00-04:00,2026-08-30T04:03:16.469Z
2026-08-30T19:30:14.704412-04:00,2026-08-30,a2d92647-634d-4eb4-886b-9da858e871f1,Meet Mickey at Town Square Theater,SHOW,CLOSED,2026-08-30T09:00:00-04:00,2026-08-30T17:30:00-04:00,2026-08-30T21:30:49.185Z
2026-08-30T19:30:14.704412-04:00,2026-08-30,cf4b2ba4-3626-4de7-9d07-abe8a65b1665,Meet Princess Tiana and a Visiting Princess at Princess Fairytale Hall,SHOW,CLOSED,2026-08-30T09:00:00-04:00,2026-08-30T17:00:00-04:00,2026-08-30T21:00:49.135Z
2026-09-01T16:30:15.527715-04:00,2026-09-01,a0613b70-293f-4a5b-8169-357be1777c62,Casey's Corner Pianist,SHOW,OPERATING,2026-09-01T10:50:00-04:00,2026-09-01T10:50:00-04:00,2026-09-01T04:00:50.241Z
2026-09-01T16:30:15.527715-04:00,2026-09-01,a0613b70-293f-4a5b-8169-357be1777c62,Casey's Corner Pianist,SHOW,OPERATING,2026-09-01T12:00:00-04:00,2026-09-01T12:00:00-04:00,2026-09-01T04:00:50.241Z
2026-09-01T16:30:15.527715-04:00,2026-09-01,a0613b70-293f-4a5b-8169-357be1777c62,Casey's Corner Pianist,SHOW,OPERATING,2026-09-01T13:15:00-04:00,2026-09-01T13:15:00-04:00,2026-09-01T04:00:50.241Z
2026-09-01T16:30:15.527715-04:00,2026-09-01,a0613b70-293f-4a5b-8169-357be1777c62,Casey's Corner Pianist,SHOW,OPERATING,2026-09-01T14:35:00-04:00,2026-09-01T14:35:00-04:00,2026-09-01T04:00:50.241Z
2026-09-01T16:30:15.527715-04:00,2026-09-01,a0613b70-293f-4a5b-8169-357be1777c62,Casey's Corner Pianist,SHOW,OPERATING,2026-09-01T15:15:00-04:00,2026-09-01T15:15:00-04:00,2026-09-01T04:00:50.241Z
2026-09-01T16:30:15.527715-04:00,2026-09-01,a0613b70-293f-4a5b-8169-357be1777c62,Casey's Corner Pianist,SHOW,OPERATING,2026-09-01T16:35:00-04:00,2026-09-01T16:35:00-04:00,2026-09-01T04:00:50.241Z
2026-09-01T16:30:15.527715-04:00,2026-09-01,a0613b70-293f-4a5b-8169-357be1777c62,Casey's Corner Pianist,SHOW,OPERATING,2026-09-01T17:30:00-04:00,2026-09-01T17:30:00-04:00,2026-09-01T04:00:50.241Z
2026-09-01T16:30:15.527715-04:00,2026-09-01,c1f39c15-7845-46b5-b6fd-2ae368a32a37,Captain Jack’s Buccaneer Bash at Mickey’s Not-So-Scary Halloween Party,SHOW,OPERATING,2026-09-01T19:00:00-04:00,2026-09-02T00:00:00-04:00,2026-09-01T04:00:50.151Z
2026-09-01T16:30:15.527715-04:00,2026-09-01,97c837c3-4a0f-4d52-b93c-074cf31d6f41,Stitch’s Masquerade Mashup at Mickey’s Not-So-Scary Halloween Party,SHOW,OPERATING,2026-09-01T19:00:00-04:00,2026-09-02T00:00:00-04:00,2026-09-01T04:00:50.160Z
2026-09-01T16:30:15.527715-04:00,2026-09-01,51392ca4-f824-42d8-8808-8110ec8e0e22,"Main Street Philharmonic at Main Street, U.S.A.",SHOW,OPERATING,2026-09-01T12:20:00-04:00,2026-09-01T12:20:00-04:00,2026-09-01T04:00:50.233Z
2026-09-01T16:30:15.527715-04:00,2026-09-01,51392ca4-f824-42d8-8808-8110ec8e0e22,"Main Street Philharmonic at Main Street, U.S.A.",SHOW,OPERATING,2026-09-01T13:35:00-04:00,2026-09-01T13:35:00-04:00,2026-09-01T04:00:50.233Z
2026-09-01T16:30:15.527715-04:00,2026-09-01,51392ca4-f824-42d8-8808-8110ec8e0e22,"Main Street Philharmonic at Main Street, U.S.A.",SHOW,OPERATING,2026-09-01T14:35:00-04:00,2026-09-01T14:35:00-04:00,2026-09-01T04:00:50.233Z
2026-09-01T16:30:15.527715-04:00,2026-09-01,51392ca4-f824-42d8-8808-8110ec8e0e22,"Main Street Philharmonic at Main Street, U.S.A.",SHOW,OPERATING,2026-09-01T15:35:00-04:00,2026-09-01T15:35:00-04:00,2026-09-01T04:00:50.233Z
2026-09-01T16:30:15.527715-04:00,2026-09-01,86c198b0-7c02-4354-814a-27ad70067d45,Disney Enchantment at Disney After Hours at Magic Kingdom,SHOW,CLOSED,,,2026-07-28T04:04:15.245Z
2026-09-01T16:30:15.527715-04:00,2026-09-01,92524eb7-4ee5-4eab-936c-2eb8e6eb0ecd,The Cadaver Dans Barbershop Quartet at Mickey's Not-So-Scary Halloween Party,SHOW,OPERATING,2026-09-01T19:00:00-04:00,2026-09-01T19:00:00-04:00,2026-09-01T04:00:49.818Z
2026-09-01T16:30:15.527715-04:00,2026-09-01,92524eb7-4ee5-4eab-936c-2eb8e6eb0ecd,The Cadaver Dans Barbershop Quartet at Mickey's Not-So-Scary Halloween Party,SHOW,OPERATING,2026-09-01T19:50:00-04:00,2026-09-01T19:50:00-04:00,2026-09-01T04:00:49.818Z
2026-09-01T16:30:15.527715-04:00,2026-09-01,92524eb7-4ee5-4eab-936c-2eb8e6eb0ecd,The Cadaver Dans Barbershop Quartet at Mickey's Not-So-Scary Halloween Party,SHOW,OPERATING,2026-09-01T20:45:00-04:00,2026-09-01T20:45:00-04:00,2026-09-01T04:00:49.818Z
2026-09-01T16:30:15.527715-04:00,2026-09-01,92524eb7-4ee5-4eab-936c-2eb8e6eb0ecd,The Cadaver Dans Barbershop Quartet at Mickey's Not-So-Scary Halloween Party,SHOW,OPERATING,2026-09-01T21:30:00-04:00,2026-09-01T21:30:00-04:00,2026-09-01T04:00:49.818Z
2026-09-01T16:30:15.527715-04:00,2026-09-01,92524eb7-4ee5-4eab-936c-2eb8e6eb0ecd,The Cadaver Dans Barbershop Quartet at Mickey's Not-So-Scary Halloween Party,SHOW,OPERATING,2026-09-01T22:50:00-04:00,2026-09-01T22:50:00-04:00,2026-09-01T04:00:49.818Z
2026-09-01T16:30:15.527715-04:00,2026-09-01,92524eb7-4ee5-4eab-936c-2eb8e6eb0ecd,The Cadaver Dans Barbershop Quartet at Mickey's Not-So-Scary Halloween Party,SHOW,OPERATING,2026-09-01T23:45:00-04:00,2026-09-01T23:45:00-04:00,2026-09-01T04:00:49.818Z
2026-09-01T16:30:15.527715-04:00,2026-09-01,ee56b2f3-fd49-4a29-ae1a-2d321549a633,Disney Festival of Fantasy Parade,SHOW,OPERATING,2026-09-01T14:00:00-04:00,2026-09-01T14:00:00-04:00,2026-09-01T04:00:49.826Z
2026-09-01T16:30:15.527715-04:00,2026-09-01,4c31b3ad-5dc9-437f-ac1a-0fdff36a2818,Mickey's Magical Friendship Faire,SHOW,OPERATING,2026-09-01T10:00:00-04:00,2026-09-01T10:00:00-04:00,2026-09-01T04:00:49.856Z
2026-09-01T16:30:15.527715-04:00,2026-09-01,4c31b3ad-5dc9-437f-ac1a-0fdff36a2818,Mickey's Magical Friendship Faire,SHOW,OPERATING,2026-09-01T11:35:00-04:00,2026-09-01T11:35:00-04:00,2026-09-01T04:00:49.856Z
2026-09-01T16:30:15.527715-04:00,2026-09-01,4c31b3ad-5dc9-437f-ac1a-0fdff36a2818,Mickey's Magical Friendship Faire,SHOW,OPERATING,2026-09-01T12:45:00-04:00,2026-09-01T12:45:00-04:00,2026-09-01T04:00:49.856Z
2026-09-01T16:30:15.527715-04:00,2026-09-01,4c31b3ad-5dc9-437f-ac1a-0fdff36a2818,Mickey's Magical Friendship Faire,SHOW,OPERATING,2026-09-01T14:55:00-04:00,2026-09-01T14:55:00-04:00,2026-09-01T04:00:49.856Z
2026-09-01T16:30:15.527715-04:00,2026-09-01,4c31b3ad-5dc9-437f-ac1a-0fdff36a2818,Mickey's Magical Friendship Faire,SHOW,OPERATING,2026-09-01T16:00:00-04:00,2026-09-01T16:00:00-04:00,2026-09-01T04:00:49.856Z
2026-09-01T16:30:15.527715-04:00,2026-09-01,d69261dc-62b8-434c-83bd-93649b43c408,Disney Starlight: Dream the Night Away,SHOW,CLOSED,,,2026-09-01T04:00:50.073Z
2026-09-01T16:30:15.527715-04:00,2026-09-01,9221e600-6715-4b4f-b39a-00c318c00e03,Destination DescenDANCE Party at Mickey’s Not-So-Scary Halloween Party,SHOW,OPERATING,2026-09-01T19:00:00-04:00,2026-09-02T00:00:00-04:00,2026-09-01T04:00:49.931Z
2026-09-01T16:30:15.527715-04:00,2026-09-01,22b78ed9-a692-47cb-b6a4-6d1224ff67e3,Happily Ever After,SHOW,CLOSED,,,2026-09-01T04:00:49.871Z
2026-09-01T16:30:15.527715-04:00,2026-09-01,5c00cd7c-b207-4d9d-9c8c-a8d418fc5425,Mickey’s Boo-To-You Halloween Parade at Mickey's Not-So-Scary Halloween Party,SHOW,OPERATING,2026-09-01T20:15:00-04:00,2026-09-01T20:15:00-04:00,2026-09-01T04:00:50.258Z
2026-09-01T16:30:15.527715-04:00,2026-09-01,5c00cd7c-b207-4d9d-9c8c-a8d418fc5425,Mickey’s Boo-To-You Halloween Parade at Mickey's Not-So-Scary Halloween Party,SHOW,OPERATING,2026-09-01T23:15:00-04:00,2026-09-01T23:15:00-04:00,2026-09-01T04:00:50.258Z
2026-09-01T16:30:15.527715-04:00,2026-09-01,05ca3e51-580b-44ca-8046-7d3e57a6d248,Disney’s Not-So-Spooky Spectacular at Mickey's Not-So-Scary Halloween Party,SHOW,OPERATING,2026-09-01T22:00:00-04:00,2026-09-01T22:00:00-04:00,2026-09-01T04:00:50.176Z
2026-09-01T16:30:15.527715-04:00,2026-09-01,166f2985-7b27-4eff-a8b3-29c3448ba198,Meet Daring Disney Pals as Circus Stars at Pete's Silly Sideshow,SHOW,OPERATING,2026-09-01T10:00:00-04:00,2026-09-01T17:00:00-04:00,2026-09-01T20:26:08.513Z
2026-09-01T16:30:15.527715-04:00,2026-09-01,b5d6d1d1-e960-4c8f-a8a4-b9748b386b64,Meet Dashing Disney Pals as Circus Stars at Pete's Silly Sideshow,SHOW,OPERATING,2026-09-01T10:00:00-04:00,2026-09-01T17:00:00-04:00,2026-09-01T19:04:08.588Z
2026-09-01T16:30:15.527715-04:00,2026-09-01,a74421f2-5de4-4425-bd06-8b4639b29826,Meet Festive Disney Pals at Mickey’s Not-So-Scary Halloween Party,SHOW,CLOSED,2026-09-01T19:00:00-04:00,2026-09-01T23:30:00-04:00,2026-09-01T13:30:30.323Z
2026-09-01T16:30:15.527715-04:00,2026-09-01,5564113f-25b4-4646-ac35-aacf983e2fd6,Meet Mickey Mouse and Minnie Mouse at Mickey's Not-So-Scary Halloween Party,SHOW,CLOSED,2026-09-01T19:00:00-04:00,2026-09-01T23:30:00-04:00,2026-09-01T13:30:30.305Z
2026-09-01T16:30:15.527715-04:00,2026-09-01,947edbee-85a5-4aa0-99f3-14c7de539542,Meet Jack Skellington and Sally at Mickey's Not-So-Scary Halloween Party,SHOW,CLOSED,2026-09-01T19:00:00-04:00,2026-09-01T23:30:00-04:00,2026-09-01T13:30:30.240Z
2026-09-01T16:30:15.527715-04:00,2026-09-01,1c708beb-41e1-43ae-8dd8-1e85075aeb38,Flag Retreat,SHOW,OPERATING,2026-09-01T17:00:00-04:00,2026-09-01T17:00:00-04:00,2026-09-01T04:00:50.184Z
2026-09-01T16:30:15.527715-04:00,2026-09-01,f819079e-644e-4fce-bda3-26b899ac7027,Disney Adventure Friends Cavalcade,SHOW,OPERATING,2026-09-01T11:05:00-04:00,2026-09-01T11:05:00-04:00,2026-09-01T04:00:49.969Z
2026-09-01T16:30:15.527715-04:00,2026-09-01,6d74b3d9-f977-4c9b-8114-93969b51b105,Hocus Pocus Villain Spelltacular,SHOW,OPERATING,2026-09-01T21:05:00-04:00,2026-09-01T21:05:00-04:00,2026-09-01T04:00:49.849Z
2026-09-01T16:30:15.527715-04:00,2026-09-01,6d74b3d9-f977-4c9b-8114-93969b51b105,Hocus Pocus Villain Spelltacular,SHOW,OPERATING,2026-09-01T22:35:00-04:00,2026-09-01T22:35:00-04:00,2026-09-01T04:00:49.849Z
2026-09-01T16:30:15.527715-04:00,2026-09-01,6d74b3d9-f977-4c9b-8114-93969b51b105,Hocus Pocus Villain Spelltacular,SHOW,OPERATING,2026-09-01T23:59:00-04:00,2026-09-01T23:59:00-04:00,2026-09-01T04:00:49.849Z
2026-09-01T16:30:15.527715-04:00,2026-09-01,e0cd6a94-6dbe-4f52-aaa8-b3d2fdf5f2f6,Jessie’s Roundup: A Rip-Roarin’ Revue!,SHOW,OPERATING,2026-09-01T09:30:00-04:00,2026-09-01T17:30:00-04:00,2026-09-01T04:00:50.137Z
2026-09-01T16:30:15.527715-04:00,2026-09-01,1eee22e8-1d0a-4809-a42b-df3ae55c69d5,The Dapper Dans,SHOW,OPERATING,2026-09-01T09:00:00-04:00,2026-09-01T09:00:00-04:00,2026-09-01T04:00:50.250Z
2026-09-01T16:30:15.527715-04:00,2026-09-01,1eee22e8-1d0a-4809-a42b-df3ae55c69d5,The Dapper Dans,SHOW,OPERATING,2026-09-01T09:50:00-04:00,2026-09-01T09:50:00-04:00,2026-09-01T04:00:50.250Z
2026-09-01T16:30:15.527715-04:00,2026-09-01,1eee22e8-1d0a-4809-a42b-df3ae55c69d5,The Dapper Dans,SHOW,OPERATING,2026-09-01T10:40:00-04:00,2026-09-01T10:40:00-04:00,2026-09-01T04:00:50.250Z
2026-09-01T16:30:15.527715-04:00,2026-09-01,1eee22e8-1d0a-4809-a42b-df3ae55c69d5,The Dapper Dans,SHOW,OPERATING,2026-09-01T12:05:00-04:00,2026-09-01T12:05:00-04:00,2026-09-01T04:00:50.250Z
2026-09-01T16:30:15.527715-04:00,2026-09-01,1eee22e8-1d0a-4809-a42b-df3ae55c69d5,The Dapper Dans,SHOW,OPERATING,2026-09-01T13:10:00-04:00,2026-09-01T13:10:00-04:00,2026-09-01T04:00:50.250Z
2026-09-01T16:30:15.527715-04:00,2026-09-01,1eee22e8-1d0a-4809-a42b-df3ae55c69d5,The Dapper Dans,SHOW,OPERATING,2026-09-01T14:55:00-04:00,2026-09-01T14:55:00-04:00,2026-09-01T04:00:50.250Z
2026-09-01T16:30:15.527715-04:00,2026-09-01,1eee22e8-1d0a-4809-a42b-df3ae55c69d5,The Dapper Dans,SHOW,OPERATING,2026-09-01T15:55:00-04:00,2026-09-01T15:55:00-04:00,2026-09-01T04:00:50.250Z
2026-09-01T16:30:15.527715-04:00,2026-09-01,012a211b-4c91-451c-8a0e-5e3ab398eda8,Meet Ariel at Her Grotto,SHOW,OPERATING,2026-09-01T09:30:00-04:00,2026-09-01T17:30:00-04:00,2026-09-01T19:22:09.521Z
2026-09-01T16:30:15.527715-04:00,2026-09-01,40737d3d-0ff6-4a9e-a050-beb87bf90120,Meet Cinderella and a Visiting Princess at Princess Fairytale Hall,SHOW,OPERATING,2026-09-01T09:00:00-04:00,2026-09-01T17:00:00-04:00,2026-09-01T20:09:16.081Z
2026-09-01T16:30:15.527715-04:00,2026-09-01,a2d92647-634d-4eb4-886b-9da858e871f1,Meet Mickey at Town Square Theater,SHOW,OPERATING,2026-09-01T09:00:00-04:00,2026-09-01T17:30:00-04:00,2026-09-01T20:14:09.215Z
2026-09-01T16:30:15.527715-04:00,2026-09-01,cf4b2ba4-3626-4de7-9d07-abe8a65b1665,Meet Princess Tiana and a Visiting Princess at Princess Fairytale Hall,SHOW,OPERATING,2026-09-01T09:00:00-04:00,2026-09-01T17:00:00-04:00,2026-09-01T19:48:15.662Z
